{
    "All Tokens Attending Very Rare Document Tokens": -0.56341642228739,
    "Document Tokens Attending Very Rare Document Tokens": -0.56341642228739,
    "Very Rare Document Tokens Attending Very Rare Document Tokens": -0.5513196480938416,
    "Very Rare Tokens Attending Very Rare Document Tokens": -0.5513196480938416,
    "Rare Document Tokens Attending Very Rare Document Tokens": -0.5476539589442815,
    "Rare Tokens Attending Very Rare Document Tokens": -0.5476539589442815,
    "Very Rare Tokens Attending Rare Document Tokens": -0.5469208211143693,
    "Very Rare Document Tokens Attending Rare Document Tokens": -0.5469208211143693,
    "Rare Document Tokens Attending Very Rare Tokens": -0.5384897360703812,
    "Rare Tokens Attending Rare Document Tokens": -0.533724340175953,
    "Rare Document Tokens Attending Rare Document Tokens": -0.533724340175953,
    "Very Rare Document Tokens Attending Very Rare Tokens": -0.532991202346041,
    "Document Tokens Attending Rare Document Tokens": -0.531891495601173,
    "All Tokens Attending Rare Document Tokens": -0.531891495601173,
    "Very Rare Tokens Attending Very Rare Tokens": -0.5197947214076246,
    "Very Rare Document Tokens Attending Rare Tokens": -0.5073313782991201,
    "Rare Tokens Attending Very Rare Tokens": -0.5047653958944281,
    "Document Tokens Attending Very Rare Tokens": -0.499633431085044,
    "Rare Document Tokens Attending Rare Tokens": -0.499266862170088,
    "Very Rare Tokens Attending Rare Tokens": -0.4908357771260997,
    "All Tokens Attending Very Rare Tokens": -0.4886363636363636,
    "Rare Tokens Attending Rare Tokens": -0.48093841642228735,
    "Document Tokens Attending Rare Tokens": -0.4754398826979472,
    "All Tokens Attending Rare Tokens": -0.46774193548387083,
    "Very Rare Document Tokens Attending Synonymous Tokens": -0.4556451612903225,
    "Very Rare Document Tokens Attending Rare Synonymous Tokens": -0.4464809384164222,
    "Rare Document Tokens Attending Very Rare Synonymous Tokens": -0.43841642228739,
    "Document Tokens Attending Very Rare Synonymous Tokens": -0.43841642228739,
    "Rare Document Tokens Attending Synonymous Tokens": -0.4226539589442815,
    "Document Tokens Attending Rare Synonymous Tokens": -0.4219208211143694,
    "Rare Tokens Attending Synonymous Document Tokens": -0.4131231671554252,
    "Rare Document Tokens Attending Synonymous Document Tokens": -0.4131231671554252,
    "Very Rare Document Tokens Attending Synonymous Document Tokens": -0.4127565982404692,
    "Very Rare Tokens Attending Synonymous Document Tokens": -0.4127565982404692,
    "Rare Document Tokens Attending Rare Synonymous Tokens": -0.40762463343108496,
    "Document Tokens Attending Rare Synonymous Document Tokens": -0.40615835777126097,
    "All Tokens Attending Rare Synonymous Document Tokens": -0.40615835777126097,
    "Rare Document Tokens Attending Rare Synonymous Document Tokens": -0.405425219941349,
    "Rare Tokens Attending Rare Synonymous Document Tokens": -0.405425219941349,
    "Document Tokens Attending Synonymous Tokens": -0.3999266862170088,
    "All Tokens Attending Synonymous Document Tokens": -0.3995601173020528,
    "Document Tokens Attending Synonymous Document Tokens": -0.3995601173020528,
    "Very Rare Document Tokens Attending Rare Synonymous Document Tokens": -0.3973607038123167,
    "Very Rare Tokens Attending Rare Synonymous Document Tokens": -0.3973607038123167,
    "Document Tokens Attending Very Rare Synonymous Document Tokens": -0.3903958944281524,
    "All Tokens Attending Very Rare Synonymous Document Tokens": -0.3903958944281524,
    "Rare Tokens Attending Very Rare Synonymous Document Tokens": -0.38269794721407624,
    "Rare Document Tokens Attending Very Rare Synonymous Document Tokens": -0.38269794721407624,
    "Very Rare Document Tokens Attending Very Rare Synonymous Document Tokens": -0.375,
    "Very Rare Tokens Attending Very Rare Synonymous Document Tokens": -0.375,
    "All Tokens Attending Synonymous Tokens": -0.36950146627565983,
    "Very Rare Document Tokens Attending Very Rare Synonymous Tokens": -0.3665689149560117,
    "Very Rare Tokens Attending Synonymous Tokens": -0.3640029325513196,
    "Very Rare Tokens Attending Rare Synonymous Tokens": -0.3640029325513196,
    "Rare Tokens Attending Synonymous Tokens": -0.35850439882697943,
    "All Tokens Attending Rare Synonymous Tokens": -0.35630498533724336,
    "Rare Tokens Attending Rare Synonymous Tokens": -0.35153958944281516,
    "All Tokens Attending Very Rare Synonymous Tokens": -0.32954545454545453,
    "Very Rare Document Tokens Attending Matching Word Tokens": -0.3247800586510263,
    "Very Rare Document Tokens Attending Very Rare Matching Word Tokens": -0.3247800586510263,
    "Very Rare Document Tokens Attending Rare Matching Word Tokens": -0.3247800586510263,
    "Rare Tokens Attending Very Rare Synonymous Tokens": -0.3247800586510263,
    "Rare Document Tokens Attending Very Rare Matching Word Tokens": -0.3247800586510263,
    "Document Tokens Attending Very Rare Matching Word Tokens": -0.3247800586510263,
    "Very Rare Tokens Attending Query Tokens": -0.3181818181818181,
    "Very Rare Tokens Attending Very Rare Synonymous Tokens": -0.3174486803519061,
    "Very Rare Tokens Attending Rare Query Tokens": -0.3027859237536657,
    "Rare Tokens Attending Query Tokens": -0.3024193548387097,
    "Rare Tokens Attending Rare Query Tokens": -0.30021994134897356,
    "Rare Document Tokens Attending Matching Word Tokens": -0.29912023460410553,
    "Rare Document Tokens Attending Rare Matching Word Tokens": -0.29912023460410553,
    "Document Tokens Attending Rare Matching Word Tokens": -0.29912023460410553,
    "All Tokens Attending Document Tokens": 0.29838709677419356,
    "Rare Tokens Attending Document Tokens": 0.29838709677419356,
    "Rare Document Tokens Attending Document Tokens": 0.29838709677419356,
    "All Tokens Attending Query Tokens": -0.29838709677419356,
    "Document Tokens Attending Document Tokens": 0.29838709677419356,
    "Rare Tokens Attending Rare Matching Word Document Tokens": -0.2958211143695014,
    "Rare Document Tokens Attending Matching Word Document Tokens": -0.2958211143695014,
    "Rare Document Tokens Attending Rare Matching Word Document Tokens": -0.2958211143695014,
    "Document Tokens Attending Rare Matching Word Document Tokens": -0.2958211143695014,
    "Rare Tokens Attending Matching Word Document Tokens": -0.2958211143695014,
    "All Tokens Attending Rare Matching Word Document Tokens": -0.2958211143695014,
    "Document Tokens Attending Query Tokens": -0.29398826979472137,
    "Very Rare Tokens Attending Very Rare Query Tokens": -0.2925219941348973,
    "Rare Tokens Attending Very Rare Query Tokens": -0.28958944281524923,
    "Very Rare Document Tokens Attending Query Tokens": -0.2877565982404692,
    "Document Tokens Attending Rare Query Tokens": -0.28629032258064513,
    "All Tokens Attending Rare Query Tokens": -0.28335777126099704,
    "Rare Document Tokens Attending Query Tokens": -0.28115835777126097,
    "Rare Document Tokens Attending Rare Query Tokens": -0.2807917888563049,
    "Very Rare Tokens Attending Matching Word Document Tokens": -0.2789589442815249,
    "Rare Document Tokens Attending Very Rare Matching Word Document Tokens": -0.2789589442815249,
    "Very Rare Document Tokens Attending Matching Word Document Tokens": -0.2789589442815249,