{
    "All Tokens Attending Very Rare Document Tokens": -0.5117302052785924,
    "Document Tokens Attending Very Rare Document Tokens": -0.5117302052785924,
    "Very Rare Document Tokens Attending Very Rare Document Tokens": -0.5091642228739003,
    "Very Rare Tokens Attending Very Rare Document Tokens": -0.5091642228739003,
    "Rare Document Tokens Attending Very Rare Document Tokens": -0.5,
    "Rare Tokens Attending Very Rare Document Tokens": -0.5,
    "Very Rare Tokens Attending Rare Document Tokens": -0.48753665689149556,
    "Very Rare Document Tokens Attending Rare Document Tokens": -0.48753665689149556,
    "Rare Document Tokens Attending Very Rare Tokens": -0.4798387096774193,
    "Rare Tokens Attending Rare Document Tokens": -0.47727272727272724,
    "Rare Document Tokens Attending Rare Document Tokens": -0.47727272727272724,
    "Very Rare Document Tokens Attending Very Rare Tokens": -0.4758064516129032,
    "Document Tokens Attending Rare Document Tokens": -0.47177419354838707,
    "All Tokens Attending Rare Document Tokens": -0.47177419354838707,
    "Very Rare Tokens Attending Very Rare Tokens": -0.46517595307917886,
    "Rare Tokens Attending Very Rare Tokens": -0.44464809384164217,
    "Document Tokens Attending Very Rare Tokens": -0.44428152492668616,
    "Very Rare Document Tokens Attending Rare Tokens": -0.44134897360703806,
    "Rare Document Tokens Attending Rare Tokens": -0.4336510263929618,
    "All Tokens Attending Very Rare Tokens": -0.4321847507331378,
    "Very Rare Document Tokens Attending Synonymous Tokens": -0.4299853372434017,
    "Very Rare Tokens Attending Rare Tokens": -0.4233870967741935,
    "Very Rare Document Tokens Attending Rare Synonymous Tokens": -0.4204545454545454,
    "Rare Tokens Attending Rare Tokens": -0.41568914956011727,
    "Rare Document Tokens Attending Very Rare Synonymous Tokens": -0.41532258064516125,
    "Document Tokens Attending Very Rare Synonymous Tokens": -0.41532258064516125,
    "Document Tokens Attending Rare Tokens": -0.407258064516129,
    "Very Rare Document Tokens Attending Synonymous Document Tokens": -0.3991935483870967,
    "Very Rare Tokens Attending Synonymous Document Tokens": -0.3991935483870967,
    "Document Tokens Attending Rare Synonymous Tokens": -0.3988269794721407,
    "All Tokens Attending Rare Tokens": -0.3980938416422287,
    "Rare Document Tokens Attending Synonymous Tokens": -0.3980938416422287,
    "Rare Tokens Attending Synonymous Document Tokens": -0.3969941348973607,
    "Rare Document Tokens Attending Synonymous Document Tokens": -0.3969941348973607,
    "Rare Document Tokens Attending Rare Synonymous Document Tokens": -0.39076246334310843,
    "Rare Tokens Attending Rare Synonymous Document Tokens": -0.39076246334310843,
    "Document Tokens Attending Rare Synonymous Document Tokens": -0.3903958944281524,
    "All Tokens Attending Rare Synonymous Document Tokens": -0.3903958944281524,
    "Rare Document Tokens Attending Rare Synonymous Tokens": -0.38453079178885624,
    "All Tokens Attending Synonymous Document Tokens": -0.38416422287390023,
    "Document Tokens Attending Synonymous Document Tokens": -0.38416422287390023,
    "Very Rare Document Tokens Attending Rare Synonymous Document Tokens": -0.3837976539589442,
    "Very Rare Tokens Attending Rare Synonymous Document Tokens": -0.3837976539589442,
    "Document Tokens Attending Very Rare Synonymous Document Tokens": -0.37866568914956006,
    "All Tokens Attending Very Rare Synonymous Document Tokens": -0.37866568914956006,
    "Document Tokens Attending Synonymous Tokens": -0.37719941348973607,
    "Rare Tokens Attending Very Rare Synonymous Document Tokens": -0.3698680351906158,
    "Rare Document Tokens Attending Very Rare Synonymous Document Tokens": -0.3698680351906158,
    "Very Rare Document Tokens Attending Very Rare Synonymous Document Tokens": -0.3636363636363636,
    "Very Rare Tokens Attending Very Rare Synonymous Document Tokens": -0.3636363636363636,
    "All Tokens Attending Synonymous Tokens": -0.3508064516129032,
    "Very Rare Document Tokens Attending Very Rare Synonymous Tokens": -0.34640762463343105,
    "Very Rare Tokens Attending Synonymous Tokens": -0.3409090909090909,
    "Very Rare Tokens Attending Rare Synonymous Tokens": -0.3409090909090909,
    "Rare Tokens Attending Synonymous Tokens": -0.3354105571847507,
    "All Tokens Attending Rare Synonymous Tokens": -0.3343108504398827,
    "Rare Tokens Attending Rare Synonymous Tokens": -0.32991202346041054,
    "Very Rare Document Tokens Attending Matching Word Tokens": -0.31524926686217003,
    "Very Rare Document Tokens Attending Very Rare Matching Word Tokens": -0.31524926686217003,
    "Very Rare Document Tokens Attending Rare Matching Word Tokens": -0.31524926686217003,
    "Rare Document Tokens Attending Very Rare Matching Word Tokens": -0.31524926686217003,
    "Document Tokens Attending Very Rare Matching Word Tokens": -0.31524926686217003,
    "All Tokens Attending Very Rare Synonymous Tokens": -0.31231671554252194,
    "Rare Tokens Attending Very Rare Synonymous Tokens": -0.30608504398826974,
    "Very Rare Tokens Attending Very Rare Synonymous Tokens": -0.30315249266862165,
    "Rare Tokens Attending Rare Matching Word Document Tokens": -0.29325513196480935,
    "Rare Document Tokens Attending Matching Word Document Tokens": -0.29325513196480935,
    "Rare Document Tokens Attending Rare Matching Word Document Tokens": -0.29325513196480935,
    "Document Tokens Attending Rare Matching Word Document Tokens": -0.29325513196480935,
    "Rare Tokens Attending Matching Word Document Tokens": -0.29325513196480935,
    "All Tokens Attending Rare Matching Word Document Tokens": -0.29325513196480935,
    "Rare Document Tokens Attending Matching Word Tokens": -0.2888563049853372,
    "Rare Document Tokens Attending Rare Matching Word Tokens": -0.2888563049853372,
    "Document Tokens Attending Rare Matching Word Tokens": -0.2888563049853372,
    "Very Rare Tokens Attending Matching Word Document Tokens": -0.2694281524926686,
    "Rare Document Tokens Attending Very Rare Matching Word Document Tokens": -0.2694281524926686,
    "Very Rare Document Tokens Attending Matching Word Document Tokens": -0.2694281524926686,
    "All Tokens Attending Very Rare Matching Word Document Tokens": -0.2694281524926686,
    "Very Rare Tokens Attending Very Rare Matching Word Document Tokens": -0.2694281524926686,
    "Very Rare Document Tokens Attending Very Rare Matching Word Document Tokens": -0.2694281524926686,
    "Very Rare Document Tokens Attending Rare Matching Word Document Tokens": -0.2694281524926686,
    "Rare Tokens Attending Very Rare Matching Word Document Tokens": -0.2694281524926686,
    "Very Rare Tokens Attending Rare Matching Word Document Tokens": -0.2694281524926686,
    "Document Tokens Attending Very Rare Matching Word Document Tokens": -0.2694281524926686,
    "Rare Tokens Attending Rare Matching Word Tokens": -0.2591642228739003,
    "Rare Tokens Attending Matching Word Tokens": -0.2591642228739003,
    "All Tokens Attending Rare Matching Word Tokens": -0.2591642228739003,
    "Document Tokens Attending Matching Word Document Tokens": -0.2452346041055718,
    "All Tokens Attending Matching Word Document Tokens": -0.2452346041055718,
    "Very Rare Tokens Attending Query Tokens": -0.2382697947214076,
    "All Tokens Attending Very Rare Matching Word Tokens": -0.23680351906158356,
    "Very Rare Tokens Attending Rare Matching Word Tokens": -0.23680351906158356,
    "Very Rare Tokens Attending Matching Word Tokens": -0.23680351906158356,
    "Very Rare Tokens Attending Very Rare Matching Word Tokens": -0.23680351906158356,
    "Rare Tokens Attending Very Rare Matching Word Tokens": -0.23680351906158356,