{
    "All Tokens Attending Very Rare Document Tokens": -0.5465542521994133,
    "Document Tokens Attending Very Rare Document Tokens": -0.5465542521994133,
    "Very Rare Tokens Attending Rare Document Tokens": -0.531891495601173,
    "Very Rare Document Tokens Attending Rare Document Tokens": -0.531891495601173,
    "Rare Document Tokens Attending Very Rare Document Tokens": -0.5293255131964809,
    "Rare Tokens Attending Very Rare Document Tokens": -0.5293255131964809,
    "Very Rare Document Tokens Attending Very Rare Document Tokens": -0.5285923753665689,
    "Very Rare Tokens Attending Very Rare Document Tokens": -0.5285923753665689,
    "Rare Document Tokens Attending Very Rare Tokens": -0.5241935483870968,
    "Document Tokens Attending Rare Document Tokens": -0.5179618768328446,
    "All Tokens Attending Rare Document Tokens": -0.5179618768328446,
    "Very Rare Document Tokens Attending Very Rare Tokens": -0.5146627565982405,
    "Rare Tokens Attending Rare Document Tokens": -0.5135630498533724,
    "Rare Document Tokens Attending Rare Document Tokens": -0.5135630498533724,
    "Very Rare Tokens Attending Very Rare Tokens": -0.5025659824046921,
    "Very Rare Document Tokens Attending Rare Tokens": -0.4930351906158357,
    "Rare Tokens Attending Very Rare Tokens": -0.49193548387096764,
    "Document Tokens Attending Very Rare Tokens": -0.48680351906158353,
    "Rare Document Tokens Attending Rare Tokens": -0.48350439882697943,
    "Very Rare Tokens Attending Rare Tokens": -0.47727272727272724,
    "All Tokens Attending Very Rare Tokens": -0.47727272727272724,
    "Rare Tokens Attending Rare Tokens": -0.469941348973607,
    "Document Tokens Attending Rare Tokens": -0.4662756598240469,
    "All Tokens Attending Rare Tokens": -0.4571114369501466,
    "Very Rare Document Tokens Attending Synonymous Tokens": -0.4248533724340175,
    "Very Rare Document Tokens Attending Rare Synonymous Tokens": -0.4138563049853372,
    "Rare Document Tokens Attending Very Rare Synonymous Tokens": -0.4050586510263929,
    "Document Tokens Attending Very Rare Synonymous Tokens": -0.4050586510263929,
    "Rare Document Tokens Attending Synonymous Tokens": -0.3892961876832844,
    "Document Tokens Attending Rare Synonymous Tokens": -0.38892961876832843,
    "Rare Tokens Attending Synonymous Document Tokens": -0.38196480938416416,
    "Rare Document Tokens Attending Synonymous Document Tokens": -0.38196480938416416,
    "Very Rare Document Tokens Attending Synonymous Document Tokens": -0.3782991202346041,
    "Very Rare Tokens Attending Synonymous Document Tokens": -0.3782991202346041,
    "Rare Document Tokens Attending Rare Synonymous Tokens": -0.375366568914956,
    "Document Tokens Attending Rare Synonymous Document Tokens": -0.375,
    "All Tokens Attending Rare Synonymous Document Tokens": -0.375,
    "Rare Document Tokens Attending Rare Synonymous Document Tokens": -0.374633431085044,
    "Rare Tokens Attending Rare Synonymous Document Tokens": -0.374633431085044,
    "All Tokens Attending Synonymous Document Tokens": -0.3691348973607038,
    "Document Tokens Attending Synonymous Document Tokens": -0.3691348973607038,
    "Document Tokens Attending Synonymous Tokens": -0.3676686217008797,
    "Very Rare Document Tokens Attending Rare Synonymous Document Tokens": -0.36290322580645157,
    "Very Rare Tokens Attending Rare Synonymous Document Tokens": -0.36290322580645157,
    "Document Tokens Attending Very Rare Synonymous Document Tokens": -0.3541055718475073,
    "All Tokens Attending Very Rare Synonymous Document Tokens": -0.3541055718475073,
    "Rare Tokens Attending Very Rare Synonymous Document Tokens": -0.34677419354838707,
    "Rare Document Tokens Attending Very Rare Synonymous Document Tokens": -0.34677419354838707,
    "Very Rare Document Tokens Attending Very Rare Synonymous Document Tokens": -0.33944281524926684,
    "Very Rare Tokens Attending Very Rare Synonymous Document Tokens": -0.33944281524926684,
    "All Tokens Attending Synonymous Tokens": -0.3390762463343108,
    "Very Rare Tokens Attending Query Tokens": -0.3379765395894428,
    "Very Rare Tokens Attending Synonymous Tokens": -0.3357771260997067,
    "Very Rare Tokens Attending Rare Synonymous Tokens": -0.3357771260997067,
    "Rare Tokens Attending Document Tokens": 0.3343108504398827,
    "Rare Document Tokens Attending Document Tokens": 0.3343108504398827,
    "Very Rare Document Tokens Attending Very Rare Synonymous Tokens": -0.33357771260997066,
    "Rare Tokens Attending Query Tokens": -0.3288123167155425,
    "Rare Tokens Attending Synonymous Tokens": -0.32661290322580644,
    "All Tokens Attending Document Tokens": 0.3247800586510263,
    "All Tokens Attending Query Tokens": -0.3247800586510263,
    "Document Tokens Attending Document Tokens": 0.3247800586510263,
    "All Tokens Attending Rare Synonymous Tokens": -0.32368035190615835,
    "Document Tokens Attending Query Tokens": -0.3192815249266862,
    "Rare Tokens Attending Rare Synonymous Tokens": -0.3192815249266862,
    "Very Rare Tokens Attending Rare Query Tokens": -0.31561583577712604,
    "Rare Tokens Attending Rare Query Tokens": -0.314149560117302,
    "Very Rare Document Tokens Attending Query Tokens": -0.30681818181818177,
    "Very Rare Document Tokens Attending Document Tokens": 0.3049853372434017,
    "Rare Document Tokens Attending Query Tokens": -0.3049853372434017,
    "Very Rare Tokens Attending Document Tokens": 0.3049853372434017,
    "Rare Tokens Attending Very Rare Query Tokens": -0.30461876832844575,
    "Rare Document Tokens Attending Rare Query Tokens": -0.30315249266862165,
    "Very Rare Tokens Attending Very Rare Query Tokens": -0.30095307917888564,
    "All Tokens Attending Very Rare Synonymous Tokens": -0.30021994134897356,
    "Document Tokens Attending Rare Query Tokens": -0.29618768328445744,
    "Rare Tokens Attending Very Rare Synonymous Tokens": -0.29545454545454547,
    "All Tokens Attending Rare Query Tokens": -0.29508797653958946,
    "Very Rare Document Tokens Attending Matching Word Tokens": -0.29288856304985333,
    "Very Rare Document Tokens Attending Very Rare Matching Word Tokens": -0.29288856304985333,
    "Very Rare Document Tokens Attending Rare Matching Word Tokens": -0.29288856304985333,
    "Rare Document Tokens Attending Very Rare Matching Word Tokens": -0.29288856304985333,
    "Document Tokens Attending Very Rare Matching Word Tokens": -0.29288856304985333,
    "Rare Document Tokens Attending Very Rare Query Tokens": -0.2914222873900293,
    "Very Rare Document Tokens Attending Rare Query Tokens": -0.29068914956011727,
    "Very Rare Tokens Attending Very Rare Synonymous Tokens": -0.28665689149560114,
    "Very Rare Document Tokens Attending Rare Matching Word Query Tokens": -0.282624633431085,
    "Very Rare Document Tokens Attending Matching Word Query Tokens": -0.282624633431085,
    "Very Rare Document Tokens Attending Very Rare Matching Word Query Tokens": -0.282624633431085,
    "Document Tokens Attending Very Rare Matching Word Query Tokens": -0.282624633431085,
    "Rare Document Tokens Attending Very Rare Matching Word Query Tokens": -0.282624633431085,
    "Very Rare Document Tokens Attending Very Rare Query Tokens": -0.2796920821114369,
    "Rare Document Tokens Attending Matching Word Tokens": -0.26429618768328444,
    "Rare Document Tokens Attending Rare Matching Word Tokens": -0.26429618768328444,
    "Document Tokens Attending Rare Matching Word Tokens": -0.26429618768328444,
    "Rare Tokens Attending Rare Matching Word Document Tokens": -0.26063049853372433,
    "Rare Document Tokens Attending Matching Word Document Tokens": -0.26063049853372433,
    "Rare Document Tokens Attending Rare Matching Word Document Tokens": -0.26063049853372433,
    "Document Tokens Attending Rare Matching Word Document Tokens": -0.26063049853372433,
    "Rare Tokens Attending Matching Word Document Tokens": -0.26063049853372433,