{
    "All Tokens Attending Very Rare Document Tokens": -0.48057184750733134,
    "Document Tokens Attending Very Rare Document Tokens": -0.48057184750733134,
    "Rare Document Tokens Attending Very Rare Tokens": -0.4728739002932551,
    "Very Rare Tokens Attending Rare Document Tokens": -0.47177419354838707,
    "Very Rare Document Tokens Attending Rare Document Tokens": -0.47177419354838707,
    "Document Tokens Attending Rare Document Tokens": -0.4633431085043988,
    "All Tokens Attending Rare Document Tokens": -0.4633431085043988,
    "Rare Document Tokens Attending Very Rare Document Tokens": -0.45784457478005863,
    "Rare Tokens Attending Very Rare Document Tokens": -0.45784457478005863,
    "Rare Tokens Attending Rare Document Tokens": -0.4494134897360703,
    "Rare Document Tokens Attending Rare Document Tokens": -0.4494134897360703,
    "Very Rare Document Tokens Attending Very Rare Tokens": -0.44868035190615835,
    "Very Rare Document Tokens Attending Very Rare Document Tokens": -0.44134897360703806,
    "Very Rare Tokens Attending Very Rare Document Tokens": -0.44134897360703806,
    "Very Rare Document Tokens Attending Rare Tokens": -0.4395161290322581,
    "Rare Tokens Attending Very Rare Tokens": -0.4329178885630498,
    "Document Tokens Attending Very Rare Tokens": -0.4321847507331378,
    "Rare Document Tokens Attending Rare Tokens": -0.43145161290322576,
    "Very Rare Tokens Attending Very Rare Tokens": -0.42851906158357767,
    "Very Rare Tokens Attending Rare Tokens": -0.4266862170087976,
    "All Tokens Attending Very Rare Tokens": -0.4226539589442815,
    "Rare Tokens Attending Rare Tokens": -0.4222873900293254,
    "Document Tokens Attending Rare Tokens": -0.4219208211143694,
    "All Tokens Attending Rare Tokens": -0.4167888563049853,
    "Rare Tokens Attending Document Tokens": 0.3676686217008797,
    "Rare Document Tokens Attending Document Tokens": 0.3676686217008797,
    "Rare Document Tokens Attending Query Tokens": -0.36253665689149556,
    "Very Rare Tokens Attending Query Tokens": -0.36180351906158353,
    "Document Tokens Attending Query Tokens": -0.3607038123167155,
    "Rare Tokens Attending Query Tokens": -0.3599706744868035,
    "All Tokens Attending Document Tokens": 0.3504398826979471,
    "All Tokens Attending Query Tokens": -0.3504398826979471,
    "Document Tokens Attending Document Tokens": 0.3504398826979471,
    "Very Rare Document Tokens Attending Query Tokens": -0.34970674486803516,
    "Rare Document Tokens Attending Rare Query Tokens": -0.34860703812316707,
    "Very Rare Tokens Attending Rare Query Tokens": -0.34750733137829903,
    "Rare Tokens Attending Rare Query Tokens": -0.344574780058651,
    "Very Rare Document Tokens Attending Rare Query Tokens": -0.3412756598240469,
    "Very Rare Document Tokens Attending Document Tokens": 0.33321114369501464,
    "Very Rare Tokens Attending Document Tokens": 0.33321114369501464,
    "Rare Tokens Attending Very Rare Query Tokens": -0.3321114369501466,
    "Very Rare Document Tokens Attending Very Rare Query Tokens": -0.3317448680351906,
    "Very Rare Document Tokens Attending Rare Matching Word Query Tokens": -0.32954545454545453,
    "Very Rare Document Tokens Attending Matching Word Query Tokens": -0.32954545454545453,
    "Very Rare Document Tokens Attending Very Rare Matching Word Query Tokens": -0.32954545454545453,
    "Document Tokens Attending Very Rare Matching Word Query Tokens": -0.32954545454545453,
    "Rare Document Tokens Attending Very Rare Matching Word Query Tokens": -0.32954545454545453,
    "Rare Document Tokens Attending Very Rare Query Tokens": -0.32294721407624627,
    "Document Tokens Attending Rare Matching Word Query Tokens": -0.3170821114369501,
    "Rare Document Tokens Attending Rare Matching Word Query Tokens": -0.3170821114369501,
    "Rare Document Tokens Attending Matching Word Query Tokens": -0.3170821114369501,
    "Very Rare Document Tokens Attending Synonymous Tokens": -0.3170821114369501,
    "Document Tokens Attending Rare Query Tokens": -0.314149560117302,
    "All Tokens Attending Rare Query Tokens": -0.31011730205278587,
    "Very Rare Tokens Attending Very Rare Query Tokens": -0.30975073313782986,
    "Very Rare Document Tokens Attending Rare Synonymous Tokens": -0.3075513196480938,
    "Rare Document Tokens Attending Rare Synonymous Query Tokens": -0.3005865102639296,
    "Document Tokens Attending Rare Synonymous Query Tokens": -0.3005865102639296,
    "Rare Document Tokens Attending Synonymous Query Tokens": -0.3005865102639296,
    "Document Tokens Attending Synonymous Query Tokens": -0.29618768328445744,
    "Rare Document Tokens Attending Very Rare Synonymous Tokens": -0.2917888563049853,
    "Document Tokens Attending Very Rare Synonymous Tokens": -0.2917888563049853,
    "Very Rare Document Tokens Attending Rare Synonymous Query Tokens": -0.29068914956011727,
    "Document Tokens Attending Very Rare Synonymous Query Tokens": -0.29068914956011727,
    "Rare Document Tokens Attending Very Rare Synonymous Query Tokens": -0.29068914956011727,
    "Very Rare Document Tokens Attending Synonymous Query Tokens": -0.29068914956011727,
    "Rare Document Tokens Attending Synonymous Tokens": -0.2848240469208211,
    "Document Tokens Attending Rare Synonymous Tokens": -0.282624633431085,
    "Very Rare Document Tokens Attending Very Rare Synonymous Query Tokens": -0.281524926686217,
    "Rare Document Tokens Attending Rare Synonymous Tokens": -0.2686950146627566,
    "Rare Tokens Attending Synonymous Document Tokens": -0.2624633431085044,
    "Rare Document Tokens Attending Synonymous Document Tokens": -0.2624633431085044,
    "Document Tokens Attending Synonymous Tokens": -0.26099706744868034,
    "Rare Document Tokens Attending Rare Synonymous Document Tokens": -0.25476539589442815,
    "Rare Tokens Attending Rare Synonymous Document Tokens": -0.25476539589442815,
    "Document Tokens Attending Rare Synonymous Document Tokens": -0.25439882697947214,
    "All Tokens Attending Rare Synonymous Document Tokens": -0.25439882697947214,
    "Very Rare Document Tokens Attending Synonymous Document Tokens": -0.25366568914956006,
    "Very Rare Tokens Attending Synonymous Document Tokens": -0.25366568914956006,
    "Document Tokens Attending Matching Word Query Tokens": -0.25109970674486803,
    "All Tokens Attending Synonymous Document Tokens": -0.25036656891495596,
    "Document Tokens Attending Synonymous Document Tokens": -0.25036656891495596,
    "Very Rare Document Tokens Attending Rare Synonymous Document Tokens": -0.23753665689149558,
    "Very Rare Tokens Attending Rare Synonymous Document Tokens": -0.23753665689149558,
    "Document Tokens Attending Very Rare Query Tokens": -0.23277126099706744,
    "Very Rare Tokens Attending Synonymous Tokens": -0.22580645161290322,
    "Very Rare Tokens Attending Rare Synonymous Tokens": -0.22580645161290322,
    "Very Rare Tokens Attending All Tokens": 0.22397360703812316,
    "Document Tokens Attending Very Rare Synonymous Document Tokens": -0.2232404692082111,
    "All Tokens Attending Very Rare Synonymous Document Tokens": -0.2232404692082111,
    "All Tokens Attending Synonymous Tokens": -0.2214076246334311,
    "Rare Tokens Attending Very Rare Synonymous Document Tokens": -0.219574780058651,
    "Rare Document Tokens Attending Very Rare Synonymous Document Tokens": -0.219574780058651,
    "All Tokens Attending Very Rare Query Tokens": -0.21774193548387094,
    "Very Rare Document Tokens Attending Very Rare Synonymous Tokens": -0.21700879765395892,
    "Rare Tokens Attending Synonymous Tokens": -0.2166422287390029,
    "All Tokens Attending Rare Synonymous Tokens": -0.21554252199413487,
    "Rare Tokens Attending Rare Synonymous Tokens": -0.2129765395894428,
    "Query Tokens Attending Very Rare Matching Word Tokens": 0.2126099706744868,