{
    "Document Tokens Attending Rare Document Tokens": -0.48423753665689145,
    "All Tokens Attending Rare Document Tokens": -0.48423753665689145,
    "Very Rare Document Tokens Attending Rare Tokens": -0.4765395894428152,
    "Very Rare Document Tokens Attending Rare Synonymous Tokens": -0.469574780058651,
    "Very Rare Document Tokens Attending Rare Query Tokens": -0.469574780058651,
    "Very Rare Document Tokens Attending Synonymous Tokens": -0.469574780058651,
    "Rare Document Tokens Attending Very Rare Synonymous Tokens": -0.4666422287390029,
    "Very Rare Tokens Attending Rare Tokens": -0.46517595307917886,
    "Document Tokens Attending Synonymous Query Tokens": -0.4644428152492667,
    "Document Tokens Attending Very Rare Synonymous Tokens": -0.4640762463343108,
    "Rare Document Tokens Attending Rare Synonymous Query Tokens": -0.4633431085043988,
    "Document Tokens Attending Rare Synonymous Query Tokens": -0.4633431085043988,
    "Rare Document Tokens Attending Synonymous Query Tokens": -0.4633431085043988,
    "Rare Document Tokens Attending Rare Synonymous Tokens": -0.46187683284457465,
    "Document Tokens Attending Rare Tokens": -0.4596774193548387,
    "Document Tokens Attending Rare Synonymous Tokens": -0.4596774193548387,
    "Rare Document Tokens Attending Synonymous Tokens": -0.4596774193548387,
    "Rare Document Tokens Attending Very Rare Tokens": -0.4574780058651026,
    "Rare Tokens Attending Rare Document Tokens": -0.4560117302052785,
    "Rare Document Tokens Attending Rare Document Tokens": -0.4560117302052785,
    "Rare Document Tokens Attending Rare Tokens": -0.4538123167155425,
    "All Tokens Attending Very Rare Tokens": -0.4538123167155425,
    "Document Tokens Attending Synonymous Tokens": -0.4512463343108504,
    "Document Tokens Attending Very Rare Tokens": -0.4508797653958944,
    "Rare Tokens Attending Very Rare Tokens": -0.4490469208211143,
    "Very Rare Document Tokens Attending Very Rare Synonymous Tokens": -0.44831378299120234,
    "Document Tokens Attending Rare Query Tokens": -0.44758064516129026,
    "Rare Tokens Attending Rare Tokens": -0.4464809384164222,
    "All Tokens Attending Very Rare Document Tokens": -0.44464809384164217,
    "Document Tokens Attending Very Rare Document Tokens": -0.44464809384164217,
    "Very Rare Document Tokens Attending Rare Matching Word Query Tokens": -0.44464809384164217,
    "Very Rare Document Tokens Attending Matching Word Query Tokens": -0.44464809384164217,
    "Very Rare Document Tokens Attending Very Rare Matching Word Query Tokens": -0.44464809384164217,
    "Document Tokens Attending Very Rare Matching Word Query Tokens": -0.44464809384164217,
    "Rare Document Tokens Attending Very Rare Matching Word Query Tokens": -0.44464809384164217,
    "Rare Document Tokens Attending Rare Query Tokens": -0.44428152492668616,
    "All Tokens Attending Rare Tokens": -0.4420821114369501,
    "Very Rare Document Tokens Attending Very Rare Tokens": -0.4417155425219941,
    "Document Tokens Attending Rare Matching Word Query Tokens": -0.44024926686217003,
    "Rare Document Tokens Attending Rare Matching Word Query Tokens": -0.44024926686217003,
    "Rare Document Tokens Attending Matching Word Query Tokens": -0.44024926686217003,
    "Rare Document Tokens Attending Very Rare Document Tokens": -0.4395161290322581,
    "Rare Tokens Attending Very Rare Document Tokens": -0.4395161290322581,
    "Very Rare Document Tokens Attending Rare Synonymous Query Tokens": -0.4369501466275659,
    "Document Tokens Attending Very Rare Synonymous Query Tokens": -0.4369501466275659,
    "Rare Document Tokens Attending Very Rare Synonymous Query Tokens": -0.4369501466275659,
    "Very Rare Document Tokens Attending Synonymous Query Tokens": -0.4369501466275659,
    "Very Rare Tokens Attending Rare Document Tokens": -0.4358504398826979,
    "Very Rare Document Tokens Attending Rare Document Tokens": -0.4358504398826979,
    "All Tokens Attending Rare Query Tokens": -0.43145161290322576,
    "Very Rare Tokens Attending Very Rare Tokens": -0.4288856304985337,
    "Very Rare Document Tokens Attending Very Rare Query Tokens": -0.4237536656891495,
    "Rare Document Tokens Attending Rare Synonymous Document Tokens": -0.4189882697947213,
    "Rare Tokens Attending Rare Synonymous Document Tokens": -0.4189882697947213,
    "Very Rare Document Tokens Attending Very Rare Synonymous Query Tokens": -0.4138563049853372,
    "Document Tokens Attending Rare Synonymous Document Tokens": -0.4127565982404692,
    "All Tokens Attending Rare Synonymous Document Tokens": -0.4127565982404692,
    "Very Rare Document Tokens Attending Very Rare Document Tokens": -0.41239002932551316,
    "Very Rare Tokens Attending Very Rare Document Tokens": -0.41239002932551316,
    "All Tokens Attending Synonymous Tokens": -0.4083577712609971,
    "Rare Tokens Attending Synonymous Document Tokens": -0.40762463343108496,
    "Rare Document Tokens Attending Synonymous Document Tokens": -0.40762463343108496,
    "Rare Tokens Attending Synonymous Tokens": -0.40615835777126097,
    "Rare Tokens Attending Rare Synonymous Tokens": -0.405425219941349,
    "Document Tokens Attending Very Rare Query Tokens": -0.4043255131964809,
    "All Tokens Attending Rare Synonymous Tokens": -0.4032258064516129,
    "All Tokens Attending Synonymous Document Tokens": -0.4010263929618768,
    "Document Tokens Attending Synonymous Document Tokens": -0.4010263929618768,
    "Very Rare Document Tokens Attending Synonymous Document Tokens": -0.4006598240469208,
    "Very Rare Document Tokens Attending Rare Synonymous Document Tokens": -0.4006598240469208,
    "Very Rare Tokens Attending Rare Synonymous Document Tokens": -0.4006598240469208,
    "Very Rare Tokens Attending Synonymous Document Tokens": -0.4006598240469208,
    "Rare Document Tokens Attending Very Rare Query Tokens": -0.4006598240469208,
    "Rare Document Tokens Attending Matching Word Tokens": -0.3944281524926686,
    "Rare Document Tokens Attending Rare Matching Word Tokens": -0.3944281524926686,
    "Document Tokens Attending Rare Matching Word Tokens": -0.3944281524926686,
    "Very Rare Tokens Attending Rare Query Tokens": -0.38746334310850433,
    "Rare Tokens Attending Very Rare Synonymous Document Tokens": -0.3867302052785923,
    "Rare Document Tokens Attending Very Rare Synonymous Document Tokens": -0.3867302052785923,
    "Very Rare Tokens Attending Synonymous Tokens": -0.3837976539589442,
    "Rare Tokens Attending Rare Query Tokens": -0.3837976539589442,
    "Rare Tokens Attending Very Rare Synonymous Tokens": -0.38269794721407624,
    "Document Tokens Attending Very Rare Synonymous Document Tokens": -0.38196480938416416,
    "All Tokens Attending Very Rare Synonymous Document Tokens": -0.38196480938416416,
    "All Tokens Attending Very Rare Synonymous Tokens": -0.3808651026392961,
    "Very Rare Tokens Attending Rare Synonymous Tokens": -0.3801319648093841,
    "Very Rare Document Tokens Attending Very Rare Synonymous Document Tokens": -0.3775659824046921,
    "Very Rare Tokens Attending Very Rare Synonymous Document Tokens": -0.3775659824046921,
    "Very Rare Document Tokens Attending Matching Word Tokens": -0.375366568914956,
    "Very Rare Document Tokens Attending Very Rare Matching Word Tokens": -0.375366568914956,
    "Very Rare Document Tokens Attending Rare Matching Word Tokens": -0.375366568914956,
    "Rare Document Tokens Attending Very Rare Matching Word Tokens": -0.375366568914956,
    "Document Tokens Attending Very Rare Matching Word Tokens": -0.375366568914956,
    "Very Rare Tokens Attending Very Rare Query Tokens": -0.3728005865102639,
    "All Tokens Attending Rare Synonymous Query Tokens": -0.3713343108504399,
    "Rare Tokens Attending Rare Synonymous Query Tokens": -0.3713343108504399,
    "Rare Tokens Attending Synonymous Query Tokens": -0.3713343108504399,
    "Very Rare Tokens Attending Very Rare Synonymous Tokens": -0.36950146627565983,