{
    "Document Tokens Attending Rare Document Tokens": -0.4208211143695014,
    "All Tokens Attending Rare Document Tokens": -0.4208211143695014,
    "Very Rare Document Tokens Attending Rare Query Tokens": -0.4083577712609971,
    "Very Rare Document Tokens Attending Rare Tokens": -0.4010263929618768,
    "Document Tokens Attending Synonymous Query Tokens": -0.3958944281524926,
    "Rare Document Tokens Attending Rare Synonymous Query Tokens": -0.3951612903225806,
    "Document Tokens Attending Rare Synonymous Query Tokens": -0.3951612903225806,
    "Rare Document Tokens Attending Synonymous Query Tokens": -0.3951612903225806,
    "Rare Document Tokens Attending Rare Synonymous Tokens": -0.3918621700879765,
    "Very Rare Document Tokens Attending Rare Synonymous Tokens": -0.3911290322580645,
    "Very Rare Document Tokens Attending Synonymous Tokens": -0.3911290322580645,
    "Rare Document Tokens Attending Very Rare Synonymous Tokens": -0.3885630498533724,
    "Document Tokens Attending Rare Synonymous Tokens": -0.3885630498533724,
    "Rare Document Tokens Attending Synonymous Tokens": -0.3885630498533724,
    "Rare Tokens Attending Rare Document Tokens": -0.3863636363636363,
    "Rare Document Tokens Attending Rare Document Tokens": -0.3863636363636363,
    "Document Tokens Attending Very Rare Synonymous Tokens": -0.38563049853372433,
    "Document Tokens Attending Rare Query Tokens": -0.3852639296187682,
    "Very Rare Tokens Attending Rare Tokens": -0.38489736070381225,
    "Document Tokens Attending Rare Tokens": -0.3837976539589442,
    "Document Tokens Attending Synonymous Tokens": -0.3804985337243401,
    "Rare Document Tokens Attending Very Rare Tokens": -0.3801319648093841,
    "Rare Document Tokens Attending Rare Tokens": -0.37976539589442815,
    "Rare Document Tokens Attending Rare Query Tokens": -0.3793988269794721,
    "Very Rare Document Tokens Attending Rare Matching Word Query Tokens": -0.37903225806451607,
    "Very Rare Document Tokens Attending Matching Word Query Tokens": -0.37903225806451607,
    "Very Rare Document Tokens Attending Very Rare Matching Word Query Tokens": -0.37903225806451607,
    "Document Tokens Attending Very Rare Matching Word Query Tokens": -0.37903225806451607,
    "Rare Document Tokens Attending Very Rare Matching Word Query Tokens": -0.37903225806451607,
    "All Tokens Attending Very Rare Document Tokens": -0.3779325513196481,
    "Document Tokens Attending Very Rare Document Tokens": -0.3779325513196481,
    "All Tokens Attending Very Rare Tokens": -0.3779325513196481,
    "Document Tokens Attending Very Rare Tokens": -0.374633431085044,
    "Document Tokens Attending Rare Matching Word Query Tokens": -0.3739002932551319,
    "Rare Document Tokens Attending Rare Matching Word Query Tokens": -0.3739002932551319,
    "Rare Document Tokens Attending Matching Word Query Tokens": -0.3739002932551319,
    "Very Rare Document Tokens Attending Very Rare Synonymous Tokens": -0.3724340175953079,
    "Rare Tokens Attending Very Rare Tokens": -0.3717008797653959,
    "Very Rare Document Tokens Attending Rare Synonymous Query Tokens": -0.3709677419354838,
    "Document Tokens Attending Very Rare Synonymous Query Tokens": -0.3709677419354838,
    "Rare Document Tokens Attending Very Rare Synonymous Query Tokens": -0.3709677419354838,
    "Very Rare Document Tokens Attending Synonymous Query Tokens": -0.3709677419354838,
    "Rare Tokens Attending Rare Tokens": -0.3702346041055718,
    "Rare Document Tokens Attending Very Rare Document Tokens": -0.3691348973607038,
    "Rare Tokens Attending Very Rare Document Tokens": -0.3691348973607038,
    "All Tokens Attending Rare Tokens": -0.3665689149560117,
    "Very Rare Document Tokens Attending Very Rare Tokens": -0.36217008797653955,
    "Very Rare Tokens Attending Rare Document Tokens": -0.3614369501466275,
    "Very Rare Document Tokens Attending Rare Document Tokens": -0.3614369501466275,
    "Very Rare Document Tokens Attending Very Rare Query Tokens": -0.35960410557184747,
    "All Tokens Attending Rare Query Tokens": -0.3544721407624633,
    "Rare Document Tokens Attending Rare Synonymous Document Tokens": -0.3537390029325513,
    "Rare Tokens Attending Rare Synonymous Document Tokens": -0.3537390029325513,
    "Very Rare Document Tokens Attending Very Rare Synonymous Query Tokens": -0.34750733137829903,
    "Document Tokens Attending Rare Synonymous Document Tokens": -0.34677419354838707,
    "Very Rare Tokens Attending Very Rare Tokens": -0.34677419354838707,
    "All Tokens Attending Rare Synonymous Document Tokens": -0.34677419354838707,
    "Rare Tokens Attending Synonymous Document Tokens": -0.34310850439882695,
    "Rare Document Tokens Attending Synonymous Document Tokens": -0.34310850439882695,
    "Very Rare Document Tokens Attending Very Rare Document Tokens": -0.3412756598240469,
    "Very Rare Tokens Attending Very Rare Document Tokens": -0.3412756598240469,
    "Document Tokens Attending Very Rare Query Tokens": -0.3405425219941349,
    "All Tokens Attending Synonymous Document Tokens": -0.3376099706744868,
    "Document Tokens Attending Synonymous Document Tokens": -0.3376099706744868,
    "All Tokens Attending Synonymous Tokens": -0.33651026392961875,
    "Rare Tokens Attending Synonymous Tokens": -0.3350439882697947,
    "Rare Tokens Attending Rare Synonymous Tokens": -0.3346774193548387,
    "Rare Document Tokens Attending Very Rare Query Tokens": -0.33284457478005863,
    "Very Rare Document Tokens Attending Synonymous Document Tokens": -0.3321114369501466,
    "Very Rare Document Tokens Attending Rare Synonymous Document Tokens": -0.3321114369501466,
    "Very Rare Tokens Attending Rare Synonymous Document Tokens": -0.3321114369501466,
    "Very Rare Tokens Attending Synonymous Document Tokens": -0.3321114369501466,
    "All Tokens Attending Rare Synonymous Tokens": -0.3317448680351906,
    "Rare Document Tokens Attending Matching Word Tokens": -0.32697947214076245,
    "Rare Document Tokens Attending Rare Matching Word Tokens": -0.32697947214076245,
    "Document Tokens Attending Rare Matching Word Tokens": -0.32697947214076245,
    "Rare Tokens Attending Very Rare Synonymous Document Tokens": -0.31854838709677413,
    "Rare Document Tokens Attending Very Rare Synonymous Document Tokens": -0.31854838709677413,
    "Document Tokens Attending Very Rare Synonymous Document Tokens": -0.314516129032258,
    "All Tokens Attending Very Rare Synonymous Document Tokens": -0.314516129032258,
    "Very Rare Document Tokens Attending Very Rare Synonymous Document Tokens": -0.3119501466275659,
    "Very Rare Tokens Attending Very Rare Synonymous Document Tokens": -0.3119501466275659,
    "Very Rare Tokens Attending Synonymous Tokens": -0.3075513196480938,
    "Rare Tokens Attending Very Rare Synonymous Tokens": -0.3057184750733138,
    "Very Rare Tokens Attending Rare Query Tokens": -0.30425219941348974,
    "All Tokens Attending Very Rare Synonymous Tokens": -0.30351906158357767,
    "Very Rare Tokens Attending Rare Synonymous Tokens": -0.30315249266862165,
    "Very Rare Document Tokens Attending Matching Word Tokens": -0.29912023460410553,
    "Very Rare Document Tokens Attending Very Rare Matching Word Tokens": -0.29912023460410553,
    "Very Rare Document Tokens Attending Rare Matching Word Tokens": -0.29912023460410553,
    "Rare Document Tokens Attending Very Rare Matching Word Tokens": -0.29912023460410553,
    "Document Tokens Attending Very Rare Matching Word Tokens": -0.29912023460410553,
    "Rare Tokens Attending Rare Query Tokens": -0.2987536656891495,
    "Very Rare Tokens Attending Very Rare Synonymous Tokens": -0.29508797653958946,
    "All Tokens Attending Very Rare Query Tokens": -0.28702346041055715,
    "Very Rare Tokens Attending Very Rare Query Tokens": -0.28665689149560114,
    "All Tokens Attending Rare Synonymous Query Tokens": -0.28665689149560114,