{
    "Document Tokens Attending Rare Document Tokens": -0.48680351906158353,
    "All Tokens Attending Rare Document Tokens": -0.48680351906158353,
    "Very Rare Document Tokens Attending Rare Tokens": -0.4853372434017595,
    "Very Rare Tokens Attending Rare Tokens": -0.4754398826979472,
    "Very Rare Document Tokens Attending Rare Query Tokens": -0.47507331378299117,
    "Very Rare Document Tokens Attending Rare Synonymous Tokens": -0.4725073313782991,
    "Very Rare Document Tokens Attending Synonymous Tokens": -0.4725073313782991,
    "Rare Document Tokens Attending Very Rare Synonymous Tokens": -0.470307917888563,
    "Rare Document Tokens Attending Very Rare Tokens": -0.46810850439882695,
    "Document Tokens Attending Very Rare Synonymous Tokens": -0.46774193548387083,
    "Document Tokens Attending Rare Tokens": -0.4673753665689148,
    "Rare Document Tokens Attending Rare Synonymous Query Tokens": -0.4659090909090909,
    "Document Tokens Attending Synonymous Query Tokens": -0.4659090909090909,
    "Document Tokens Attending Rare Synonymous Query Tokens": -0.4659090909090909,
    "Rare Document Tokens Attending Synonymous Query Tokens": -0.4659090909090909,
    "Rare Document Tokens Attending Rare Synonymous Tokens": -0.46480938416422274,
    "Document Tokens Attending Rare Synonymous Tokens": -0.4629765395894428,
    "Rare Document Tokens Attending Synonymous Tokens": -0.4629765395894428,
    "Rare Document Tokens Attending Rare Tokens": -0.46187683284457465,
    "Rare Tokens Attending Rare Document Tokens": -0.46114369501466274,
    "Rare Document Tokens Attending Rare Document Tokens": -0.46114369501466274,
    "Rare Tokens Attending Very Rare Tokens": -0.4593108504398827,
    "All Tokens Attending Very Rare Tokens": -0.45784457478005863,
    "Rare Tokens Attending Rare Tokens": -0.4567448680351906,
    "Document Tokens Attending Synonymous Tokens": -0.45491202346041054,
    "Document Tokens Attending Very Rare Tokens": -0.45454545454545453,
    "Document Tokens Attending Rare Query Tokens": -0.4541788856304985,
    "Rare Document Tokens Attending Rare Query Tokens": -0.4541788856304985,
    "Very Rare Document Tokens Attending Very Rare Synonymous Tokens": -0.4508797653958944,
    "All Tokens Attending Rare Tokens": -0.45051319648093835,
    "All Tokens Attending Very Rare Document Tokens": -0.45014662756598234,
    "Document Tokens Attending Very Rare Document Tokens": -0.45014662756598234,
    "Very Rare Document Tokens Attending Rare Matching Word Query Tokens": -0.44868035190615835,
    "Very Rare Document Tokens Attending Matching Word Query Tokens": -0.44868035190615835,
    "Very Rare Document Tokens Attending Very Rare Matching Word Query Tokens": -0.44868035190615835,
    "Document Tokens Attending Very Rare Matching Word Query Tokens": -0.44868035190615835,
    "Rare Document Tokens Attending Very Rare Matching Word Query Tokens": -0.44868035190615835,
    "Rare Document Tokens Attending Very Rare Document Tokens": -0.44684750733137824,
    "Rare Tokens Attending Very Rare Document Tokens": -0.44684750733137824,
    "Very Rare Document Tokens Attending Very Rare Tokens": -0.4464809384164222,
    "Document Tokens Attending Rare Matching Word Query Tokens": -0.44134897360703806,
    "Rare Document Tokens Attending Rare Matching Word Query Tokens": -0.44134897360703806,
    "Rare Document Tokens Attending Matching Word Query Tokens": -0.44134897360703806,
    "All Tokens Attending Rare Query Tokens": -0.44061583577712604,
    "Very Rare Document Tokens Attending Rare Synonymous Query Tokens": -0.438782991202346,
    "Document Tokens Attending Very Rare Synonymous Query Tokens": -0.438782991202346,
    "Rare Document Tokens Attending Very Rare Synonymous Query Tokens": -0.438782991202346,
    "Very Rare Document Tokens Attending Synonymous Query Tokens": -0.438782991202346,
    "Very Rare Tokens Attending Rare Document Tokens": -0.43804985337243396,
    "Very Rare Document Tokens Attending Rare Document Tokens": -0.43804985337243396,
    "Very Rare Tokens Attending Very Rare Tokens": -0.43401759530791784,
    "Very Rare Document Tokens Attending Very Rare Query Tokens": -0.43108504398826974,
    "Rare Document Tokens Attending Rare Synonymous Document Tokens": -0.4186217008797653,
    "Rare Tokens Attending Rare Synonymous Document Tokens": -0.4186217008797653,
    "Very Rare Document Tokens Attending Very Rare Document Tokens": -0.4160557184750733,
    "Very Rare Tokens Attending Very Rare Document Tokens": -0.4160557184750733,
    "Very Rare Document Tokens Attending Very Rare Synonymous Query Tokens": -0.41495601173020524,
    "Document Tokens Attending Very Rare Query Tokens": -0.4131231671554252,
    "Rare Document Tokens Attending Very Rare Query Tokens": -0.4127565982404692,
    "All Tokens Attending Synonymous Tokens": -0.41165689149560114,
    "Document Tokens Attending Rare Synonymous Document Tokens": -0.4109237536656892,
    "All Tokens Attending Rare Synonymous Document Tokens": -0.4109237536656892,
    "Rare Tokens Attending Synonymous Tokens": -0.40909090909090906,
    "Rare Tokens Attending Rare Synonymous Tokens": -0.4087243401759531,
    "Rare Tokens Attending Synonymous Document Tokens": -0.406891495601173,
    "Rare Document Tokens Attending Synonymous Document Tokens": -0.406891495601173,
    "All Tokens Attending Rare Synonymous Tokens": -0.40579178885630496,
    "Very Rare Document Tokens Attending Synonymous Document Tokens": -0.4010263929618768,
    "Very Rare Document Tokens Attending Rare Synonymous Document Tokens": -0.4010263929618768,
    "Very Rare Tokens Attending Rare Synonymous Document Tokens": -0.4010263929618768,
    "Very Rare Tokens Attending Synonymous Document Tokens": -0.4010263929618768,
    "All Tokens Attending Synonymous Document Tokens": -0.4002932551319648,
    "Document Tokens Attending Synonymous Document Tokens": -0.4002932551319648,
    "Rare Document Tokens Attending Matching Word Tokens": -0.3984604105571847,
    "Rare Document Tokens Attending Rare Matching Word Tokens": -0.3984604105571847,
    "Document Tokens Attending Rare Matching Word Tokens": -0.3984604105571847,
    "Rare Tokens Attending Rare Query Tokens": -0.3977272727272727,
    "Very Rare Tokens Attending Rare Query Tokens": -0.3951612903225806,
    "Rare Tokens Attending Very Rare Synonymous Document Tokens": -0.38746334310850433,
    "Rare Document Tokens Attending Very Rare Synonymous Document Tokens": -0.38746334310850433,
    "Very Rare Tokens Attending Synonymous Tokens": -0.38563049853372433,
    "Document Tokens Attending Very Rare Synonymous Document Tokens": -0.38269794721407624,
    "Rare Tokens Attending Very Rare Synonymous Tokens": -0.38269794721407624,
    "All Tokens Attending Very Rare Synonymous Document Tokens": -0.38269794721407624,
    "Very Rare Document Tokens Attending Matching Word Tokens": -0.38196480938416416,
    "Very Rare Document Tokens Attending Very Rare Matching Word Tokens": -0.38196480938416416,
    "Very Rare Document Tokens Attending Rare Matching Word Tokens": -0.38196480938416416,
    "Rare Document Tokens Attending Very Rare Matching Word Tokens": -0.38196480938416416,
    "Document Tokens Attending Very Rare Matching Word Tokens": -0.38196480938416416,
    "All Tokens Attending Very Rare Synonymous Tokens": -0.38159824046920815,
    "Very Rare Tokens Attending Rare Synonymous Tokens": -0.37976539589442815,
    "Very Rare Document Tokens Attending Very Rare Synonymous Document Tokens": -0.3782991202346041,
    "Very Rare Tokens Attending Very Rare Query Tokens": -0.3782991202346041,
    "Very Rare Tokens Attending Very Rare Synonymous Document Tokens": -0.3782991202346041,
    "All Tokens Attending Very Rare Query Tokens": -0.374633431085044,
    "Rare Tokens Attending Very Rare Query Tokens": -0.3698680351906158,
    "Very Rare Tokens Attending Very Rare Synonymous Tokens": -0.3691348973607038,