{
    "Rare Document Tokens Attending Very Rare Document Tokens": 0.6115684093437151,
    "Rare Tokens Attending Very Rare Document Tokens": 0.6115684093437151,
    "Rare Tokens Attending Rare Document Tokens": 0.5986651835372636,
    "Rare Document Tokens Attending Rare Document Tokens": 0.5986651835372636,
    "Very Rare Document Tokens Attending Very Rare Tokens": 0.5915461624026696,
    "Very Rare Document Tokens Attending Very Rare Document Tokens": 0.5911012235817574,
    "Very Rare Tokens Attending Very Rare Document Tokens": 0.5911012235817574,
    "Very Rare Document Tokens Attending Rare Tokens": 0.5906562847608453,
    "Very Rare Tokens Attending Rare Document Tokens": 0.5902113459399333,
    "Very Rare Document Tokens Attending Rare Document Tokens": 0.5902113459399333,
    "Document Tokens Attending Rare Tokens": 0.585761957730812,
    "Rare Document Tokens Attending Very Rare Tokens": 0.5835372636262514,
    "Very Rare Tokens Attending Rare Tokens": 0.5808676307007786,
    "Rare Document Tokens Attending Rare Tokens": 0.5804226918798664,
    "All Tokens Attending Rare Tokens": 0.5773081201334815,
    "Document Tokens Attending Rare Document Tokens": 0.5773081201334815,
    "All Tokens Attending Rare Document Tokens": 0.5773081201334815,
    "All Tokens Attending Very Rare Document Tokens": 0.5755283648498332,
    "Document Tokens Attending Very Rare Document Tokens": 0.5755283648498332,
    "Rare Tokens Attending Very Rare Tokens": 0.5755283648498332,
    "Rare Tokens Attending Rare Tokens": 0.5692992213570635,
    "Very Rare Tokens Attending Very Rare Tokens": 0.5639599555061179,
    "Rare Document Tokens Attending Synonymous Query Tokens": 0.5515016685205784,
    "Rare Document Tokens Attending Rare Synonymous Query Tokens": 0.5492769744160179,
    "Document Tokens Attending Synonymous Query Tokens": 0.5492769744160179,
    "Document Tokens Attending Rare Synonymous Query Tokens": 0.5492769744160179,
    "Document Tokens Attending Very Rare Synonymous Query Tokens": 0.5403781979977753,
    "Rare Document Tokens Attending Very Rare Synonymous Query Tokens": 0.5403781979977753,
    "Document Tokens Attending Very Rare Tokens": 0.5399332591768632,
    "Document Tokens Attending Rare Matching Word Query Tokens": 0.5394883203559511,
    "Rare Document Tokens Attending Rare Matching Word Query Tokens": 0.5394883203559511,
    "Rare Document Tokens Attending Matching Word Query Tokens": 0.5394883203559511,
    "Very Rare Document Tokens Attending Very Rare Synonymous Query Tokens": 0.5385984427141268,
    "Very Rare Document Tokens Attending Rare Synonymous Query Tokens": 0.5385984427141268,
    "Very Rare Document Tokens Attending Synonymous Query Tokens": 0.5377085650723026,
    "All Tokens Attending Very Rare Tokens": 0.5328142380422692,
    "Very Rare Document Tokens Attending Rare Matching Word Query Tokens": 0.5190211345939933,
    "Very Rare Document Tokens Attending Matching Word Query Tokens": 0.5190211345939933,
    "Very Rare Document Tokens Attending Very Rare Matching Word Query Tokens": 0.5190211345939933,
    "Document Tokens Attending Very Rare Matching Word Query Tokens": 0.5190211345939933,
    "Rare Document Tokens Attending Very Rare Matching Word Query Tokens": 0.5190211345939933,
    "Rare Tokens Attending Rare Query Tokens": 0.49988876529477194,
    "Document Tokens Attending Rare Query Tokens": 0.4958843159065628,
    "All Tokens Attending Rare Query Tokens": 0.4687430478309232,
    "Very Rare Tokens Attending Rare Query Tokens": 0.46651835372636263,
    "Rare Tokens Attending Very Rare Query Tokens": 0.46607341490545046,
    "Rare Document Tokens Attending Rare Query Tokens": 0.4625139043381535,
    "Very Rare Document Tokens Attending Rare Query Tokens": 0.4576195773081201,
    "Rare Document Tokens Attending Very Rare Query Tokens": 0.4518353726362625,
    "Document Tokens Attending Very Rare Query Tokens": 0.4509454949944383,
    "Very Rare Document Tokens Attending Very Rare Query Tokens": 0.4362625139043382,
    "Rare Tokens Attending Document Tokens": -0.42380422691879865,
    "Rare Document Tokens Attending Document Tokens": -0.42380422691879865,
    "Document Tokens Attending Matching Word Query Tokens": 0.4064516129032258,
    "Very Rare Document Tokens Attending Document Tokens": -0.4046718576195773,
    "Very Rare Tokens Attending Document Tokens": -0.4046718576195773,
    "Very Rare Tokens Attending Very Rare Query Tokens": 0.3842046718576196,
    "Document Tokens Attending Query Tokens": 0.3797552836484983,
    "Very Rare Document Tokens Attending Rare Synonymous Tokens": 0.37441601779755285,
    "Very Rare Document Tokens Attending Synonymous Tokens": 0.37441601779755285,
    "Rare Document Tokens Attending Query Tokens": 0.364182424916574,
    "Rare Tokens Attending Query Tokens": 0.36240266963292544,
    "Rare Document Tokens Attending Very Rare Synonymous Tokens": 0.35172413793103446,
    "Document Tokens Attending Very Rare Synonymous Tokens": 0.35172413793103446,
    "Very Rare Document Tokens Attending Query Tokens": 0.3512791991101224,
    "Very Rare Tokens Attending Query Tokens": 0.3441601779755284,
    "All Tokens Attending Very Rare Query Tokens": 0.34282536151279197,
    "All Tokens Attending Document Tokens": -0.3419354838709677,
    "All Tokens Attending Query Tokens": 0.3419354838709677,
    "Document Tokens Attending Document Tokens": -0.3419354838709677,
    "Rare Document Tokens Attending Synonymous Tokens": 0.31167964404894327,
    "Document Tokens Attending Rare Synonymous Tokens": 0.31123470522803115,
    "Rare Document Tokens Attending Rare Synonymous Tokens": 0.31123470522803115,
    "Document Tokens Attending Synonymous Tokens": 0.28987764182424913,
    "Rare Query Tokens Attending Query Tokens": 0.28142380422691876,
    "Rare Query Tokens Attending All Tokens": 0.28142380422691876,
    "Query Tokens Attending Rare Query Tokens": 0.27430478309232476,
    "Query Tokens Attending Rare Tokens": 0.27430478309232476,
    "Very Rare Tokens Attending Synonymous Tokens": 0.2716351501668521,
    "Very Rare Document Tokens Attending Synonymous Document Tokens": 0.2631813125695217,
    "Very Rare Tokens Attending Synonymous Document Tokens": 0.2631813125695217,
    "Very Rare Document Tokens Attending Very Rare Synonymous Tokens": 0.2569521690767519,
    "Very Rare Tokens Attending Rare Synonymous Tokens": 0.2547274749721913,
    "Query Tokens Attending Matching Word Tokens": -0.24805339265850945,
    "Query Tokens Attending Matching Word Query Tokens": -0.24805339265850945,
    "Rare Tokens Attending Very Rare Synonymous Tokens": 0.24760845383759733,
    "Very Rare Document Tokens Attending Rare Synonymous Document Tokens": 0.23692992213570632,
    "Very Rare Tokens Attending Rare Synonymous Document Tokens": 0.23692992213570632,
    "Very Rare Tokens Attending Synonymous Query Tokens": 0.23692992213570632,
    "All Tokens Attending Matching Word Query Tokens": -0.23515016685205786,
    "Very Rare Query Tokens Attending All Tokens": 0.23203559510567295,
    "Very Rare Query Tokens Attending Query Tokens": 0.23203559510567295,
    "Rare Tokens Attending Synonymous Tokens": 0.23203559510567295,
    "All Tokens Attending Rare Synonymous Query Tokens": 0.2289210233592881,
    "Rare Tokens Attending Synonymous Query Tokens": 0.2289210233592881,
    "All Tokens Attending Synonymous Tokens": 0.22803114571746386,
    "All Tokens Attending Very Rare Synonymous Tokens": 0.2266963292547275,
    "Rare Tokens Attending Rare Synonymous Tokens": 0.2253615127919911,
    "All Tokens Attending Rare Synonymous Tokens": 0.2253615127919911,
    "All Tokens Attending Very Rare Synonymous Query Tokens": 0.2186874304783092,
    "Rare Tokens Attending Synonymous Document Tokens": 0.21512791991101224,
    "Rare Document Tokens Attending Synonymous Document Tokens": 0.21512791991101224,
    "Rare Tokens Attending Rare Synonymous Query Tokens": 0.21245828698553948,