{
    "Document Tokens Attending Rare Tokens": -0.6000000000000001,
    "Rare Tokens Attending Rare Document Tokens": -0.5971774193548388,
    "Rare Document Tokens Attending Rare Document Tokens": -0.5971774193548388,
    "Document Tokens Attending Rare Document Tokens": -0.5951612903225807,
    "All Tokens Attending Rare Document Tokens": -0.5951612903225807,
    "Rare Document Tokens Attending Rare Tokens": -0.5758064516129033,
    "Very Rare Tokens Attending Rare Document Tokens": -0.5737903225806452,
    "Very Rare Document Tokens Attending Rare Document Tokens": -0.5737903225806452,
    "Very Rare Document Tokens Attending Rare Tokens": -0.5717741935483871,
    "Document Tokens Attending Very Rare Tokens": -0.5705645161290324,
    "All Tokens Attending Rare Tokens": -0.5661290322580645,
    "All Tokens Attending Very Rare Document Tokens": -0.5463709677419355,
    "Document Tokens Attending Very Rare Document Tokens": -0.5463709677419355,
    "Rare Tokens Attending Rare Tokens": -0.530241935483871,
    "Rare Document Tokens Attending Very Rare Document Tokens": -0.5290322580645163,
    "Rare Tokens Attending Very Rare Document Tokens": -0.5290322580645163,
    "Very Rare Tokens Attending Rare Tokens": -0.5266129032258065,
    "Rare Document Tokens Attending Very Rare Tokens": -0.525,
    "All Tokens Attending Very Rare Tokens": -0.519758064516129,
    "Very Rare Document Tokens Attending Very Rare Tokens": -0.5189516129032259,
    "Rare Tokens Attending Very Rare Tokens": -0.5133064516129032,
    "Very Rare Document Tokens Attending Very Rare Document Tokens": -0.5129032258064516,
    "Very Rare Tokens Attending Very Rare Document Tokens": -0.5129032258064516,
    "Rare Document Tokens Attending Rare Synonymous Tokens": -0.48508064516129046,
    "Document Tokens Attending Rare Synonymous Tokens": -0.48225806451612907,
    "Rare Document Tokens Attending Synonymous Tokens": -0.48225806451612907,
    "Document Tokens Attending Synonymous Tokens": -0.47741935483870973,
    "Very Rare Tokens Attending Very Rare Tokens": -0.4754032258064516,
    "Rare Document Tokens Attending Rare Query Tokens": -0.4713709677419356,
    "All Tokens Attending Rare Synonymous Tokens": -0.4709677419354839,
    "Rare Tokens Attending Synonymous Tokens": -0.4709677419354839,
    "Very Rare Document Tokens Attending Rare Synonymous Tokens": -0.4693548387096774,
    "Very Rare Document Tokens Attending Synonymous Tokens": -0.46895161290322585,
    "Rare Tokens Attending Rare Synonymous Tokens": -0.46814516129032263,
    "All Tokens Attending Synonymous Tokens": -0.467741935483871,
    "Document Tokens Attending Very Rare Synonymous Tokens": -0.46491935483870966,
    "Very Rare Document Tokens Attending Rare Query Tokens": -0.4641129032258065,
    "Rare Document Tokens Attending Very Rare Synonymous Tokens": -0.4625000000000001,
    "Very Rare Document Tokens Attending Very Rare Synonymous Tokens": -0.45766129032258074,
    "Document Tokens Attending Rare Query Tokens": -0.45282258064516134,
    "Rare Document Tokens Attending Very Rare Query Tokens": -0.4467741935483871,
    "Very Rare Document Tokens Attending Very Rare Query Tokens": -0.44516129032258067,
    "All Tokens Attending Synonymous Document Tokens": -0.44193548387096776,
    "Document Tokens Attending Synonymous Document Tokens": -0.44193548387096776,
    "All Tokens Attending Rare Query Tokens": -0.44032258064516133,
    "Rare Tokens Attending Synonymous Document Tokens": -0.4370967741935484,
    "Rare Document Tokens Attending Synonymous Document Tokens": -0.4370967741935484,
    "Document Tokens Attending Rare Synonymous Document Tokens": -0.43669354838709684,
    "All Tokens Attending Rare Synonymous Document Tokens": -0.43669354838709684,
    "Rare Tokens Attending Rare Query Tokens": -0.43588709677419357,
    "Rare Document Tokens Attending Rare Synonymous Document Tokens": -0.43346774193548393,
    "Rare Tokens Attending Rare Synonymous Document Tokens": -0.43346774193548393,
    "All Tokens Attending Very Rare Query Tokens": -0.4318548387096775,
    "Very Rare Tokens Attending Rare Query Tokens": -0.43024193548387096,
    "Document Tokens Attending Very Rare Query Tokens": -0.42862903225806454,
    "Very Rare Tokens Attending Very Rare Synonymous Tokens": -0.42096774193548386,
    "Rare Document Tokens Attending Matching Word Tokens": -0.41895161290322586,
    "Rare Document Tokens Attending Rare Matching Word Tokens": -0.41895161290322586,
    "Document Tokens Attending Rare Matching Word Tokens": -0.41895161290322586,
    "Document Tokens Attending Very Rare Synonymous Query Tokens": -0.4165322580645161,
    "Rare Document Tokens Attending Very Rare Synonymous Query Tokens": -0.4165322580645161,
    "Rare Document Tokens Attending Rare Synonymous Query Tokens": -0.41532258064516137,
    "Document Tokens Attending Synonymous Query Tokens": -0.41532258064516137,
    "Document Tokens Attending Rare Synonymous Query Tokens": -0.41532258064516137,
    "Rare Document Tokens Attending Synonymous Query Tokens": -0.41532258064516137,
    "Rare Tokens Attending Very Rare Synonymous Tokens": -0.41532258064516137,
    "Very Rare Document Tokens Attending Rare Synonymous Query Tokens": -0.4141129032258065,
    "Very Rare Document Tokens Attending Synonymous Query Tokens": -0.4141129032258065,
    "All Tokens Attending Very Rare Synonymous Tokens": -0.4125000000000001,
    "Very Rare Tokens Attending Rare Synonymous Tokens": -0.4112903225806452,
    "Very Rare Document Tokens Attending Synonymous Document Tokens": -0.4108870967741936,
    "Very Rare Document Tokens Attending Rare Synonymous Document Tokens": -0.4108870967741936,
    "Very Rare Tokens Attending Rare Synonymous Document Tokens": -0.4108870967741936,
    "Very Rare Tokens Attending Synonymous Document Tokens": -0.4108870967741936,
    "Very Rare Document Tokens Attending Rare Matching Word Query Tokens": -0.4084677419354839,
    "Very Rare Document Tokens Attending Matching Word Query Tokens": -0.4084677419354839,
    "Rare Tokens Attending Very Rare Synonymous Document Tokens": -0.4084677419354839,
    "Very Rare Document Tokens Attending Very Rare Matching Word Query Tokens": -0.4084677419354839,
    "Rare Document Tokens Attending Very Rare Synonymous Document Tokens": -0.4084677419354839,
    "Document Tokens Attending Very Rare Matching Word Query Tokens": -0.4084677419354839,
    "Rare Document Tokens Attending Very Rare Matching Word Query Tokens": -0.4084677419354839,
    "Very Rare Tokens Attending Synonymous Tokens": -0.4048387096774194,
    "Document Tokens Attending Rare Matching Word Query Tokens": -0.4048387096774194,
    "Rare Document Tokens Attending Rare Matching Word Query Tokens": -0.4048387096774194,
    "Rare Document Tokens Attending Matching Word Query Tokens": -0.4048387096774194,
    "Very Rare Document Tokens Attending Very Rare Synonymous Query Tokens": -0.40161290322580656,
    "Document Tokens Attending Very Rare Synonymous Document Tokens": -0.3995967741935484,
    "All Tokens Attending Very Rare Synonymous Document Tokens": -0.3995967741935484,
    "Very Rare Document Tokens Attending Very Rare Synonymous Document Tokens": -0.3842741935483871,
    "Very Rare Tokens Attending Very Rare Synonymous Document Tokens": -0.3842741935483871,
    "Rare Tokens Attending Very Rare Query Tokens": -0.3830645161290323,
    "Rare Tokens Attending Very Rare Matching Word Query Tokens": -0.3733870967741936,
    "Very Rare Tokens Attending Rare Matching Word Query Tokens": -0.3733870967741936,
    "Very Rare Tokens Attending Very Rare Matching Word Query Tokens": -0.3733870967741936,
    "All Tokens Attending Very Rare Matching Word Query Tokens": -0.3733870967741936,
    "Very Rare Tokens Attending Matching Word Query Tokens": -0.3733870967741936,
    "All Tokens Attending Rare Matching Word Query Tokens": -0.3705645161290323,
    "Rare Tokens Attending Rare Matching Word Query Tokens": -0.3705645161290323,