{
    "Document Tokens Attending Rare Tokens": -0.5471774193548388,
    "Document Tokens Attending Rare Document Tokens": -0.540725806451613,
    "All Tokens Attending Rare Document Tokens": -0.540725806451613,
    "Rare Tokens Attending Rare Document Tokens": -0.5358870967741935,
    "Rare Document Tokens Attending Rare Document Tokens": -0.5358870967741935,
    "Document Tokens Attending Very Rare Tokens": -0.5125000000000001,
    "Very Rare Tokens Attending Rare Document Tokens": -0.5092741935483871,
    "Very Rare Document Tokens Attending Rare Document Tokens": -0.5092741935483871,
    "All Tokens Attending Rare Tokens": -0.505241935483871,
    "Rare Document Tokens Attending Rare Tokens": -0.5040322580645162,
    "Very Rare Document Tokens Attending Rare Tokens": -0.4983870967741937,
    "All Tokens Attending Very Rare Document Tokens": -0.49798387096774194,
    "Document Tokens Attending Very Rare Document Tokens": -0.49798387096774194,
    "Rare Document Tokens Attending Very Rare Document Tokens": -0.46088709677419365,
    "Rare Tokens Attending Very Rare Document Tokens": -0.46088709677419365,
    "All Tokens Attending Very Rare Tokens": -0.45806451612903226,
    "Rare Tokens Attending Rare Tokens": -0.45725806451612905,
    "Very Rare Tokens Attending Rare Tokens": -0.4495967741935484,
    "Rare Document Tokens Attending Very Rare Tokens": -0.44354838709677424,
    "Very Rare Document Tokens Attending Very Rare Document Tokens": -0.4379032258064517,
    "Very Rare Tokens Attending Very Rare Document Tokens": -0.4379032258064517,
    "Rare Tokens Attending Very Rare Tokens": -0.4346774193548387,
    "Very Rare Document Tokens Attending Very Rare Tokens": -0.43427419354838714,
    "Document Tokens Attending Rare Query Tokens": -0.4149193548387097,
    "Rare Document Tokens Attending Rare Query Tokens": -0.4145161290322581,
    "Very Rare Document Tokens Attending Rare Query Tokens": -0.40725806451612906,
    "Rare Document Tokens Attending Rare Synonymous Tokens": -0.40161290322580656,
    "Document Tokens Attending Rare Synonymous Tokens": -0.39798387096774196,
    "Rare Document Tokens Attending Synonymous Tokens": -0.39798387096774196,
    "Rare Document Tokens Attending Very Rare Query Tokens": -0.3971774193548388,
    "All Tokens Attending Rare Synonymous Tokens": -0.39435483870967747,
    "Very Rare Tokens Attending Very Rare Tokens": -0.39435483870967747,
    "Rare Tokens Attending Synonymous Tokens": -0.39435483870967747,
    "All Tokens Attending Synonymous Tokens": -0.39435483870967747,
    "Document Tokens Attending Synonymous Tokens": -0.3931451612903226,
    "Very Rare Document Tokens Attending Very Rare Query Tokens": -0.39274193548387104,
    "Rare Tokens Attending Rare Synonymous Tokens": -0.39274193548387104,
    "All Tokens Attending Rare Query Tokens": -0.39193548387096777,
    "Document Tokens Attending Very Rare Query Tokens": -0.3915322580645162,
    "All Tokens Attending Very Rare Query Tokens": -0.3883064516129033,
    "Very Rare Document Tokens Attending Rare Synonymous Tokens": -0.38024193548387103,
    "Very Rare Document Tokens Attending Synonymous Tokens": -0.3794354838709678,
    "All Tokens Attending Synonymous Document Tokens": -0.3786290322580646,
    "Document Tokens Attending Synonymous Document Tokens": -0.3786290322580646,
    "Document Tokens Attending Very Rare Synonymous Tokens": -0.3762096774193549,
    "Very Rare Document Tokens Attending Very Rare Synonymous Tokens": -0.37379032258064515,
    "Document Tokens Attending Rare Synonymous Document Tokens": -0.3733870967741936,
    "All Tokens Attending Rare Synonymous Document Tokens": -0.3733870967741936,
    "Rare Document Tokens Attending Very Rare Synonymous Tokens": -0.3725806451612904,
    "Rare Tokens Attending Synonymous Document Tokens": -0.3721774193548387,
    "Rare Document Tokens Attending Synonymous Document Tokens": -0.3721774193548387,
    "Rare Document Tokens Attending Rare Synonymous Document Tokens": -0.37016129032258066,
    "Rare Tokens Attending Rare Synonymous Document Tokens": -0.37016129032258066,
    "Rare Tokens Attending Rare Query Tokens": -0.3685483870967742,
    "Very Rare Tokens Attending Rare Query Tokens": -0.36008064516129035,
    "Document Tokens Attending Very Rare Synonymous Query Tokens": -0.34959677419354845,
    "Rare Document Tokens Attending Very Rare Synonymous Query Tokens": -0.34959677419354845,
    "Rare Document Tokens Attending Rare Synonymous Query Tokens": -0.3491935483870968,
    "Document Tokens Attending Synonymous Query Tokens": -0.3491935483870968,
    "Document Tokens Attending Rare Synonymous Query Tokens": -0.3491935483870968,
    "Rare Document Tokens Attending Synonymous Query Tokens": -0.3491935483870968,
    "Very Rare Document Tokens Attending Rare Synonymous Query Tokens": -0.3479838709677419,
    "Very Rare Document Tokens Attending Synonymous Query Tokens": -0.3479838709677419,
    "Rare Document Tokens Attending Matching Word Tokens": -0.3459677419354839,
    "Rare Document Tokens Attending Rare Matching Word Tokens": -0.3459677419354839,
    "Document Tokens Attending Rare Matching Word Tokens": -0.3459677419354839,
    "Very Rare Tokens Attending Very Rare Synonymous Tokens": -0.3455645161290323,
    "Very Rare Document Tokens Attending Rare Matching Word Query Tokens": -0.340725806451613,
    "Very Rare Document Tokens Attending Matching Word Query Tokens": -0.340725806451613,
    "Very Rare Document Tokens Attending Very Rare Matching Word Query Tokens": -0.340725806451613,
    "Document Tokens Attending Very Rare Matching Word Query Tokens": -0.340725806451613,
    "Rare Document Tokens Attending Very Rare Matching Word Query Tokens": -0.340725806451613,
    "Document Tokens Attending Rare Matching Word Query Tokens": -0.3399193548387097,
    "Rare Document Tokens Attending Rare Matching Word Query Tokens": -0.3399193548387097,
    "Rare Document Tokens Attending Matching Word Query Tokens": -0.3399193548387097,
    "Very Rare Document Tokens Attending Synonymous Document Tokens": -0.3375,
    "Very Rare Document Tokens Attending Rare Synonymous Document Tokens": -0.3375,
    "Very Rare Tokens Attending Rare Synonymous Document Tokens": -0.3375,
    "Very Rare Tokens Attending Synonymous Document Tokens": -0.3375,
    "Rare Tokens Attending Very Rare Synonymous Document Tokens": -0.33629032258064523,
    "Rare Document Tokens Attending Very Rare Synonymous Document Tokens": -0.33629032258064523,
    "Very Rare Document Tokens Attending Very Rare Synonymous Query Tokens": -0.3350806451612904,
    "Rare Tokens Attending Very Rare Synonymous Tokens": -0.3338709677419355,
    "Very Rare Tokens Attending Rare Synonymous Tokens": -0.3306451612903226,
    "All Tokens Attending Very Rare Synonymous Tokens": -0.3298387096774194,
    "Document Tokens Attending Very Rare Synonymous Document Tokens": -0.3270161290322581,
    "All Tokens Attending Very Rare Synonymous Document Tokens": -0.3270161290322581,
    "Very Rare Document Tokens Attending Query Tokens": -0.3258064516129032,
    "Very Rare Tokens Attending Synonymous Tokens": -0.32258064516129037,
    "Very Rare Document Tokens Attending Very Rare Synonymous Document Tokens": -0.31693548387096776,
    "Very Rare Tokens Attending Very Rare Synonymous Document Tokens": -0.31693548387096776,
    "Rare Tokens Attending Very Rare Query Tokens": -0.31330645161290327,
    "Rare Document Tokens Attending Query Tokens": -0.31330645161290327,
    "Document Tokens Attending Query Tokens": -0.30685483870967745,
    "Rare Document Tokens Attending All Tokens": -0.29637096774193555,
    "Very Rare Tokens Attending Very Rare Query Tokens": -0.2895161290322581,
    "Very Rare Document Tokens Attending Document Tokens": 0.28750000000000003,
    "Very Rare Tokens Attending Document Tokens": 0.28750000000000003,
    "Rare Tokens Attending Very Rare Matching Word Query Tokens": -0.2866935483870968,