{
    "Document Tokens Attending Rare Tokens": -0.6201612903225807,
    "Rare Tokens Attending Rare Document Tokens": -0.6032258064516131,
    "Rare Document Tokens Attending Rare Document Tokens": -0.6032258064516131,
    "Document Tokens Attending Rare Document Tokens": -0.6016129032258066,
    "All Tokens Attending Rare Document Tokens": -0.6016129032258066,
    "Rare Document Tokens Attending Rare Tokens": -0.5935483870967742,
    "Very Rare Document Tokens Attending Rare Tokens": -0.5891129032258066,
    "All Tokens Attending Rare Tokens": -0.5866935483870969,
    "Document Tokens Attending Very Rare Tokens": -0.5838709677419356,
    "Very Rare Tokens Attending Rare Document Tokens": -0.5794354838709679,
    "Very Rare Document Tokens Attending Rare Document Tokens": -0.5794354838709679,
    "Rare Tokens Attending Rare Tokens": -0.5475806451612903,
    "Very Rare Tokens Attending Rare Tokens": -0.5423387096774195,
    "All Tokens Attending Very Rare Document Tokens": -0.5399193548387098,
    "Document Tokens Attending Very Rare Document Tokens": -0.5399193548387098,
    "Rare Document Tokens Attending Very Rare Tokens": -0.5399193548387098,
    "Rare Document Tokens Attending Very Rare Document Tokens": -0.5310483870967743,
    "All Tokens Attending Very Rare Tokens": -0.5310483870967743,
    "Rare Tokens Attending Very Rare Document Tokens": -0.5310483870967743,
    "Very Rare Document Tokens Attending Very Rare Tokens": -0.5306451612903227,
    "Rare Tokens Attending Very Rare Tokens": -0.525,
    "Rare Document Tokens Attending Rare Query Tokens": -0.5205645161290323,
    "Very Rare Document Tokens Attending Very Rare Document Tokens": -0.5145161290322581,
    "Very Rare Tokens Attending Very Rare Document Tokens": -0.5145161290322581,
    "Very Rare Document Tokens Attending Rare Query Tokens": -0.5125000000000001,
    "Rare Document Tokens Attending Very Rare Query Tokens": -0.5008064516129033,
    "Document Tokens Attending Rare Query Tokens": -0.4991935483870968,
    "Very Rare Document Tokens Attending Very Rare Query Tokens": -0.49879032258064526,
    "Rare Document Tokens Attending Rare Synonymous Tokens": -0.49314516129032265,
    "Document Tokens Attending Rare Synonymous Tokens": -0.4911290322580646,
    "Rare Document Tokens Attending Synonymous Tokens": -0.4911290322580646,
    "Very Rare Tokens Attending Very Rare Tokens": -0.4870967741935484,
    "Document Tokens Attending Synonymous Tokens": -0.48629032258064525,
    "All Tokens Attending Rare Query Tokens": -0.48266129032258065,
    "Very Rare Document Tokens Attending Synonymous Tokens": -0.48145161290322586,
    "Very Rare Document Tokens Attending Rare Synonymous Tokens": -0.480241935483871,
    "Rare Tokens Attending Rare Query Tokens": -0.480241935483871,
    "All Tokens Attending Rare Synonymous Tokens": -0.4766129032258065,
    "Rare Tokens Attending Synonymous Tokens": -0.4766129032258065,
    "Document Tokens Attending Very Rare Synonymous Tokens": -0.4758064516129033,
    "Document Tokens Attending Very Rare Query Tokens": -0.4754032258064516,
    "Rare Document Tokens Attending Very Rare Synonymous Tokens": -0.4741935483870969,
    "Very Rare Tokens Attending Rare Query Tokens": -0.4737903225806452,
    "All Tokens Attending Very Rare Query Tokens": -0.4737903225806452,
    "Rare Tokens Attending Rare Synonymous Tokens": -0.47258064516129034,
    "All Tokens Attending Synonymous Tokens": -0.4717741935483871,
    "Document Tokens Attending Very Rare Synonymous Query Tokens": -0.4685483870967742,
    "Rare Document Tokens Attending Very Rare Synonymous Query Tokens": -0.4685483870967742,
    "Very Rare Document Tokens Attending Rare Synonymous Query Tokens": -0.4669354838709678,
    "Very Rare Document Tokens Attending Synonymous Query Tokens": -0.4669354838709678,
    "Very Rare Document Tokens Attending Very Rare Synonymous Tokens": -0.4669354838709678,
    "Rare Document Tokens Attending Rare Synonymous Query Tokens": -0.4665322580645162,
    "Document Tokens Attending Synonymous Query Tokens": -0.4665322580645162,
    "Document Tokens Attending Rare Synonymous Query Tokens": -0.4665322580645162,
    "Rare Document Tokens Attending Synonymous Query Tokens": -0.4665322580645162,
    "Very Rare Document Tokens Attending Rare Matching Word Query Tokens": -0.45645161290322583,
    "Very Rare Document Tokens Attending Matching Word Query Tokens": -0.45645161290322583,
    "Very Rare Document Tokens Attending Very Rare Matching Word Query Tokens": -0.45645161290322583,
    "Document Tokens Attending Very Rare Matching Word Query Tokens": -0.45645161290322583,
    "Rare Document Tokens Attending Very Rare Matching Word Query Tokens": -0.45645161290322583,
    "Very Rare Document Tokens Attending Very Rare Synonymous Query Tokens": -0.4548387096774194,
    "Document Tokens Attending Rare Matching Word Query Tokens": -0.4540322580645162,
    "Rare Document Tokens Attending Rare Matching Word Query Tokens": -0.4540322580645162,
    "Rare Document Tokens Attending Matching Word Query Tokens": -0.4540322580645162,
    "All Tokens Attending Synonymous Document Tokens": -0.44112903225806455,
    "Document Tokens Attending Synonymous Document Tokens": -0.44112903225806455,
    "Rare Tokens Attending Synonymous Document Tokens": -0.4370967741935484,
    "Rare Document Tokens Attending Synonymous Document Tokens": -0.4370967741935484,
    "Document Tokens Attending Rare Synonymous Document Tokens": -0.4350806451612904,
    "All Tokens Attending Rare Synonymous Document Tokens": -0.4350806451612904,
    "Rare Document Tokens Attending Rare Synonymous Document Tokens": -0.4326612903225807,
    "Rare Tokens Attending Rare Synonymous Document Tokens": -0.4326612903225807,
    "Rare Tokens Attending Very Rare Query Tokens": -0.42701612903225805,
    "Rare Document Tokens Attending Matching Word Tokens": -0.4262096774193549,
    "Rare Document Tokens Attending Rare Matching Word Tokens": -0.4262096774193549,
    "Document Tokens Attending Rare Matching Word Tokens": -0.4262096774193549,
    "Very Rare Tokens Attending Very Rare Synonymous Tokens": -0.42459677419354847,
    "Rare Tokens Attending Very Rare Synonymous Tokens": -0.4225806451612903,
    "All Tokens Attending Very Rare Synonymous Tokens": -0.4201612903225807,
    "Very Rare Tokens Attending Rare Synonymous Tokens": -0.417741935483871,
    "Very Rare Document Tokens Attending Synonymous Document Tokens": -0.4161290322580646,
    "Very Rare Document Tokens Attending Rare Synonymous Document Tokens": -0.4161290322580646,
    "Very Rare Tokens Attending Rare Synonymous Document Tokens": -0.4161290322580646,
    "Very Rare Tokens Attending Synonymous Document Tokens": -0.4161290322580646,
    "Rare Tokens Attending Very Rare Synonymous Document Tokens": -0.41370967741935494,
    "Rare Document Tokens Attending Very Rare Synonymous Document Tokens": -0.41370967741935494,
    "Very Rare Document Tokens Attending Query Tokens": -0.41370967741935494,
    "Very Rare Tokens Attending Synonymous Tokens": -0.41290322580645167,
    "Very Rare Tokens Attending Very Rare Query Tokens": -0.4084677419354839,
    "Document Tokens Attending Very Rare Synonymous Document Tokens": -0.4048387096774194,
    "All Tokens Attending Very Rare Synonymous Document Tokens": -0.4048387096774194,
    "Rare Document Tokens Attending Query Tokens": -0.4,
    "All Tokens Attending Synonymous Query Tokens": -0.3951612903225806,
    "All Tokens Attending Rare Synonymous Query Tokens": -0.39395161290322583,
    "Rare Tokens Attending Rare Synonymous Query Tokens": -0.39395161290322583,
    "Rare Tokens Attending Synonymous Query Tokens": -0.39395161290322583,
    "Rare Tokens Attending Very Rare Matching Word Query Tokens": -0.3931451612903226,
    "Very Rare Tokens Attending Rare Matching Word Query Tokens": -0.3931451612903226,
    "Very Rare Tokens Attending Very Rare Matching Word Query Tokens": -0.3931451612903226,