{
    "Document Tokens Attending Rare Tokens": -0.7326612903225806,
    "Document Tokens Attending Very Rare Tokens": -0.7072580645161292,
    "All Tokens Attending Rare Tokens": -0.6975806451612904,
    "Rare Document Tokens Attending Rare Tokens": -0.6975806451612904,
    "Very Rare Document Tokens Attending Rare Tokens": -0.6947580645161291,
    "Document Tokens Attending Rare Document Tokens": -0.690725806451613,
    "All Tokens Attending Rare Document Tokens": -0.690725806451613,
    "Rare Tokens Attending Rare Document Tokens": -0.6891129032258065,
    "Rare Document Tokens Attending Rare Document Tokens": -0.6891129032258065,
    "Rare Document Tokens Attending Rare Query Tokens": -0.665725806451613,
    "Rare Document Tokens Attending Very Rare Tokens": -0.665725806451613,
    "Very Rare Document Tokens Attending Rare Query Tokens": -0.6645161290322581,
    "Very Rare Document Tokens Attending Very Rare Tokens": -0.6620967741935484,
    "Very Rare Tokens Attending Rare Document Tokens": -0.6600806451612903,
    "Very Rare Document Tokens Attending Rare Document Tokens": -0.6600806451612903,
    "Very Rare Tokens Attending Rare Tokens": -0.6576612903225807,
    "Rare Tokens Attending Rare Tokens": -0.6576612903225807,
    "All Tokens Attending Very Rare Tokens": -0.6504032258064517,
    "Rare Tokens Attending Very Rare Tokens": -0.6455645161290323,
    "All Tokens Attending Very Rare Document Tokens": -0.6423387096774195,
    "Document Tokens Attending Very Rare Document Tokens": -0.6423387096774195,
    "Very Rare Document Tokens Attending Very Rare Query Tokens": -0.6399193548387098,
    "Rare Document Tokens Attending Very Rare Document Tokens": -0.6350806451612904,
    "Rare Tokens Attending Very Rare Document Tokens": -0.6350806451612904,
    "Document Tokens Attending Rare Query Tokens": -0.6334677419354839,
    "Rare Tokens Attending Rare Query Tokens": -0.6310483870967742,
    "All Tokens Attending Rare Query Tokens": -0.628225806451613,
    "Rare Document Tokens Attending Very Rare Query Tokens": -0.6274193548387097,
    "Very Rare Tokens Attending Rare Query Tokens": -0.625,
    "Very Rare Tokens Attending Very Rare Tokens": -0.6169354838709679,
    "Very Rare Document Tokens Attending Very Rare Document Tokens": -0.614516129032258,
    "Very Rare Tokens Attending Very Rare Document Tokens": -0.614516129032258,
    "Rare Document Tokens Attending Rare Synonymous Tokens": -0.6100806451612903,
    "Document Tokens Attending Very Rare Synonymous Query Tokens": -0.6088709677419356,
    "Rare Document Tokens Attending Very Rare Synonymous Query Tokens": -0.6088709677419356,
    "Document Tokens Attending Rare Synonymous Tokens": -0.6080645161290323,
    "Rare Document Tokens Attending Synonymous Tokens": -0.6080645161290323,
    "Rare Document Tokens Attending Rare Synonymous Query Tokens": -0.6072580645161291,
    "Document Tokens Attending Synonymous Query Tokens": -0.6072580645161291,
    "Document Tokens Attending Rare Synonymous Query Tokens": -0.6072580645161291,
    "Rare Document Tokens Attending Synonymous Query Tokens": -0.6072580645161291,
    "Document Tokens Attending Very Rare Query Tokens": -0.6060483870967743,
    "Very Rare Document Tokens Attending Rare Synonymous Query Tokens": -0.605241935483871,
    "Very Rare Document Tokens Attending Synonymous Query Tokens": -0.605241935483871,
    "Document Tokens Attending Synonymous Tokens": -0.6032258064516131,
    "All Tokens Attending Very Rare Query Tokens": -0.6016129032258066,
    "Document Tokens Attending Rare Matching Word Query Tokens": -0.5975806451612904,
    "Rare Document Tokens Attending Rare Matching Word Query Tokens": -0.5975806451612904,
    "Rare Document Tokens Attending Matching Word Query Tokens": -0.5975806451612904,
    "Very Rare Document Tokens Attending Rare Matching Word Query Tokens": -0.5967741935483871,
    "Very Rare Document Tokens Attending Matching Word Query Tokens": -0.5967741935483871,
    "Very Rare Document Tokens Attending Very Rare Matching Word Query Tokens": -0.5967741935483871,
    "Document Tokens Attending Very Rare Matching Word Query Tokens": -0.5967741935483871,
    "Rare Document Tokens Attending Very Rare Matching Word Query Tokens": -0.5967741935483871,
    "Very Rare Document Tokens Attending Very Rare Synonymous Query Tokens": -0.5919354838709677,
    "Very Rare Document Tokens Attending Rare Synonymous Tokens": -0.5919354838709677,
    "Very Rare Document Tokens Attending Synonymous Tokens": -0.5915322580645161,
    "Document Tokens Attending Very Rare Synonymous Tokens": -0.5883064516129033,
    "Rare Document Tokens Attending Very Rare Synonymous Tokens": -0.5870967741935484,
    "All Tokens Attending Rare Synonymous Tokens": -0.5862903225806452,
    "Rare Tokens Attending Synonymous Tokens": -0.5862903225806452,
    "Rare Tokens Attending Rare Synonymous Tokens": -0.5830645161290323,
    "All Tokens Attending Synonymous Tokens": -0.5818548387096775,
    "Very Rare Document Tokens Attending Very Rare Synonymous Tokens": -0.5758064516129033,
    "Rare Tokens Attending Very Rare Query Tokens": -0.5709677419354839,
    "Very Rare Tokens Attending Very Rare Query Tokens": -0.5572580645161291,
    "All Tokens Attending Synonymous Query Tokens": -0.5423387096774195,
    "Rare Tokens Attending Synonymous Document Tokens": -0.5423387096774195,
    "Rare Document Tokens Attending Synonymous Document Tokens": -0.5423387096774195,
    "All Tokens Attending Synonymous Document Tokens": -0.5411290322580646,
    "Document Tokens Attending Synonymous Document Tokens": -0.5411290322580646,
    "Document Tokens Attending Rare Synonymous Document Tokens": -0.5399193548387098,
    "All Tokens Attending Rare Synonymous Query Tokens": -0.5399193548387098,
    "Rare Tokens Attending Rare Synonymous Query Tokens": -0.5399193548387098,
    "Rare Tokens Attending Synonymous Query Tokens": -0.5399193548387098,
    "All Tokens Attending Rare Synonymous Document Tokens": -0.5399193548387098,
    "Rare Document Tokens Attending Rare Synonymous Document Tokens": -0.5362903225806452,
    "Rare Tokens Attending Rare Synonymous Document Tokens": -0.5362903225806452,
    "Rare Document Tokens Attending Matching Word Tokens": -0.5338709677419355,
    "Rare Document Tokens Attending Rare Matching Word Tokens": -0.5338709677419355,
    "Document Tokens Attending Rare Matching Word Tokens": -0.5338709677419355,
    "Very Rare Document Tokens Attending Query Tokens": -0.5326612903225807,
    "Very Rare Tokens Attending Rare Synonymous Query Tokens": -0.5306451612903227,
    "Rare Tokens Attending Very Rare Synonymous Query Tokens": -0.5306451612903227,
    "All Tokens Attending Very Rare Synonymous Query Tokens": -0.5306451612903227,
    "Very Rare Tokens Attending Synonymous Query Tokens": -0.5306451612903227,
    "All Tokens Attending Rare Matching Word Query Tokens": -0.5282258064516129,
    "Rare Tokens Attending Very Rare Synonymous Tokens": -0.5282258064516129,
    "Rare Tokens Attending Rare Matching Word Query Tokens": -0.5282258064516129,
    "Rare Tokens Attending Matching Word Query Tokens": -0.5282258064516129,
    "Very Rare Tokens Attending Very Rare Synonymous Tokens": -0.5278225806451614,
    "Very Rare Tokens Attending Very Rare Synonymous Query Tokens": -0.5274193548387097,
    "Rare Tokens Attending Very Rare Matching Word Query Tokens": -0.526209677419355,
    "Very Rare Tokens Attending Rare Matching Word Query Tokens": -0.526209677419355,
    "Very Rare Tokens Attending Very Rare Matching Word Query Tokens": -0.526209677419355,
    "All Tokens Attending Very Rare Matching Word Query Tokens": -0.526209677419355,
    "Very Rare Tokens Attending Matching Word Query Tokens": -0.526209677419355,
    "Very Rare Tokens Attending Rare Synonymous Tokens": -0.5241935483870969,
    "All Tokens Attending Very Rare Synonymous Tokens": -0.5241935483870969,
    "Very Rare Tokens Attending Synonymous Tokens": -0.5217741935483872,