{
    "Document Tokens Attending Very Rare Tokens": 0.6605116796440489,
    "Document Tokens Attending Rare Tokens": 0.6582869855394883,
    "All Tokens Attending Very Rare Document Tokens": 0.6520578420467186,
    "Document Tokens Attending Very Rare Document Tokens": 0.6520578420467186,
    "All Tokens Attending Very Rare Tokens": 0.6507230255839822,
    "All Tokens Attending Rare Tokens": 0.6493882091212457,
    "Document Tokens Attending Rare Document Tokens": 0.6480533926585095,
    "All Tokens Attending Rare Document Tokens": 0.6480533926585095,
    "Rare Document Tokens Attending Rare Tokens": 0.6444938820912125,
    "Rare Document Tokens Attending Very Rare Document Tokens": 0.6249165739710789,
    "Very Rare Tokens Attending Rare Document Tokens": 0.6249165739710789,
    "Very Rare Document Tokens Attending Rare Document Tokens": 0.6249165739710789,
    "Rare Tokens Attending Very Rare Document Tokens": 0.6249165739710789,
    "Rare Tokens Attending Rare Document Tokens": 0.6226918798665184,
    "Rare Document Tokens Attending Rare Document Tokens": 0.6226918798665184,
    "Very Rare Document Tokens Attending Rare Tokens": 0.6182424916573971,
    "Rare Tokens Attending Rare Tokens": 0.6106785317018909,
    "Rare Document Tokens Attending Very Rare Tokens": 0.6004449388209121,
    "Very Rare Tokens Attending Rare Tokens": 0.5724137931034483,
    "Very Rare Document Tokens Attending Very Rare Document Tokens": 0.5675194660734149,
    "Very Rare Tokens Attending Very Rare Document Tokens": 0.5675194660734149,
    "Rare Tokens Attending Very Rare Tokens": 0.5492769744160179,
    "Very Rare Document Tokens Attending Very Rare Tokens": 0.5301446051167964,
    "Very Rare Tokens Attending Very Rare Tokens": 0.4972191323692992,
    "All Tokens Attending Semantic Match Document Tokens": 0.4758620689655172,
    "Document Tokens Attending Semantic Match Document Tokens": 0.4758620689655172,
    "Rare Tokens Attending Rare Semantic Match Document Tokens": 0.47141268075639603,
    "Rare Document Tokens Attending Rare Semantic Match Document Tokens": 0.47141268075639603,
    "Rare Document Tokens Attending Rare Semantic Match Tokens": 0.4705228031145718,
    "All Tokens Attending Semantic Match Tokens": 0.4687430478309232,
    "Document Tokens Attending Semantic Match Tokens": 0.46785317018909905,
    "Document Tokens Attending Rare Semantic Match Document Tokens": 0.4674082313681869,
    "Rare Document Tokens Attending Semantic Match Document Tokens": 0.4674082313681869,
    "All Tokens Attending Rare Semantic Match Document Tokens": 0.4674082313681869,
    "Rare Tokens Attending Semantic Match Document Tokens": 0.4674082313681869,
    "Rare Tokens Attending Rare Semantic Match Tokens": 0.4647385984427141,
    "Rare Tokens Attending Semantic Match Tokens": 0.4638487208008899,
    "All Tokens Attending Rare Semantic Match Tokens": 0.4638487208008899,
    "Very Rare Document Tokens Attending Rare Semantic Match Tokens": 0.4625139043381535,
    "Very Rare Document Tokens Attending Semantic Match Tokens": 0.46117908787541706,
    "Rare Document Tokens Attending Semantic Match Tokens": 0.4589543937708565,
    "Document Tokens Attending Rare Semantic Match Tokens": 0.4589543937708565,
    "Document Tokens Attending Very Rare Semantic Match Tokens": 0.4562847608453838,
    "Rare Document Tokens Attending Very Rare Semantic Match Tokens": 0.4562847608453838,
    "Document Tokens Attending Rare Query Tokens": 0.4518353726362625,
    "Very Rare Tokens Attending Rare Semantic Match Tokens": 0.4509454949944383,
    "Document Tokens Attending Very Rare Query Tokens": 0.44827586206896547,
    "Very Rare Document Tokens Attending Very Rare Semantic Match Tokens": 0.44338153503893213,
    "Rare Tokens Attending Very Rare Semantic Match Tokens": 0.44160177975528364,
    "Very Rare Tokens Attending Semantic Match Tokens": 0.44160177975528364,
    "All Tokens Attending Very Rare Semantic Match Tokens": 0.4353726362625139,
    "Rare Document Tokens Attending Rare Query Tokens": 0.4353726362625139,
    "Very Rare Document Tokens Attending Rare Query Tokens": 0.43403781979977757,
    "Rare Document Tokens Attending Very Rare Query Tokens": 0.4331479421579533,
    "Very Rare Tokens Attending Very Rare Semantic Match Tokens": 0.43270300333704115,
    "All Tokens Attending Rare Query Tokens": 0.42869855394883205,
    "Very Rare Tokens Attending Rare Query Tokens": 0.42602892102335926,
    "Rare Tokens Attending Rare Query Tokens": 0.4242491657397108,
    "Very Rare Document Tokens Attending Very Rare Query Tokens": 0.4206896551724138,
    "Very Rare Document Tokens Attending Rare Semantic Match Document Tokens": 0.4197997775305895,
    "Very Rare Tokens Attending Rare Semantic Match Document Tokens": 0.4197997775305895,
    "Document Tokens Attending Very Rare Semantic Match Document Tokens": 0.4197997775305895,
    "All Tokens Attending Very Rare Semantic Match Document Tokens": 0.4197997775305895,
    "All Tokens Attending Very Rare Query Tokens": 0.4189098998887653,
    "Very Rare Tokens Attending Very Rare Semantic Match Document Tokens": 0.41713014460511677,
    "Very Rare Document Tokens Attending Very Rare Semantic Match Document Tokens": 0.41713014460511677,
    "Very Rare Document Tokens Attending Semantic Match Document Tokens": 0.41045606229143494,
    "Very Rare Tokens Attending Semantic Match Document Tokens": 0.41045606229143494,
    "Rare Tokens Attending Very Rare Semantic Match Document Tokens": 0.41045606229143494,
    "Rare Document Tokens Attending Very Rare Semantic Match Document Tokens": 0.41045606229143494,
    "Rare Tokens Attending Very Rare Query Tokens": 0.4064516129032258,
    "Very Rare Tokens Attending Very Rare Query Tokens": 0.403781979977753,
    "Rare Document Tokens Attending Lexical Match Tokens": 0.3993325917686318,
    "Document Tokens Attending Rare Lexical Match Tokens": 0.3993325917686318,
    "Rare Document Tokens Attending Rare Lexical Match Tokens": 0.3993325917686318,
    "Document Tokens Attending Query Tokens": 0.38331479421579534,
    "Rare Tokens Attending Rare Lexical Match Tokens": 0.3552836484983315,
    "All Tokens Attending Rare Lexical Match Tokens": 0.3552836484983315,
    "Rare Tokens Attending Lexical Match Tokens": 0.3552836484983315,
    "Very Rare Document Tokens Attending Query Tokens": 0.3521690767519466,
    "All Tokens Attending Rare Lexical Match Document Tokens": 0.34949944382647385,
    "Rare Tokens Attending Lexical Match Document Tokens": 0.34949944382647385,
    "Rare Document Tokens Attending Lexical Match Document Tokens": 0.34949944382647385,
    "Rare Tokens Attending Rare Lexical Match Document Tokens": 0.34949944382647385,
    "Rare Document Tokens Attending Rare Lexical Match Document Tokens": 0.34949944382647385,
    "Document Tokens Attending Rare Lexical Match Document Tokens": 0.34949944382647385,
    "Rare Document Tokens Attending Semantic Match Query Tokens": 0.3468298109010011,
    "Document Tokens Attending Semantic Match Query Tokens": 0.3468298109010011,
    "Document Tokens Attending Rare Semantic Match Query Tokens": 0.3468298109010011,
    "Rare Document Tokens Attending Rare Semantic Match Query Tokens": 0.3468298109010011,
    "Rare Document Tokens Attending Query Tokens": 0.34282536151279197,
    "Very Rare Document Tokens Attending Semantic Match Query Tokens": 0.3397107897664071,
    "Rare Document Tokens Attending All Tokens": 0.335706340378198,
    "Very Rare Document Tokens Attending Rare Semantic Match Query Tokens": 0.33303670745272523,
    "Rare Document Tokens Attending Lexical Match Query Tokens": 0.332146829810901,
    "Rare Document Tokens Attending Rare Lexical Match Query Tokens": 0.332146829810901,