{
    "Document Tokens Attending Rare Tokens": 0.6861864249735513,
    "Document Tokens Attending Rare Document Tokens": 0.6837048369891008,
    "All Tokens Attending Rare Document Tokens": 0.6837048369891008,
    "All Tokens Attending Rare Tokens": 0.6688771983633456,
    "Document Tokens Attending Very Rare Tokens": 0.6590363799326279,
    "Rare Document Tokens Attending Rare Tokens": 0.6527558583407982,
    "All Tokens Attending Very Rare Document Tokens": 0.6521605652398205,
    "Document Tokens Attending Very Rare Document Tokens": 0.6521605652398205,
    "Rare Tokens Attending Rare Document Tokens": 0.6374473931614484,
    "Rare Document Tokens Attending Rare Document Tokens": 0.6374473931614484,
    "Very Rare Document Tokens Attending Rare Tokens": 0.6361567240395273,
    "All Tokens Attending Very Rare Tokens": 0.6357211289633306,
    "Rare Tokens Attending Rare Tokens": 0.6262024691928125,
    "Rare Document Tokens Attending Very Rare Tokens": 0.6129017658426666,
    "Very Rare Tokens Attending Rare Document Tokens": 0.6092873077464994,
    "Very Rare Document Tokens Attending Rare Document Tokens": 0.6092873077464994,
    "Very Rare Tokens Attending Rare Tokens": 0.606191950035473,
    "Document Tokens Attending Rare Query Tokens": 0.6019818150144975,
    "Rare Document Tokens Attending Rare Query Tokens": 0.584992606982252,
    "Very Rare Document Tokens Attending Rare Query Tokens": 0.5845004774815876,
    "Rare Document Tokens Attending Very Rare Document Tokens": 0.5828517172997868,
    "Rare Tokens Attending Very Rare Document Tokens": 0.5828517172997868,
    "Rare Tokens Attending Very Rare Tokens": 0.5777399368501677,
    "All Tokens Attending Rare Query Tokens": 0.5760889020346851,
    "Document Tokens Attending Very Rare Query Tokens": 0.5687893784972187,
    "Very Rare Document Tokens Attending Very Rare Tokens": 0.5627835194431846,
    "Rare Document Tokens Attending Very Rare Query Tokens": 0.5492865603352257,
    "Very Rare Document Tokens Attending Very Rare Query Tokens": 0.5471567136432839,
    "Rare Tokens Attending Rare Query Tokens": 0.5439645833648536,
    "Very Rare Tokens Attending Rare Query Tokens": 0.5406334510842589,
    "All Tokens Attending Very Rare Query Tokens": 0.5399017209811229,
    "Document Tokens Attending Semantic Match Query Tokens": 0.5339998061143199,
    "Document Tokens Attending Rare Semantic Match Query Tokens": 0.5326269513974825,
    "Rare Document Tokens Attending Semantic Match Query Tokens": 0.5319636073237113,
    "Rare Document Tokens Attending Rare Semantic Match Query Tokens": 0.5309967519988235,
    "Very Rare Tokens Attending Very Rare Tokens": 0.5184010929107123,
    "Rare Tokens Attending Very Rare Query Tokens": 0.5040892248599775,
    "Very Rare Document Tokens Attending Semantic Match Query Tokens": 0.5034135698480022,
    "Very Rare Document Tokens Attending Rare Semantic Match Query Tokens": 0.5026495936693554,
    "Document Tokens Attending Very Rare Semantic Match Query Tokens": 0.4983952823575363,
    "Rare Document Tokens Attending Very Rare Semantic Match Query Tokens": 0.49788192544209486,
    "Very Rare Document Tokens Attending Very Rare Document Tokens": 0.49645292873974894,
    "Very Rare Tokens Attending Very Rare Document Tokens": 0.49645292873974894,
    "Rare Document Tokens Attending Lexical Match Query Tokens": 0.4955036231115656,
    "Rare Document Tokens Attending Rare Lexical Match Query Tokens": 0.4955036231115656,
    "Document Tokens Attending Rare Lexical Match Query Tokens": 0.4955036231115656,
    "Very Rare Tokens Attending Very Rare Query Tokens": 0.4917382799130442,
    "Document Tokens Attending Query Tokens": 0.48872024421463833,
    "Very Rare Document Tokens Attending Very Rare Semantic Match Query Tokens": 0.48789486997867604,
    "Very Rare Document Tokens Attending Query Tokens": 0.48337896266553526,
    "Document Tokens Attending Very Rare Lexical Match Query Tokens": 0.47498149883211327,
    "Rare Document Tokens Attending Very Rare Lexical Match Query Tokens": 0.47498149883211327,
    "Very Rare Document Tokens Attending Lexical Match Query Tokens": 0.47498149883211327,
    "Very Rare Document Tokens Attending Very Rare Lexical Match Query Tokens": 0.47498149883211327,
    "Very Rare Document Tokens Attending Rare Lexical Match Query Tokens": 0.47498149883211327,
    "Rare Document Tokens Attending Query Tokens": 0.46626880486597166,
    "Document Tokens Attending Lexical Match Query Tokens": 0.45031773744812664,
    "Very Rare Document Tokens Attending Document Tokens": -0.4443490841853559,
    "Very Rare Tokens Attending Document Tokens": -0.4443490841853559,
    "All Tokens Attending Rare Semantic Match Query Tokens": 0.4195701311768161,
    "Rare Tokens Attending Semantic Match Query Tokens": 0.41850847356890014,
    "Rare Tokens Attending Document Tokens": -0.41653863888487336,
    "Rare Document Tokens Attending Document Tokens": -0.41653863888487336,
    "All Tokens Attending Semantic Match Query Tokens": 0.41633410733049137,
    "Rare Tokens Attending Rare Semantic Match Query Tokens": 0.4154530480868228,
    "All Tokens Attending Query Tokens": 0.40333275019002385,
    "All Tokens Attending Document Tokens": -0.40331825737711885,
    "Document Tokens Attending Document Tokens": -0.40331825737711885,
    "Very Rare Document Tokens Attending Semantic Match Tokens": 0.384275795172953,
    "Very Rare Tokens Attending Query Tokens": 0.38381200542867266,
    "Very Rare Document Tokens Attending Rare Semantic Match Tokens": 0.3830785267698459,
    "Rare Document Tokens Attending Semantic Match Tokens": 0.38142699057440366,
    "Rare Tokens Attending Query Tokens": 0.3805371454053725,
    "Rare Document Tokens Attending Rare Semantic Match Tokens": 0.37973700415924405,
    "Document Tokens Attending Rare Semantic Match Tokens": 0.37951303155979016,
    "Very Rare Tokens Attending Semantic Match Query Tokens": 0.3769149849081951,
    "Rare Document Tokens Attending Very Rare Semantic Match Tokens": 0.3761806218120341,
    "Document Tokens Attending Semantic Match Tokens": 0.3757829584312756,
    "Document Tokens Attending Very Rare Semantic Match Tokens": 0.37464614456996986,
    "Very Rare Tokens Attending Rare Semantic Match Query Tokens": 0.3740932079265412,
    "All Tokens Attending Very Rare Semantic Match Query Tokens": 0.3686171709764029,
    "Rare Tokens Attending Very Rare Semantic Match Query Tokens": 0.36741858672236954,
    "Very Rare Document Tokens Attending Very Rare Semantic Match Tokens": 0.36177627556481495,
    "Very Rare Tokens Attending Very Rare Semantic Match Query Tokens": 0.34122433840103805,
    "Rare Tokens Attending Semantic Match Tokens": 0.3207859333625968,
    "All Tokens Attending Rare Semantic Match Tokens": 0.31839701442884466,
    "Rare Tokens Attending Rare Semantic Match Tokens": 0.31809147423565887,
    "Very Rare Tokens Attending Semantic Match Tokens": 0.3173498682812094,
    "All Tokens Attending Semantic Match Tokens": 0.31548859645451527,
    "Very Rare Tokens Attending Rare Semantic Match Tokens": 0.31535061073600806,
    "Rare Tokens Attending Lexical Match Query Tokens": 0.31152533424887974,
    "All Tokens Attending Rare Lexical Match Query Tokens": 0.31152533424887974,
    "Rare Tokens Attending Rare Lexical Match Query Tokens": 0.31152533424887974,
    "Rare Tokens Attending Very Rare Semantic Match Tokens": 0.30771324443578024,
    "All Tokens Attending Very Rare Semantic Match Tokens": 0.30574936583228407,
    "Very Rare Tokens Attending Very Rare Semantic Match Tokens": 0.2904120961856848,
    "Rare Document Tokens Attending All Tokens": 0.2840470596337271,
    "Very Rare Tokens Attending Lexical Match Query Tokens": 0.28276883409746173,
    "All Tokens Attending Very Rare Lexical Match Query Tokens": 0.28276883409746173,
    "Very Rare Tokens Attending Very Rare Lexical Match Query Tokens": 0.28276883409746173,