{
    "Very Rare Document Tokens Attending Rare Tokens": -0.8891697806440118,
    "Rare Document Tokens Attending Rare Tokens": -0.8812890916151692,
    "Very Rare Tokens Attending Rare Tokens": -0.8769667614477867,
    "Document Tokens Attending Rare Document Tokens": -0.8722538311780412,
    "All Tokens Attending Rare Document Tokens": -0.8722538311780412,
    "Rare Tokens Attending Rare Tokens": -0.8701508497823721,
    "Document Tokens Attending Rare Tokens": -0.8698371756490975,
    "Very Rare Tokens Attending Rare Document Tokens": -0.8660411007475652,
    "Very Rare Document Tokens Attending Rare Document Tokens": -0.8660411007475652,
    "All Tokens Attending Rare Tokens": -0.8637522903871067,
    "Rare Tokens Attending Rare Document Tokens": -0.8521029584918007,
    "Rare Document Tokens Attending Rare Document Tokens": -0.8521029584918007,
    "Rare Document Tokens Attending Very Rare Tokens": -0.8497399185030283,
    "Rare Tokens Attending Very Rare Tokens": -0.8332637337008639,
    "All Tokens Attending Very Rare Document Tokens": -0.8063637898736584,
    "Document Tokens Attending Very Rare Document Tokens": -0.8063637898736584,
    "Document Tokens Attending Very Rare Tokens": -0.8063168318279867,
    "Rare Document Tokens Attending Very Rare Document Tokens": -0.8054877686672951,
    "Rare Tokens Attending Very Rare Document Tokens": -0.8054877686672951,
    "All Tokens Attending Very Rare Tokens": -0.797026540561671,
    "Very Rare Document Tokens Attending Very Rare Tokens": -0.7957331241216344,
    "Very Rare Tokens Attending Very Rare Tokens": -0.7614513872183037,
    "Very Rare Document Tokens Attending Very Rare Document Tokens": -0.7237895489712713,
    "Very Rare Tokens Attending Very Rare Document Tokens": -0.7237895489712713,
    "Very Rare Tokens Attending Rare Query Tokens": -0.7182183233903723,
    "Very Rare Document Tokens Attending Rare Query Tokens": -0.7159425411608141,
    "Rare Tokens Attending Rare Query Tokens": -0.711401462066334,
    "Rare Document Tokens Attending Rare Query Tokens": -0.7082641229081955,
    "Very Rare Document Tokens Attending Very Rare Query Tokens": -0.6998300585998289,
    "Rare Document Tokens Attending Very Rare Query Tokens": -0.6954159857764751,
    "Rare Document Tokens Attending Rare Semantic Match Query Tokens": -0.687409094670067,
    "Document Tokens Attending Rare Semantic Match Query Tokens": -0.6871350455946786,
    "Rare Document Tokens Attending Semantic Match Query Tokens": -0.6864392637645682,
    "Document Tokens Attending Rare Query Tokens": -0.6846115863932413,
    "Rare Tokens Attending Very Rare Query Tokens": -0.6841314463045458,
    "Document Tokens Attending Semantic Match Query Tokens": -0.6833149463946795,
    "Document Tokens Attending Very Rare Semantic Match Query Tokens": -0.6779053624866316,
    "Rare Document Tokens Attending Very Rare Semantic Match Query Tokens": -0.6775732920588042,
    "Very Rare Document Tokens Attending Rare Semantic Match Query Tokens": -0.6767097710236816,
    "Very Rare Tokens Attending Very Rare Query Tokens": -0.6765471908693397,
    "Rare Document Tokens Attending Lexical Match Query Tokens": -0.6764677242391879,
    "Rare Document Tokens Attending Rare Lexical Match Query Tokens": -0.6764677242391879,
    "Document Tokens Attending Rare Lexical Match Query Tokens": -0.6764677242391879,
    "Very Rare Document Tokens Attending Semantic Match Query Tokens": -0.676364792028622,
    "Document Tokens Attending Very Rare Lexical Match Query Tokens": -0.6686142156737744,
    "Rare Document Tokens Attending Very Rare Lexical Match Query Tokens": -0.6686142156737744,
    "Very Rare Document Tokens Attending Lexical Match Query Tokens": -0.6686142156737744,
    "Very Rare Document Tokens Attending Very Rare Lexical Match Query Tokens": -0.6686142156737744,
    "Very Rare Document Tokens Attending Rare Lexical Match Query Tokens": -0.6686142156737744,
    "Very Rare Document Tokens Attending Very Rare Semantic Match Query Tokens": -0.6666187675914668,
    "All Tokens Attending Rare Query Tokens": -0.6654326166305503,
    "Document Tokens Attending Very Rare Query Tokens": -0.6013326346474358,
    "Document Tokens Attending Lexical Match Query Tokens": -0.5790894685476784,
    "All Tokens Attending Very Rare Query Tokens": -0.5713697642560269,
    "Very Rare Document Tokens Attending Document Tokens": 0.5337602268642943,
    "Very Rare Tokens Attending Document Tokens": 0.5337602268642943,
    "Rare Tokens Attending Semantic Match Query Tokens": -0.501818525301434,
    "All Tokens Attending Rare Semantic Match Query Tokens": -0.5012172563103768,
    "Rare Tokens Attending Rare Semantic Match Query Tokens": -0.49201634588137855,
    "All Tokens Attending Semantic Match Query Tokens": -0.4910936696652829,
    "Very Rare Tokens Attending Semantic Match Query Tokens": -0.48961382170526124,
    "All Tokens Attending Very Rare Semantic Match Query Tokens": -0.4843700624687072,
    "Rare Tokens Attending Very Rare Semantic Match Query Tokens": -0.4818793933837984,
    "Very Rare Tokens Attending Rare Semantic Match Query Tokens": -0.48119626627670165,
    "Rare Tokens Attending Document Tokens": 0.46808435917606195,
    "Rare Document Tokens Attending Document Tokens": 0.46808435917606195,
    "Very Rare Document Tokens Attending Query Tokens": -0.45458373562694,
    "Very Rare Document Tokens Attending All Tokens": 0.4509369313898277,
    "Very Rare Tokens Attending All Tokens": 0.4378250698052141,
    "Rare Document Tokens Attending Query Tokens": -0.42302240334074614,
    "Very Rare Tokens Attending Very Rare Semantic Match Query Tokens": -0.4006885158490154,
    "Rare Document Tokens Attending All Tokens": 0.397808634254601,
    "Very Rare Tokens Attending Query Tokens": -0.3973189989461718,
    "Query Tokens Attending Rare Query Tokens": -0.39636788652813526,
    "Query Tokens Attending Rare Tokens": -0.39636788652813526,
    "Rare Tokens Attending Query Tokens": -0.39072315300707294,
    "Very Rare Document Tokens Attending Semantic Match Tokens": -0.376325480459184,
    "Very Rare Document Tokens Attending Rare Semantic Match Tokens": -0.36820377613819183,
    "Rare Document Tokens Attending Semantic Match Tokens": -0.36107108549450384,
    "Document Tokens Attending Query Tokens": -0.35947988874360476,
    "Document Tokens Attending Rare Semantic Match Tokens": -0.3542463656904702,
    "Rare Document Tokens Attending Very Rare Semantic Match Tokens": -0.3512476319291588,
    "Document Tokens Attending Very Rare Semantic Match Tokens": -0.3495807239641713,
    "Rare Document Tokens Attending Rare Semantic Match Tokens": -0.3450655784634288,
    "Document Tokens Attending Semantic Match Tokens": -0.3438119502636491,
    "Very Rare Tokens Attending Lexical Match Query Tokens": -0.31581644838385287,
    "All Tokens Attending Very Rare Lexical Match Query Tokens": -0.31581644838385287,
    "Very Rare Tokens Attending Very Rare Lexical Match Query Tokens": -0.31581644838385287,
    "Very Rare Tokens Attending Rare Lexical Match Query Tokens": -0.31581644838385287,
    "Rare Tokens Attending Very Rare Lexical Match Query Tokens": -0.31581644838385287,
    "Very Rare Tokens Attending Semantic Match Tokens": -0.3155487594163818,
    "All Tokens Attending Query Tokens": -0.31255256873030207,
    "All Tokens Attending Document Tokens": 0.31254925079870494,
    "Document Tokens Attending Document Tokens": 0.31254925079870494,
    "Rare Tokens Attending Semantic Match Tokens": -0.3084051411537032,
    "Very Rare Tokens Attending Rare Semantic Match Tokens": -0.3074340475733349,
    "All Tokens Attending Rare Semantic Match Tokens": -0.30183798560941466,
    "Very Rare Document Tokens Attending Very Rare Semantic Match Tokens": -0.3009501454260197,
    "All Tokens Attending Semantic Match Tokens": -0.29474898682472883,
    "Rare Tokens Attending Very Rare Semantic Match Tokens": -0.29354295041985656,