{
    "Document Tokens Attending Rare Document Tokens": 0.9032370733195862,
    "All Tokens Attending Rare Document Tokens": 0.9032370733195862,
    "Document Tokens Attending Rare Tokens": 0.9009878510381668,
    "Rare Document Tokens Attending Rare Tokens": 0.8989948737146487,
    "Very Rare Document Tokens Attending Rare Tokens": 0.8984358684803327,
    "All Tokens Attending Rare Tokens": 0.8938535857138189,
    "Rare Tokens Attending Rare Tokens": 0.887206308476799,
    "Very Rare Tokens Attending Rare Tokens": 0.8856265961961738,
    "Very Rare Tokens Attending Rare Document Tokens": 0.8778343656331147,
    "Very Rare Document Tokens Attending Rare Document Tokens": 0.8778343656331147,
    "Rare Tokens Attending Rare Document Tokens": 0.875168920855097,
    "Rare Document Tokens Attending Rare Document Tokens": 0.875168920855097,
    "Rare Document Tokens Attending Very Rare Tokens": 0.866761362375981,
    "Rare Tokens Attending Very Rare Tokens": 0.8494869501520671,
    "Document Tokens Attending Very Rare Tokens": 0.8455061144816082,
    "All Tokens Attending Very Rare Document Tokens": 0.8422308378219934,
    "Document Tokens Attending Very Rare Document Tokens": 0.8422308378219934,
    "All Tokens Attending Very Rare Tokens": 0.8351029721596959,
    "Rare Document Tokens Attending Very Rare Document Tokens": 0.8248936196113619,
    "Rare Tokens Attending Very Rare Document Tokens": 0.8248936196113619,
    "Very Rare Document Tokens Attending Very Rare Tokens": 0.8145173760169053,
    "Very Rare Tokens Attending Very Rare Tokens": 0.7803459582227246,
    "Very Rare Document Tokens Attending Very Rare Document Tokens": 0.7431488458274882,
    "Very Rare Tokens Attending Very Rare Document Tokens": 0.7431488458274882,
    "Very Rare Tokens Attending Rare Query Tokens": 0.7119518994482834,
    "Very Rare Document Tokens Attending Rare Query Tokens": 0.7113662540804562,
    "Document Tokens Attending Rare Query Tokens": 0.7107495584651119,
    "Very Rare Document Tokens Attending Very Rare Query Tokens": 0.7057598543883563,
    "Rare Tokens Attending Rare Query Tokens": 0.6982588361956777,
    "Rare Document Tokens Attending Rare Query Tokens": 0.6947117698830565,
    "Rare Document Tokens Attending Very Rare Query Tokens": 0.6943917099324528,
    "Document Tokens Attending Very Rare Lexical Match Query Tokens": 0.6901063575816047,
    "Rare Document Tokens Attending Very Rare Lexical Match Query Tokens": 0.6901063575816047,
    "Very Rare Document Tokens Attending Lexical Match Query Tokens": 0.6901063575816047,
    "Very Rare Document Tokens Attending Very Rare Lexical Match Query Tokens": 0.6901063575816047,
    "Very Rare Document Tokens Attending Rare Lexical Match Query Tokens": 0.6901063575816047,
    "Very Rare Tokens Attending Very Rare Query Tokens": 0.6868520419401377,
    "Rare Document Tokens Attending Lexical Match Query Tokens": 0.6854610992366036,
    "Rare Document Tokens Attending Rare Lexical Match Query Tokens": 0.6854610992366036,
    "Document Tokens Attending Rare Lexical Match Query Tokens": 0.6854610992366036,
    "All Tokens Attending Rare Query Tokens": 0.6854571084739478,
    "Rare Tokens Attending Very Rare Query Tokens": 0.6817133723601623,
    "Rare Document Tokens Attending Rare Semantic Match Query Tokens": 0.6745519794488614,
    "Document Tokens Attending Rare Semantic Match Query Tokens": 0.6740891410369269,
    "Document Tokens Attending Very Rare Semantic Match Query Tokens": 0.6739124593555266,
    "Rare Document Tokens Attending Very Rare Semantic Match Query Tokens": 0.6732082108101065,
    "Rare Document Tokens Attending Semantic Match Query Tokens": 0.6729741428808501,
    "Very Rare Document Tokens Attending Rare Semantic Match Query Tokens": 0.6722916846525138,
    "Very Rare Document Tokens Attending Semantic Match Query Tokens": 0.6714023191955659,
    "Document Tokens Attending Semantic Match Query Tokens": 0.6681258395296443,
    "Very Rare Document Tokens Attending Very Rare Semantic Match Query Tokens": 0.6624055936778745,
    "Document Tokens Attending Very Rare Query Tokens": 0.6515077925605244,
    "All Tokens Attending Very Rare Query Tokens": 0.6128501063974761,
    "Document Tokens Attending Lexical Match Query Tokens": 0.5655153949308823,
    "Rare Tokens Attending Semantic Match Query Tokens": 0.5284064898359008,
    "All Tokens Attending Rare Semantic Match Query Tokens": 0.5282373203724756,
    "Rare Tokens Attending Rare Semantic Match Query Tokens": 0.519841139364623,
    "All Tokens Attending Semantic Match Query Tokens": 0.5162887186519501,
    "Very Rare Tokens Attending Semantic Match Query Tokens": 0.5160267009817131,
    "All Tokens Attending Very Rare Semantic Match Query Tokens": 0.5107034448423613,
    "Very Rare Tokens Attending Rare Semantic Match Query Tokens": 0.5085029235406012,
    "Very Rare Tokens Attending All Tokens": -0.5082576443139575,
    "Rare Tokens Attending Very Rare Semantic Match Query Tokens": 0.508020375976319,
    "Very Rare Document Tokens Attending Document Tokens": -0.5022259866995772,
    "Very Rare Tokens Attending Document Tokens": -0.5022259866995772,
    "Very Rare Document Tokens Attending All Tokens": -0.4642357654639639,
    "Very Rare Tokens Attending Very Rare Semantic Match Query Tokens": 0.4310721304688541,
    "Rare Tokens Attending Document Tokens": -0.4218073600422024,
    "Rare Document Tokens Attending Document Tokens": -0.4218073600422024,
    "Very Rare Document Tokens Attending Query Tokens": 0.40549952343386236,
    "Very Rare Document Tokens Attending Semantic Match Tokens": 0.4038093025018322,
    "Rare Document Tokens Attending Semantic Match Tokens": 0.40366377035579,
    "Rare Document Tokens Attending All Tokens": -0.3981792069222899,
    "Document Tokens Attending Rare Semantic Match Tokens": 0.3971428532146211,
    "Very Rare Document Tokens Attending Rare Semantic Match Tokens": 0.3959882160579896,
    "Rare Document Tokens Attending Rare Semantic Match Tokens": 0.3883894200178441,
    "Document Tokens Attending Semantic Match Tokens": 0.3883509447769026,
    "Query Tokens Attending Rare Query Tokens": 0.38650673629276966,
    "Query Tokens Attending Rare Tokens": 0.38650673629276966,
    "Rare Document Tokens Attending Very Rare Semantic Match Tokens": 0.3795834062988652,
    "Document Tokens Attending Very Rare Semantic Match Tokens": 0.37797094767652417,
    "Rare Document Tokens Attending Query Tokens": 0.366734679840518,
    "Very Rare Tokens Attending Lexical Match Query Tokens": 0.3614891450688747,
    "All Tokens Attending Very Rare Lexical Match Query Tokens": 0.3614891450688747,
    "Very Rare Tokens Attending Very Rare Lexical Match Query Tokens": 0.3614891450688747,
    "Very Rare Tokens Attending Rare Lexical Match Query Tokens": 0.3614891450688747,
    "Rare Tokens Attending Very Rare Lexical Match Query Tokens": 0.3614891450688747,
    "Rare Tokens Attending Semantic Match Tokens": 0.3509828257488032,
    "All Tokens Attending Rare Semantic Match Tokens": 0.34467902596974864,
    "Very Rare Tokens Attending Semantic Match Tokens": 0.34375294752762775,
    "Very Rare Tokens Attending Query Tokens": 0.3418454339125585,
    "All Tokens Attending Semantic Match Tokens": 0.33902158507333396,
    "Rare Tokens Attending Rare Semantic Match Tokens": 0.3364797617018017,
    "Very Rare Tokens Attending Rare Semantic Match Tokens": 0.3359127333178781,
    "Rare Tokens Attending Query Tokens": 0.33242084257241666,
    "Very Rare Document Tokens Attending Very Rare Semantic Match Tokens": 0.329749594764836,
    "Rare Tokens Attending Very Rare Semantic Match Tokens": 0.3223784703748691,
    "Rare Tokens Attending Lexical Match Query Tokens": 0.3222248610899878,
    "All Tokens Attending Rare Lexical Match Query Tokens": 0.3222248610899878,
    "Rare Tokens Attending Rare Lexical Match Query Tokens": 0.3222248610899878,