{
    "Document Tokens Attending Rare Document Tokens": 0.9055144960429882,
    "All Tokens Attending Rare Document Tokens": 0.9055144960429882,
    "Document Tokens Attending Rare Tokens": 0.8960103565556051,
    "Rare Document Tokens Attending Rare Tokens": 0.8923054931201713,
    "All Tokens Attending Rare Tokens": 0.890422272350665,
    "Rare Tokens Attending Rare Document Tokens": 0.8861436401161877,
    "Rare Document Tokens Attending Rare Document Tokens": 0.8861436401161877,
    "Rare Tokens Attending Rare Tokens": 0.8840325463678338,
    "Very Rare Document Tokens Attending Rare Tokens": 0.8835488780495802,
    "Very Rare Tokens Attending Rare Document Tokens": 0.881003636323288,
    "Very Rare Document Tokens Attending Rare Document Tokens": 0.881003636323288,
    "Rare Document Tokens Attending Very Rare Tokens": 0.8759702772938427,
    "Very Rare Tokens Attending Rare Tokens": 0.8754940844991674,
    "All Tokens Attending Very Rare Document Tokens": 0.8695876680799716,
    "Document Tokens Attending Very Rare Document Tokens": 0.8695876680799716,
    "Document Tokens Attending Very Rare Tokens": 0.866055201203414,
    "Rare Tokens Attending Very Rare Tokens": 0.8632127684313003,
    "All Tokens Attending Very Rare Tokens": 0.8578015702851325,
    "Rare Document Tokens Attending Very Rare Document Tokens": 0.8527389827791906,
    "Rare Tokens Attending Very Rare Document Tokens": 0.8527389827791906,
    "Very Rare Document Tokens Attending Very Rare Tokens": 0.8383200433264912,
    "Very Rare Tokens Attending Very Rare Tokens": 0.8121543823511501,
    "Very Rare Document Tokens Attending Very Rare Document Tokens": 0.7876415000313642,
    "Very Rare Tokens Attending Very Rare Document Tokens": 0.7876415000313642,
    "Document Tokens Attending Rare Query Tokens": 0.6604150768726034,
    "All Tokens Attending Rare Query Tokens": 0.6517435783751127,
    "Very Rare Tokens Attending Rare Query Tokens": 0.6493628192003567,
    "Very Rare Tokens Attending Very Rare Query Tokens": 0.6490772860532966,
    "Rare Tokens Attending Rare Query Tokens": 0.6357290049319926,
    "Rare Tokens Attending Very Rare Query Tokens": 0.6313453263478169,
    "Document Tokens Attending Very Rare Query Tokens": 0.623960797453257,
    "Very Rare Document Tokens Attending Rare Query Tokens": 0.6225728873079491,
    "Very Rare Document Tokens Attending Very Rare Query Tokens": 0.6203029162585751,
    "Rare Document Tokens Attending Very Rare Query Tokens": 0.6144874411388841,
    "Rare Document Tokens Attending Rare Query Tokens": 0.6078494390338873,
    "All Tokens Attending Very Rare Query Tokens": 0.6056628129363016,
    "Document Tokens Attending Very Rare Lexical Match Query Tokens": 0.5971910644941396,
    "Rare Document Tokens Attending Very Rare Lexical Match Query Tokens": 0.5971910644941396,
    "Very Rare Document Tokens Attending Lexical Match Query Tokens": 0.5971910644941396,
    "Very Rare Document Tokens Attending Very Rare Lexical Match Query Tokens": 0.5971910644941396,
    "Very Rare Document Tokens Attending Rare Lexical Match Query Tokens": 0.5971910644941396,
    "Rare Document Tokens Attending Lexical Match Query Tokens": 0.5874254724139997,
    "Rare Document Tokens Attending Rare Lexical Match Query Tokens": 0.5874254724139997,
    "Document Tokens Attending Rare Lexical Match Query Tokens": 0.5874254724139997,
    "Document Tokens Attending Very Rare Semantic Match Query Tokens": 0.5719427719253648,
    "Rare Document Tokens Attending Very Rare Semantic Match Query Tokens": 0.5710941061436139,
    "Rare Document Tokens Attending Rare Semantic Match Query Tokens": 0.5700631988391391,
    "Very Rare Document Tokens Attending Rare Semantic Match Query Tokens": 0.5698123695316564,
    "Document Tokens Attending Rare Semantic Match Query Tokens": 0.569484087434841,
    "Very Rare Document Tokens Attending Semantic Match Query Tokens": 0.568731322475865,
    "Rare Document Tokens Attending Semantic Match Query Tokens": 0.5682120605557541,
    "All Tokens Attending Rare Semantic Match Query Tokens": 0.5633327785929203,
    "Rare Tokens Attending Semantic Match Query Tokens": 0.5631350202200219,
    "Document Tokens Attending Semantic Match Query Tokens": 0.562649682661095,
    "Very Rare Document Tokens Attending Very Rare Semantic Match Query Tokens": 0.5593601566040748,
    "Rare Tokens Attending Rare Semantic Match Query Tokens": 0.5568681691480776,
    "Very Rare Tokens Attending All Tokens": -0.5557255214931873,
    "All Tokens Attending Semantic Match Query Tokens": 0.5528921815843835,
    "Very Rare Tokens Attending Semantic Match Query Tokens": 0.5497247199827524,
    "All Tokens Attending Very Rare Semantic Match Query Tokens": 0.5459453212318582,
    "Very Rare Tokens Attending Rare Semantic Match Query Tokens": 0.5440278290957936,
    "Rare Tokens Attending Very Rare Semantic Match Query Tokens": 0.5436756562378413,
    "Very Rare Document Tokens Attending All Tokens": -0.5076666254472683,
    "Rare Document Tokens Attending Semantic Match Tokens": 0.49728722589038654,
    "Very Rare Document Tokens Attending Semantic Match Tokens": 0.4969009411098737,
    "Document Tokens Attending Rare Semantic Match Tokens": 0.49123956269951263,
    "Very Rare Document Tokens Attending Rare Semantic Match Tokens": 0.48977496943744603,
    "Document Tokens Attending Semantic Match Tokens": 0.48345904898124675,
    "Rare Document Tokens Attending Rare Semantic Match Tokens": 0.4833803369185884,
    "Very Rare Tokens Attending Very Rare Semantic Match Query Tokens": 0.48113449112192586,
    "Rare Document Tokens Attending Very Rare Semantic Match Tokens": 0.4750917793499525,
    "Document Tokens Attending Very Rare Semantic Match Tokens": 0.4734841160357126,
    "Very Rare Document Tokens Attending Document Tokens": -0.4598703325334804,
    "Very Rare Tokens Attending Document Tokens": -0.4598703325334804,
    "Document Tokens Attending Lexical Match Query Tokens": 0.45686580028282797,
    "Rare Tokens Attending Semantic Match Tokens": 0.4497430063797092,
    "All Tokens Attending Rare Semantic Match Tokens": 0.44387853909822883,
    "Very Rare Tokens Attending Semantic Match Tokens": 0.44291785031297976,
    "All Tokens Attending Semantic Match Tokens": 0.4388424211871931,
    "Rare Tokens Attending Rare Semantic Match Tokens": 0.4364370662526497,
    "Very Rare Tokens Attending Rare Semantic Match Tokens": 0.4357201964502808,
    "Very Rare Document Tokens Attending Very Rare Semantic Match Tokens": 0.4297472878990056,
    "Query Tokens Attending Rare Query Tokens": 0.4280237189386798,
    "Query Tokens Attending Rare Tokens": 0.4280237189386798,
    "Very Rare Tokens Attending Lexical Match Query Tokens": 0.4240420127379958,
    "All Tokens Attending Very Rare Lexical Match Query Tokens": 0.4240420127379958,
    "Very Rare Tokens Attending Very Rare Lexical Match Query Tokens": 0.4240420127379958,
    "Very Rare Tokens Attending Rare Lexical Match Query Tokens": 0.4240420127379958,
    "Rare Tokens Attending Very Rare Lexical Match Query Tokens": 0.4240420127379958,
    "Rare Tokens Attending Very Rare Semantic Match Tokens": 0.42351302108370115,
    "Rare Document Tokens Attending All Tokens": -0.42221942843596516,
    "All Tokens Attending Very Rare Semantic Match Tokens": 0.42211883738902023,
    "Rare Document Tokens Attending Semantic Match Document Tokens": 0.41979631989019883,
    "Rare Tokens Attending Semantic Match Document Tokens": 0.41979631989019883,
    "Document Tokens Attending Rare Semantic Match Document Tokens": 0.41321639261452936,
    "All Tokens Attending Rare Semantic Match Document Tokens": 0.41321639261452936,
    "Very Rare Document Tokens Attending Semantic Match Document Tokens": 0.41112144593165256,
    "Very Rare Tokens Attending Semantic Match Document Tokens": 0.41112144593165256,
    "All Tokens Attending Semantic Match Document Tokens": 0.4109319536615763,