{
    "Rare Tokens Attending Rare Document Tokens": -0.8638583638583639,
    "Rare Document Tokens Attending Rare Document Tokens": -0.8638583638583639,
    "Very Rare Tokens Attending Rare Document Tokens": -0.8632478632478632,
    "Very Rare Document Tokens Attending Rare Document Tokens": -0.8632478632478632,
    "Rare Document Tokens Attending Very Rare Tokens": -0.8632478632478632,
    "Very Rare Document Tokens Attending Rare Tokens": -0.8620268620268621,
    "Rare Document Tokens Attending Rare Tokens": -0.854090354090354,
    "Document Tokens Attending Rare Document Tokens": -0.8516483516483515,
    "All Tokens Attending Rare Document Tokens": -0.8516483516483515,
    "Very Rare Tokens Attending Rare Tokens": -0.8461538461538461,
    "Rare Tokens Attending Rare Tokens": -0.8455433455433455,
    "Rare Tokens Attending Very Rare Tokens": -0.8315018315018315,
    "All Tokens Attending Very Rare Document Tokens": -0.8272283272283273,
    "Document Tokens Attending Very Rare Document Tokens": -0.8272283272283273,
    "All Tokens Attending Rare Tokens": -0.8235653235653235,
    "Document Tokens Attending Rare Tokens": -0.8223443223443224,
    "Rare Document Tokens Attending Very Rare Document Tokens": -0.8168498168498168,
    "Rare Tokens Attending Very Rare Document Tokens": -0.8168498168498168,
    "Document Tokens Attending Very Rare Tokens": -0.8131868131868132,
    "All Tokens Attending Very Rare Tokens": -0.8113553113553114,
    "Very Rare Document Tokens Attending Very Rare Tokens": -0.7991452991452991,
    "Very Rare Tokens Attending Very Rare Tokens": -0.7857142857142856,
    "Very Rare Document Tokens Attending Very Rare Document Tokens": -0.7808302808302808,
    "Very Rare Tokens Attending Very Rare Document Tokens": -0.7808302808302808,
    "Very Rare Tokens Attending Rare Query Tokens": -0.7222222222222221,
    "Very Rare Document Tokens Attending Rare Matching Word Query Tokens": -0.7106227106227105,
    "Very Rare Document Tokens Attending Matching Word Query Tokens": -0.7106227106227105,
    "Very Rare Document Tokens Attending Very Rare Matching Word Query Tokens": -0.7106227106227105,
    "Document Tokens Attending Very Rare Matching Word Query Tokens": -0.7106227106227105,
    "Rare Document Tokens Attending Very Rare Matching Word Query Tokens": -0.7106227106227105,
    "Very Rare Document Tokens Attending Very Rare Query Tokens": -0.6959706959706959,
    "Document Tokens Attending Rare Matching Word Query Tokens": -0.6923076923076923,
    "Rare Document Tokens Attending Rare Matching Word Query Tokens": -0.6923076923076923,
    "Rare Document Tokens Attending Matching Word Query Tokens": -0.6923076923076923,
    "Document Tokens Attending Rare Query Tokens": -0.6831501831501832,
    "Very Rare Document Tokens Attending Rare Query Tokens": -0.6703296703296703,
    "Document Tokens Attending Very Rare Synonymous Query Tokens": -0.663003663003663,
    "All Tokens Attending Rare Query Tokens": -0.6568986568986569,
    "Rare Document Tokens Attending Rare Query Tokens": -0.6568986568986569,
    "Rare Document Tokens Attending Rare Synonymous Query Tokens": -0.6556776556776556,
    "Document Tokens Attending Rare Synonymous Query Tokens": -0.6556776556776556,
    "Rare Document Tokens Attending Very Rare Query Tokens": -0.6556776556776556,
    "Very Rare Tokens Attending Very Rare Query Tokens": -0.6544566544566545,
    "Very Rare Document Tokens Attending Rare Synonymous Query Tokens": -0.6532356532356532,
    "Rare Document Tokens Attending Very Rare Synonymous Query Tokens": -0.6532356532356532,
    "Very Rare Document Tokens Attending Synonymous Query Tokens": -0.6532356532356532,
    "Document Tokens Attending Synonymous Query Tokens": -0.6501831501831502,
    "Rare Document Tokens Attending Synonymous Query Tokens": -0.6501831501831502,
    "Very Rare Document Tokens Attending Very Rare Synonymous Query Tokens": -0.6446886446886446,
    "Rare Tokens Attending Rare Query Tokens": -0.6361416361416361,
    "Document Tokens Attending Very Rare Query Tokens": -0.6245421245421245,
    "Rare Tokens Attending Very Rare Query Tokens": -0.6245421245421245,
    "All Tokens Attending Very Rare Query Tokens": -0.5714285714285714,
    "Very Rare Document Tokens Attending Document Tokens": 0.5384615384615385,
    "Very Rare Tokens Attending Document Tokens": 0.5384615384615385,
    "Document Tokens Attending Matching Word Query Tokens": -0.5201465201465202,
    "Rare Tokens Attending Document Tokens": 0.5177045177045178,
    "Rare Document Tokens Attending Document Tokens": 0.5177045177045178,
    "All Tokens Attending Document Tokens": 0.5134310134310134,
    "All Tokens Attending Query Tokens": -0.5134310134310134,
    "Document Tokens Attending Document Tokens": 0.5134310134310134,
    "Very Rare Tokens Attending Rare Synonymous Query Tokens": -0.5103785103785102,
    "Rare Tokens Attending Very Rare Synonymous Query Tokens": -0.5103785103785102,
    "All Tokens Attending Synonymous Query Tokens": -0.5103785103785102,
    "All Tokens Attending Rare Synonymous Query Tokens": -0.5103785103785102,
    "Rare Tokens Attending Synonymous Query Tokens": -0.5103785103785102,
    "All Tokens Attending Very Rare Synonymous Query Tokens": -0.5085470085470085,
    "Very Rare Tokens Attending Synonymous Query Tokens": -0.5085470085470085,
    "Rare Tokens Attending Query Tokens": -0.5042735042735043,
    "Rare Tokens Attending Rare Synonymous Query Tokens": -0.5024420024420024,
    "Document Tokens Attending Query Tokens": -0.5006105006105006,
    "Very Rare Document Tokens Attending Synonymous Tokens": -0.5006105006105006,
    "Very Rare Document Tokens Attending Rare Synonymous Tokens": -0.492063492063492,
    "Rare Document Tokens Attending Very Rare Synonymous Tokens": -0.478021978021978,
    "Very Rare Tokens Attending Query Tokens": -0.47435897435897434,
    "Document Tokens Attending Very Rare Synonymous Tokens": -0.4706959706959707,
    "Document Tokens Attending Rare Synonymous Tokens": -0.4554334554334554,
    "Rare Document Tokens Attending Synonymous Tokens": -0.4554334554334554,
    "Very Rare Tokens Attending Very Rare Synonymous Query Tokens": -0.4548229548229548,
    "Rare Document Tokens Attending Query Tokens": -0.44688644688644685,
    "Very Rare Document Tokens Attending Query Tokens": -0.44627594627594624,
    "Query Tokens Attending Rare Query Tokens": -0.4267399267399268,
    "Query Tokens Attending Rare Tokens": -0.4267399267399268,
    "Document Tokens Attending Synonymous Tokens": -0.4236874236874236,
    "Rare Document Tokens Attending Rare Synonymous Tokens": -0.4206349206349206,
    "Very Rare Tokens Attending Synonymous Tokens": -0.40109890109890106,
    "Very Rare Tokens Attending All Tokens": 0.3937728937728938,
    "Very Rare Tokens Attending Rare Synonymous Tokens": -0.38949938949938945,
    "Rare Tokens Attending Very Rare Synonymous Tokens": -0.38949938949938945,
    "Rare Tokens Attending Synonymous Tokens": -0.38583638583638585,
    "Rare Query Tokens Attending Query Tokens": -0.384004884004884,
    "Rare Query Tokens Attending All Tokens": -0.384004884004884,
    "Very Rare Document Tokens Attending Very Rare Synonymous Tokens": -0.3833943833943834,
    "All Tokens Attending Very Rare Synonymous Tokens": -0.3687423687423687,
    "All Tokens Attending Rare Synonymous Tokens": -0.36324786324786323,
    "All Tokens Attending Synonymous Tokens": -0.3571428571428571,
    "Rare Document Tokens Attending Rare Synonymous Document Tokens": -0.35470085470085466,
    "All Tokens Attending Synonymous Document Tokens": -0.35470085470085466,
    "Document Tokens Attending Synonymous Document Tokens": -0.35470085470085466,
    "Rare Tokens Attending Synonymous Document Tokens": -0.35470085470085466,
    "Rare Tokens Attending Rare Synonymous Document Tokens": -0.35470085470085466,
    "Rare Document Tokens Attending Synonymous Document Tokens": -0.35470085470085466,