{
    "Rare Tokens Attending Rare Document Tokens": -0.8748473748473748,
    "Rare Document Tokens Attending Rare Document Tokens": -0.8748473748473748,
    "Rare Document Tokens Attending Very Rare Tokens": -0.8736263736263736,
    "Very Rare Tokens Attending Rare Document Tokens": -0.8669108669108669,
    "Very Rare Document Tokens Attending Rare Document Tokens": -0.8669108669108669,
    "All Tokens Attending Very Rare Document Tokens": -0.8583638583638583,
    "Document Tokens Attending Very Rare Document Tokens": -0.8583638583638583,
    "Rare Document Tokens Attending Very Rare Document Tokens": -0.851037851037851,
    "Rare Tokens Attending Very Rare Document Tokens": -0.851037851037851,
    "Document Tokens Attending Rare Document Tokens": -0.8424908424908425,
    "All Tokens Attending Rare Document Tokens": -0.8424908424908425,
    "Rare Tokens Attending Very Rare Tokens": -0.8418803418803419,
    "Very Rare Document Tokens Attending Very Rare Document Tokens": -0.8394383394383393,
    "Very Rare Tokens Attending Very Rare Document Tokens": -0.8394383394383393,
    "Very Rare Document Tokens Attending Rare Tokens": -0.8394383394383393,
    "Rare Document Tokens Attending Rare Tokens": -0.8351648351648352,
    "Very Rare Document Tokens Attending Very Rare Tokens": -0.8308913308913308,
    "Document Tokens Attending Very Rare Tokens": -0.826007326007326,
    "All Tokens Attending Very Rare Tokens": -0.826007326007326,
    "Rare Tokens Attending Rare Tokens": -0.826007326007326,
    "Very Rare Tokens Attending Rare Tokens": -0.8229548229548229,
    "Very Rare Tokens Attending Very Rare Tokens": -0.8229548229548229,
    "All Tokens Attending Rare Tokens": -0.8034188034188033,
    "Document Tokens Attending Rare Tokens": -0.8003663003663004,
    "Very Rare Document Tokens Attending Synonymous Tokens": -0.6282051282051282,
    "Very Rare Tokens Attending Rare Query Tokens": -0.6263736263736265,
    "Very Rare Document Tokens Attending Rare Synonymous Tokens": -0.6227106227106226,
    "Rare Document Tokens Attending Very Rare Synonymous Tokens": -0.6105006105006106,
    "Document Tokens Attending Rare Query Tokens": -0.6086691086691086,
    "Document Tokens Attending Very Rare Synonymous Tokens": -0.6056166056166056,
    "Very Rare Tokens Attending Very Rare Query Tokens": -0.6019536019536019,
    "Very Rare Document Tokens Attending Rare Matching Word Query Tokens": -0.5970695970695971,
    "Very Rare Document Tokens Attending Matching Word Query Tokens": -0.5970695970695971,
    "Very Rare Document Tokens Attending Very Rare Matching Word Query Tokens": -0.5970695970695971,
    "Document Tokens Attending Very Rare Matching Word Query Tokens": -0.5970695970695971,
    "Rare Document Tokens Attending Very Rare Matching Word Query Tokens": -0.5970695970695971,
    "All Tokens Attending Rare Query Tokens": -0.5915750915750917,
    "Very Rare Document Tokens Attending Very Rare Query Tokens": -0.5836385836385837,
    "Document Tokens Attending Rare Synonymous Tokens": -0.5793650793650793,
    "Rare Document Tokens Attending Synonymous Tokens": -0.5793650793650793,
    "Document Tokens Attending Very Rare Query Tokens": -0.5775335775335775,
    "Document Tokens Attending Rare Matching Word Query Tokens": -0.5592185592185592,
    "Rare Document Tokens Attending Rare Matching Word Query Tokens": -0.5592185592185592,
    "Rare Document Tokens Attending Matching Word Query Tokens": -0.5592185592185592,
    "Very Rare Document Tokens Attending Rare Query Tokens": -0.5512820512820513,
    "Document Tokens Attending Synonymous Tokens": -0.5506715506715506,
    "Rare Document Tokens Attending Rare Synonymous Tokens": -0.5482295482295482,
    "Rare Tokens Attending Very Rare Query Tokens": -0.5457875457875457,
    "All Tokens Attending Very Rare Query Tokens": -0.5445665445665445,
    "Rare Document Tokens Attending Very Rare Query Tokens": -0.5427350427350427,
    "Very Rare Tokens Attending Synonymous Tokens": -0.5384615384615385,
    "Very Rare Tokens Attending Rare Synonymous Query Tokens": -0.5378510378510378,
    "Rare Tokens Attending Very Rare Synonymous Query Tokens": -0.5378510378510378,
    "Rare Tokens Attending Rare Query Tokens": -0.5378510378510378,
    "Rare Document Tokens Attending Rare Query Tokens": -0.5372405372405372,
    "All Tokens Attending Synonymous Query Tokens": -0.5347985347985348,
    "All Tokens Attending Rare Synonymous Query Tokens": -0.5347985347985348,
    "Rare Tokens Attending Synonymous Query Tokens": -0.5347985347985348,
    "All Tokens Attending Very Rare Synonymous Query Tokens": -0.5341880341880342,
    "Very Rare Tokens Attending Synonymous Query Tokens": -0.5341880341880342,
    "Very Rare Document Tokens Attending Very Rare Synonymous Tokens": -0.5293040293040293,
    "Rare Tokens Attending Rare Synonymous Query Tokens": -0.5286935286935286,
    "Very Rare Tokens Attending Rare Synonymous Tokens": -0.5280830280830281,
    "Rare Tokens Attending Very Rare Synonymous Tokens": -0.5280830280830281,
    "Document Tokens Attending Very Rare Synonymous Query Tokens": -0.5262515262515262,
    "Rare Document Tokens Attending Rare Synonymous Query Tokens": -0.5183150183150182,
    "Document Tokens Attending Rare Synonymous Query Tokens": -0.5183150183150182,
    "Very Rare Document Tokens Attending Rare Synonymous Query Tokens": -0.5158730158730158,
    "Rare Document Tokens Attending Very Rare Synonymous Query Tokens": -0.5158730158730158,
    "Very Rare Document Tokens Attending Synonymous Query Tokens": -0.5158730158730158,
    "Rare Tokens Attending Synonymous Tokens": -0.5128205128205128,
    "All Tokens Attending Very Rare Synonymous Tokens": -0.510989010989011,
    "Document Tokens Attending Synonymous Query Tokens": -0.5103785103785102,
    "Rare Document Tokens Attending Synonymous Query Tokens": -0.5103785103785102,
    "Very Rare Document Tokens Attending Very Rare Synonymous Query Tokens": -0.5073260073260073,
    "Very Rare Tokens Attending Very Rare Synonymous Query Tokens": -0.5036630036630036,
    "Very Rare Document Tokens Attending Synonymous Document Tokens": -0.4963369963369963,
    "Very Rare Tokens Attending Synonymous Document Tokens": -0.4963369963369963,
    "Rare Document Tokens Attending Rare Synonymous Document Tokens": -0.492063492063492,
    "Rare Tokens Attending Synonymous Document Tokens": -0.492063492063492,
    "Rare Tokens Attending Rare Synonymous Document Tokens": -0.492063492063492,
    "Rare Document Tokens Attending Synonymous Document Tokens": -0.492063492063492,
    "All Tokens Attending Rare Synonymous Tokens": -0.49145299145299143,
    "All Tokens Attending Synonymous Document Tokens": -0.4896214896214896,
    "Document Tokens Attending Synonymous Document Tokens": -0.4896214896214896,
    "Document Tokens Attending Rare Synonymous Document Tokens": -0.48717948717948717,
    "All Tokens Attending Synonymous Tokens": -0.48717948717948717,
    "All Tokens Attending Rare Synonymous Document Tokens": -0.48717948717948717,
    "Very Rare Document Tokens Attending Rare Synonymous Document Tokens": -0.48656898656898656,
    "Very Rare Tokens Attending Rare Synonymous Document Tokens": -0.48656898656898656,
    "Rare Tokens Attending Rare Synonymous Tokens": -0.48107448107448103,
    "Document Tokens Attending Very Rare Synonymous Document Tokens": -0.478021978021978,
    "All Tokens Attending Very Rare Synonymous Document Tokens": -0.478021978021978,
    "Rare Tokens Attending Very Rare Synonymous Document Tokens": -0.4731379731379732,
    "Rare Document Tokens Attending Very Rare Synonymous Document Tokens": -0.4731379731379732,
    "Very Rare Tokens Attending Very Rare Synonymous Tokens": -0.4536019536019536,
    "Very Rare Document Tokens Attending Very Rare Synonymous Document Tokens": -0.43467643467643463,
    "Very Rare Tokens Attending Very Rare Synonymous Document Tokens": -0.43467643467643463,
    "Very Rare Document Tokens Attending Document Tokens": 0.42490842490842484,