{
    "Very Rare Document Tokens Attending Rare Tokens": -0.8406593406593406,
    "Very Rare Tokens Attending Rare Document Tokens": -0.8376068376068376,
    "Very Rare Document Tokens Attending Rare Document Tokens": -0.8376068376068376,
    "Rare Tokens Attending Rare Document Tokens": -0.8376068376068376,
    "Rare Document Tokens Attending Rare Document Tokens": -0.8376068376068376,
    "Rare Document Tokens Attending Very Rare Tokens": -0.8376068376068376,
    "Document Tokens Attending Rare Document Tokens": -0.829059829059829,
    "Rare Document Tokens Attending Rare Tokens": -0.829059829059829,
    "All Tokens Attending Rare Document Tokens": -0.829059829059829,
    "Very Rare Tokens Attending Rare Tokens": -0.8235653235653235,
    "Rare Tokens Attending Rare Tokens": -0.8211233211233211,
    "Document Tokens Attending Rare Tokens": -0.804029304029304,
    "All Tokens Attending Rare Tokens": -0.804029304029304,
    "Rare Tokens Attending Very Rare Tokens": -0.804029304029304,
    "All Tokens Attending Very Rare Document Tokens": -0.797924297924298,
    "Document Tokens Attending Very Rare Document Tokens": -0.797924297924298,
    "Document Tokens Attending Very Rare Tokens": -0.788156288156288,
    "All Tokens Attending Very Rare Tokens": -0.7863247863247863,
    "Rare Document Tokens Attending Very Rare Document Tokens": -0.7838827838827838,
    "Rare Tokens Attending Very Rare Document Tokens": -0.7838827838827838,
    "Very Rare Document Tokens Attending Very Rare Tokens": -0.7673992673992673,
    "Very Rare Tokens Attending Very Rare Tokens": -0.7527472527472527,
    "Very Rare Document Tokens Attending Very Rare Document Tokens": -0.742979242979243,
    "Very Rare Tokens Attending Very Rare Document Tokens": -0.742979242979243,
    "Very Rare Document Tokens Attending Rare Matching Word Query Tokens": -0.7405372405372405,
    "Very Rare Document Tokens Attending Matching Word Query Tokens": -0.7405372405372405,
    "Very Rare Document Tokens Attending Very Rare Matching Word Query Tokens": -0.7405372405372405,
    "Document Tokens Attending Very Rare Matching Word Query Tokens": -0.7405372405372405,
    "Rare Document Tokens Attending Very Rare Matching Word Query Tokens": -0.7405372405372405,
    "Very Rare Tokens Attending Rare Query Tokens": -0.735042735042735,
    "Document Tokens Attending Rare Matching Word Query Tokens": -0.7246642246642245,
    "Rare Document Tokens Attending Rare Matching Word Query Tokens": -0.7246642246642245,
    "Rare Document Tokens Attending Matching Word Query Tokens": -0.7246642246642245,
    "Very Rare Document Tokens Attending Very Rare Query Tokens": -0.7197802197802197,
    "Document Tokens Attending Very Rare Synonymous Query Tokens": -0.6965811965811965,
    "Very Rare Document Tokens Attending Rare Query Tokens": -0.6959706959706959,
    "Document Tokens Attending Rare Query Tokens": -0.6935286935286935,
    "Rare Document Tokens Attending Rare Synonymous Query Tokens": -0.6904761904761905,
    "Document Tokens Attending Rare Synonymous Query Tokens": -0.6904761904761905,
    "Very Rare Document Tokens Attending Rare Synonymous Query Tokens": -0.688034188034188,
    "Rare Document Tokens Attending Very Rare Synonymous Query Tokens": -0.688034188034188,
    "Very Rare Document Tokens Attending Synonymous Query Tokens": -0.688034188034188,
    "Document Tokens Attending Synonymous Query Tokens": -0.6849816849816849,
    "Rare Document Tokens Attending Synonymous Query Tokens": -0.6849816849816849,
    "Rare Document Tokens Attending Rare Query Tokens": -0.6825396825396824,
    "Very Rare Document Tokens Attending Very Rare Synonymous Query Tokens": -0.6807081807081806,
    "Rare Document Tokens Attending Very Rare Query Tokens": -0.6776556776556776,
    "All Tokens Attending Rare Query Tokens": -0.6623931623931624,
    "Very Rare Tokens Attending Very Rare Query Tokens": -0.6538461538461537,
    "Rare Tokens Attending Rare Query Tokens": -0.6501831501831502,
    "Rare Tokens Attending Very Rare Query Tokens": -0.6324786324786325,
    "Document Tokens Attending Very Rare Query Tokens": -0.6251526251526252,
    "All Tokens Attending Very Rare Query Tokens": -0.5641025641025641,
    "Document Tokens Attending Matching Word Query Tokens": -0.5610500610500609,
    "Very Rare Document Tokens Attending Document Tokens": 0.5598290598290598,
    "Very Rare Tokens Attending Document Tokens": 0.5598290598290598,
    "Rare Tokens Attending Document Tokens": 0.540903540903541,
    "Rare Document Tokens Attending Document Tokens": 0.540903540903541,
    "Rare Tokens Attending Query Tokens": -0.531135531135531,
    "All Tokens Attending Document Tokens": 0.5305250305250305,
    "All Tokens Attending Query Tokens": -0.5305250305250305,
    "Document Tokens Attending Document Tokens": 0.5305250305250305,
    "Document Tokens Attending Query Tokens": -0.5268620268620269,
    "Very Rare Tokens Attending Query Tokens": -0.4993894993894994,
    "Rare Document Tokens Attending Query Tokens": -0.4798534798534798,
    "Very Rare Document Tokens Attending Query Tokens": -0.4798534798534798,
    "All Tokens Attending Synonymous Query Tokens": -0.4792429792429792,
    "All Tokens Attending Rare Synonymous Query Tokens": -0.4792429792429792,
    "Rare Tokens Attending Synonymous Query Tokens": -0.4792429792429792,
    "All Tokens Attending Very Rare Synonymous Query Tokens": -0.478021978021978,
    "Very Rare Tokens Attending Synonymous Query Tokens": -0.478021978021978,
    "Very Rare Tokens Attending Rare Synonymous Query Tokens": -0.47741147741147744,
    "Rare Tokens Attending Very Rare Synonymous Query Tokens": -0.47741147741147744,
    "Rare Tokens Attending Rare Synonymous Query Tokens": -0.47130647130647124,
    "Very Rare Document Tokens Attending Synonymous Tokens": -0.4487179487179487,
    "Very Rare Document Tokens Attending Rare Synonymous Tokens": -0.44078144078144077,
    "Rare Document Tokens Attending Very Rare Synonymous Tokens": -0.42612942612942606,
    "Very Rare Tokens Attending Very Rare Synonymous Query Tokens": -0.4230769230769231,
    "Document Tokens Attending Very Rare Synonymous Tokens": -0.4188034188034188,
    "Very Rare Tokens Attending All Tokens": 0.40598290598290593,
    "Query Tokens Attending Rare Query Tokens": -0.39987789987789985,
    "Query Tokens Attending Rare Tokens": -0.39987789987789985,
    "Document Tokens Attending Rare Synonymous Tokens": -0.3992673992673993,
    "Rare Document Tokens Attending Synonymous Tokens": -0.3992673992673993,
    "Rare Query Tokens Attending Query Tokens": -0.3724053724053724,
    "Rare Query Tokens Attending All Tokens": -0.3724053724053724,
    "Document Tokens Attending Synonymous Tokens": -0.3663003663003663,
    "Rare Document Tokens Attending Rare Synonymous Tokens": -0.36446886446886445,
    "Very Rare Tokens Attending Synonymous Tokens": -0.3473748473748474,
    "Very Rare Tokens Attending Rare Synonymous Tokens": -0.33516483516483514,
    "Rare Tokens Attending Very Rare Synonymous Tokens": -0.33516483516483514,
    "Very Rare Document Tokens Attending Very Rare Synonymous Tokens": -0.3308913308913309,
    "Rare Tokens Attending Synonymous Tokens": -0.3278388278388278,
    "Very Rare Query Tokens Attending All Tokens": -0.3217338217338217,
    "Very Rare Query Tokens Attending Query Tokens": -0.3217338217338217,
    "Rare Document Tokens Attending All Tokens": 0.3205128205128205,
    "Query Tokens Attending All Tokens": -0.31868131868131866,
    "Document Tokens Attending All Tokens": 0.31868131868131866,
    "Query Tokens Attending Query Tokens": -0.31868131868131866,
    "All Tokens Attending Very Rare Synonymous Tokens": -0.3137973137973138,
    "Rare Tokens Attending Very Rare Matching Word Query Tokens": -0.3107448107448107,
    "Very Rare Tokens Attending Rare Matching Word Query Tokens": -0.3107448107448107,
    "Very Rare Tokens Attending Very Rare Matching Word Query Tokens": -0.3107448107448107,