{
    "Very Rare Document Tokens Attending Rare Tokens": -0.8697908817563906,
    "Rare Document Tokens Attending Rare Tokens": -0.8630743498509359,
    "Very Rare Tokens Attending Rare Tokens": -0.8581895993742417,
    "Rare Tokens Attending Rare Tokens": -0.856968411755068,
    "Rare Document Tokens Attending Very Rare Tokens": -0.8514730674687868,
    "Very Rare Tokens Attending Rare Document Tokens": -0.8511677705639935,
    "Very Rare Document Tokens Attending Rare Document Tokens": -0.8511677705639935,
    "Rare Tokens Attending Rare Document Tokens": -0.8465883169920925,
    "Rare Document Tokens Attending Rare Document Tokens": -0.8465883169920925,
    "Document Tokens Attending Rare Document Tokens": -0.8447565355633321,
    "All Tokens Attending Rare Document Tokens": -0.8447565355633321,
    "All Tokens Attending Rare Tokens": -0.8371241129434971,
    "Document Tokens Attending Rare Tokens": -0.8359029253243235,
    "Rare Tokens Attending Very Rare Tokens": -0.8319340655620092,
    "All Tokens Attending Very Rare Document Tokens": -0.8075103131785376,
    "Document Tokens Attending Very Rare Document Tokens": -0.8075103131785376,
    "Document Tokens Attending Very Rare Tokens": -0.8029308596066366,
    "All Tokens Attending Very Rare Tokens": -0.8010990781778762,
    "Rare Document Tokens Attending Very Rare Document Tokens": -0.7974355153203554,
    "Rare Tokens Attending Very Rare Document Tokens": -0.7974355153203554,
    "Very Rare Document Tokens Attending Very Rare Tokens": -0.7809494824615119,
    "Very Rare Tokens Attending Rare Query Tokens": -0.7760647319848175,
    "Very Rare Tokens Attending Very Rare Tokens": -0.7662952310314288,
    "Very Rare Document Tokens Attending Rare Matching Word Query Tokens": -0.7513356826965523,
    "Very Rare Document Tokens Attending Matching Word Query Tokens": -0.7513356826965523,
    "Very Rare Document Tokens Attending Very Rare Matching Word Query Tokens": -0.7513356826965523,
    "Document Tokens Attending Very Rare Matching Word Query Tokens": -0.7513356826965523,
    "Rare Document Tokens Attending Very Rare Matching Word Query Tokens": -0.7513356826965523,
    "Very Rare Document Tokens Attending Very Rare Query Tokens": -0.749503901267792,
    "Very Rare Document Tokens Attending Very Rare Document Tokens": -0.7485880105534116,
    "Very Rare Tokens Attending Very Rare Document Tokens": -0.7485880105534116,
    "Document Tokens Attending Rare Matching Word Query Tokens": -0.7394291034096098,
    "Rare Document Tokens Attending Rare Matching Word Query Tokens": -0.7394291034096098,
    "Rare Document Tokens Attending Matching Word Query Tokens": -0.7394291034096098,
    "Very Rare Document Tokens Attending Rare Query Tokens": -0.7287437117418407,
    "Document Tokens Attending Rare Query Tokens": -0.7275225241226673,
    "Rare Document Tokens Attending Rare Query Tokens": -0.7238589612651465,
    "Rare Document Tokens Attending Very Rare Query Tokens": -0.7159212417405181,
    "Document Tokens Attending Very Rare Synonymous Query Tokens": -0.7131735695973775,
    "Rare Document Tokens Attending Rare Synonymous Query Tokens": -0.7122576788829974,
    "Document Tokens Attending Rare Synonymous Query Tokens": -0.7122576788829974,
    "Document Tokens Attending Synonymous Query Tokens": -0.7061517407871295,
    "Rare Document Tokens Attending Synonymous Query Tokens": -0.7061517407871295,
    "Very Rare Document Tokens Attending Rare Synonymous Query Tokens": -0.7058464438823361,
    "Rare Document Tokens Attending Very Rare Synonymous Query Tokens": -0.7058464438823361,
    "Very Rare Document Tokens Attending Synonymous Query Tokens": -0.7058464438823361,
    "All Tokens Attending Rare Query Tokens": -0.7052358500727492,
    "Rare Tokens Attending Rare Query Tokens": -0.702793474834402,
    "Very Rare Tokens Attending Very Rare Query Tokens": -0.6979087243577077,
    "Very Rare Document Tokens Attending Very Rare Synonymous Query Tokens": -0.697298130548121,
    "Rare Tokens Attending Very Rare Query Tokens": -0.6814226914988643,
    "Document Tokens Attending Very Rare Query Tokens": -0.6576095329249791,
    "Very Rare Document Tokens Attending Document Tokens": 0.6163944507778704,
    "Very Rare Tokens Attending Document Tokens": 0.6163944507778704,
    "All Tokens Attending Very Rare Query Tokens": -0.6066249498244818,
    "Rare Tokens Attending Document Tokens": 0.5992978241094401,
    "Rare Document Tokens Attending Document Tokens": 0.5992978241094401,
    "All Tokens Attending Document Tokens": 0.5889177293464646,
    "All Tokens Attending Query Tokens": -0.5889177293464646,
    "Document Tokens Attending Document Tokens": 0.5889177293464646,
    "Rare Tokens Attending Query Tokens": -0.5886124324416713,
    "Document Tokens Attending Matching Word Query Tokens": -0.586170057203324,
    "Document Tokens Attending Query Tokens": -0.5840329788697702,
    "Very Rare Tokens Attending Query Tokens": -0.5605251172006785,
    "Rare Document Tokens Attending Query Tokens": -0.5388490369603472,
    "Very Rare Document Tokens Attending Query Tokens": -0.538543740055554,
    "Very Rare Tokens Attending Rare Synonymous Query Tokens": -0.5122882062433218,
    "Rare Tokens Attending Very Rare Synonymous Query Tokens": -0.5122882062433218,
    "All Tokens Attending Synonymous Query Tokens": -0.5104564248145612,
    "All Tokens Attending Rare Synonymous Query Tokens": -0.5104564248145612,
    "Rare Tokens Attending Synonymous Query Tokens": -0.5104564248145612,
    "All Tokens Attending Very Rare Synonymous Query Tokens": -0.5098458310049746,
    "Very Rare Tokens Attending Synonymous Query Tokens": -0.5098458310049746,
    "Rare Tokens Attending Rare Synonymous Query Tokens": -0.5037398929091066,
    "Query Tokens Attending Rare Query Tokens": -0.46069302933323747,
    "Query Tokens Attending Rare Tokens": -0.46069302933323747,
    "Very Rare Tokens Attending Very Rare Synonymous Query Tokens": -0.4570294664757167,
    "Rare Query Tokens Attending Query Tokens": -0.42924744813951743,
    "Rare Query Tokens Attending All Tokens": -0.42924744813951743,
    "Very Rare Document Tokens Attending Synonymous Tokens": -0.42924744813951743,
    "Very Rare Document Tokens Attending Rare Synonymous Tokens": -0.4182567595669551,
    "Rare Document Tokens Attending Very Rare Synonymous Tokens": -0.4072660709943928,
    "Document Tokens Attending Very Rare Synonymous Tokens": -0.3990230545649711,
    "Rare Document Tokens Attending All Tokens": 0.38894825670678895,
    "Very Rare Tokens Attending All Tokens": 0.3871164752780286,
    "Document Tokens Attending Rare Synonymous Tokens": -0.385895287658855,
    "Rare Document Tokens Attending Synonymous Tokens": -0.385895287658855,
    "Very Rare Query Tokens Attending All Tokens": -0.38436880313488797,
    "Very Rare Query Tokens Attending Query Tokens": -0.38436880313488797,
    "Query Tokens Attending All Tokens": -0.37215692694315206,
    "Document Tokens Attending All Tokens": 0.37215692694315206,
    "Query Tokens Attending Query Tokens": -0.37215692694315206,
    "Document Tokens Attending Synonymous Tokens": -0.3568920817034822,
    "Rare Document Tokens Attending Rare Synonymous Tokens": -0.3517020343219944,
    "Rare Tokens Attending Very Rare Matching Word Query Tokens": -0.3504808467028208,
    "Very Rare Tokens Attending Rare Matching Word Query Tokens": -0.3504808467028208,
    "Very Rare Tokens Attending Very Rare Matching Word Query Tokens": -0.3504808467028208,
    "All Tokens Attending Very Rare Matching Word Query Tokens": -0.3504808467028208,
    "Very Rare Tokens Attending Matching Word Query Tokens": -0.3504808467028208,
    "Very Rare Document Tokens Attending All Tokens": 0.34529079932133305,
    "Very Rare Tokens Attending Synonymous Tokens": -0.3309418447960434,
    "Rare Tokens Attending All Tokens": 0.3190352655091008,
    "Very Rare Tokens Attending Rare Synonymous Tokens": -0.31628759336596024,