{
    "Document Tokens Attending Rare Query Tokens": 0.6009981106467946,
    "Very Rare Document Tokens Attending Rare Query Tokens": 0.5966068243498497,
    "All Tokens Attending Rare Query Tokens": 0.594757487376067,
    "Rare Document Tokens Attending Rare Query Tokens": 0.5938334058524397,
    "Document Tokens Attending Very Rare Query Tokens": 0.5886218420819196,
    "Document Tokens Attending Semantic Match Query Tokens": 0.5798693802327362,
    "Very Rare Document Tokens Attending Very Rare Query Tokens": 0.5796794769100384,
    "Document Tokens Attending Rare Semantic Match Query Tokens": 0.578526952833663,
    "All Tokens Attending Very Rare Query Tokens": 0.5780083733869361,
    "Rare Document Tokens Attending Semantic Match Query Tokens": 0.5779356028444635,
    "Rare Document Tokens Attending Very Rare Query Tokens": 0.5773864223293749,
    "Rare Document Tokens Attending Rare Semantic Match Query Tokens": 0.5772286596109306,
    "Rare Tokens Attending Rare Query Tokens": 0.5734354131246382,
    "Very Rare Tokens Attending Rare Query Tokens": 0.57071410214372,
    "Document Tokens Attending Lexical Match Query Tokens": 0.5662966508821549,
    "Document Tokens Attending Query Tokens": 0.5659481212221493,
    "Very Rare Document Tokens Attending Query Tokens": 0.5635257241246092,
    "All Tokens Attending Query Tokens": 0.5584388743175305,
    "All Tokens Attending Document Tokens": -0.5584219110972382,
    "Document Tokens Attending Document Tokens": -0.5584219110972382,
    "Rare Document Tokens Attending Query Tokens": 0.5537481126742131,
    "Very Rare Document Tokens Attending Semantic Match Query Tokens": 0.5528568791472147,
    "Very Rare Document Tokens Attending Rare Semantic Match Query Tokens": 0.5521997824266258,
    "Rare Tokens Attending Very Rare Query Tokens": 0.5482515785716205,
    "Very Rare Tokens Attending Query Tokens": 0.5477606375048465,
    "Rare Document Tokens Attending Lexical Match Query Tokens": 0.5469398204700457,
    "Rare Document Tokens Attending Rare Lexical Match Query Tokens": 0.5469398204700457,
    "Document Tokens Attending Rare Lexical Match Query Tokens": 0.5469398204700457,
    "Document Tokens Attending Very Rare Semantic Match Query Tokens": 0.5466959583906622,
    "Rare Document Tokens Attending Very Rare Semantic Match Query Tokens": 0.5462916554087912,
    "Rare Tokens Attending Query Tokens": 0.5436443639743215,
    "Very Rare Document Tokens Attending Very Rare Semantic Match Query Tokens": 0.5408732654914306,
    "Rare Tokens Attending Document Tokens": -0.5341666221763489,
    "Rare Document Tokens Attending Document Tokens": -0.5341666221763489,
    "Very Rare Tokens Attending Very Rare Query Tokens": 0.5271189097679878,
    "Document Tokens Attending Very Rare Lexical Match Query Tokens": 0.5220161385953351,
    "Rare Document Tokens Attending Very Rare Lexical Match Query Tokens": 0.5220161385953351,
    "Very Rare Document Tokens Attending Lexical Match Query Tokens": 0.5220161385953351,
    "Very Rare Document Tokens Attending Very Rare Lexical Match Query Tokens": 0.5220161385953351,
    "Very Rare Document Tokens Attending Rare Lexical Match Query Tokens": 0.5220161385953351,
    "Very Rare Document Tokens Attending Document Tokens": -0.5193549833065636,
    "Very Rare Tokens Attending Document Tokens": -0.5193549833065636,
    "Very Rare Document Tokens Attending All Tokens": 0.47206479174400806,
    "Document Tokens Attending Rare Tokens": 0.453088884008247,
    "All Tokens Attending Rare Tokens": 0.43960548888994944,
    "All Tokens Attending Very Rare Document Tokens": -0.41122313454101556,
    "Document Tokens Attending Very Rare Document Tokens": -0.41122313454101556,
    "Rare Document Tokens Attending Rare Tokens": 0.40436332600573593,
    "Very Rare Document Tokens Attending Rare Tokens": 0.3984419884544115,
    "Very Rare Tokens Attending All Tokens": 0.38872607908546963,
    "All Tokens Attending Rare Semantic Match Query Tokens": 0.3827563833877738,
    "All Tokens Attending Semantic Match Query Tokens": 0.3823183566643211,
    "Rare Document Tokens Attending All Tokens": 0.38217006110195895,
    "Rare Tokens Attending Semantic Match Query Tokens": 0.3820329376124397,
    "Rare Tokens Attending Rare Tokens": 0.38191113056568293,
    "Rare Tokens Attending Rare Semantic Match Query Tokens": 0.37758838609201806,
    "Very Rare Tokens Attending Rare Tokens": 0.37223096501814446,
    "Rare Tokens Attending All Tokens": 0.36557459174382423,
    "Document Tokens Attending Lexical Match Document Tokens": -0.3432295669144147,
    "All Tokens Attending Lexical Match Document Tokens": -0.3432295669144147,
    "Very Rare Tokens Attending Semantic Match Query Tokens": 0.34307303036063264,
    "Very Rare Tokens Attending Rare Semantic Match Query Tokens": 0.3397538462452979,
    "All Tokens Attending Very Rare Semantic Match Query Tokens": 0.3340063000639737,
    "Rare Tokens Attending Very Rare Semantic Match Query Tokens": 0.3331412416994611,
    "Very Rare Tokens Attending Very Rare Semantic Match Query Tokens": 0.3087084209140057,
    "Rare Document Tokens Attending Very Rare Document Tokens": -0.2783065116311254,
    "Rare Tokens Attending Very Rare Document Tokens": -0.2783065116311254,
    "Rare Tokens Attending Lexical Match Query Tokens": 0.27063467468300306,
    "All Tokens Attending Rare Lexical Match Query Tokens": 0.27063467468300306,
    "Rare Tokens Attending Rare Lexical Match Query Tokens": 0.27063467468300306,
    "Document Tokens Attending Lexical Match Tokens": -0.25551089296084517,
    "All Tokens Attending Lexical Match Tokens": -0.24970337456478903,
    "Very Rare Tokens Attending Lexical Match Query Tokens": 0.24813581790210987,
    "All Tokens Attending Very Rare Lexical Match Query Tokens": 0.24813581790210987,
    "Very Rare Tokens Attending Very Rare Lexical Match Query Tokens": 0.24813581790210987,
    "Very Rare Tokens Attending Rare Lexical Match Query Tokens": 0.24813581790210987,
    "Rare Tokens Attending Very Rare Lexical Match Query Tokens": 0.24813581790210987,
    "Very Rare Document Tokens Attending Very Rare Document Tokens": -0.23134567359534847,
    "Very Rare Tokens Attending Very Rare Document Tokens": -0.23134567359534847,
    "All Tokens Attending Semantic Match Document Tokens": -0.20304631027038586,
    "Document Tokens Attending Semantic Match Document Tokens": -0.20304631027038586,
    "Document Tokens Attending Rare Semantic Match Document Tokens": -0.20114918068329285,
    "All Tokens Attending Rare Semantic Match Document Tokens": -0.20114918068329285,
    "Rare Document Tokens Attending Semantic Match Document Tokens": -0.1996991956486081,
    "Rare Tokens Attending Semantic Match Document Tokens": -0.1996991956486081,
    "Rare Tokens Attending Rare Semantic Match Document Tokens": -0.19661782263247746,
    "Rare Document Tokens Attending Rare Semantic Match Document Tokens": -0.19661782263247746,
    "Rare Document Tokens Attending Very Rare Tokens": 0.18870157573953017,
    "Document Tokens Attending Very Rare Tokens": 0.18614826749585292,
    "Document Tokens Attending Very Rare Semantic Match Document Tokens": -0.18084194266113207,
    "All Tokens Attending Very Rare Semantic Match Document Tokens": -0.18084194266113207,
    "Rare Tokens Attending Very Rare Semantic Match Document Tokens": -0.17683157728190668,
    "Rare Document Tokens Attending Very Rare Semantic Match Document Tokens": -0.17683157728190668,
    "Very Rare Document Tokens Attending Semantic Match Document Tokens": -0.17459777370669288,
    "Very Rare Tokens Attending Semantic Match Document Tokens": -0.17459777370669288,
    "Very Rare Document Tokens Attending Rare Semantic Match Document Tokens": -0.17351687350721634,
    "Very Rare Tokens Attending Rare Semantic Match Document Tokens": -0.17351687350721634,
    "All Tokens Attending Very Rare Tokens": 0.1717437768296447,