{
    "Rare Document Tokens Attending All Tokens": 0.5104838709677421,
    "Very Rare Document Tokens Attending All Tokens": 0.492741935483871,
    "Document Tokens Attending Rare Tokens": 0.48588709677419356,
    "Very Rare Document Tokens Attending Rare Query Tokens": 0.48185483870967744,
    "Rare Document Tokens Attending Rare Query Tokens": 0.47782258064516137,
    "Very Rare Document Tokens Attending Query Tokens": 0.4717741935483871,
    "All Tokens Attending Very Rare Document Tokens": -0.46532258064516135,
    "Document Tokens Attending Very Rare Document Tokens": -0.46532258064516135,
    "Document Tokens Attending Rare Query Tokens": 0.4637096774193549,
    "Rare Document Tokens Attending Rare Tokens": 0.45806451612903226,
    "All Tokens Attending Rare Tokens": 0.45685483870967747,
    "Document Tokens Attending Lexical Match Query Tokens": 0.45443548387096777,
    "Rare Tokens Attending Document Tokens": -0.4471774193548388,
    "Rare Document Tokens Attending Document Tokens": -0.4471774193548388,
    "Very Rare Tokens Attending Rare Query Tokens": 0.44354838709677424,
    "Rare Tokens Attending Rare Query Tokens": 0.4423387096774194,
    "All Tokens Attending Rare Query Tokens": 0.44032258064516133,
    "Very Rare Document Tokens Attending Document Tokens": -0.4370967741935484,
    "Rare Document Tokens Attending Query Tokens": 0.4370967741935484,
    "Very Rare Tokens Attending Document Tokens": -0.4370967741935484,
    "Rare Tokens Attending Rare Tokens": 0.43629032258064515,
    "Document Tokens Attending Very Rare Query Tokens": 0.435483870967742,
    "Rare Document Tokens Attending Very Rare Query Tokens": 0.4350806451612904,
    "All Tokens Attending Very Rare Query Tokens": 0.43024193548387096,
    "Very Rare Tokens Attending Query Tokens": 0.42661290322580653,
    "Very Rare Document Tokens Attending Rare Tokens": 0.4262096774193549,
    "Rare Tokens Attending Query Tokens": 0.42500000000000004,
    "Very Rare Document Tokens Attending Very Rare Query Tokens": 0.42338709677419356,
    "All Tokens Attending Document Tokens": -0.4161290322580646,
    "All Tokens Attending Query Tokens": 0.4161290322580646,
    "Document Tokens Attending Document Tokens": -0.4161290322580646,
    "Document Tokens Attending Query Tokens": 0.4141129032258065,
    "Rare Tokens Attending Very Rare Query Tokens": 0.4125000000000001,
    "Rare Document Tokens Attending Lexical Match Query Tokens": 0.40725806451612906,
    "Rare Document Tokens Attending Rare Lexical Match Query Tokens": 0.40725806451612906,
    "Document Tokens Attending Rare Lexical Match Query Tokens": 0.40725806451612906,
    "Very Rare Tokens Attending Rare Tokens": 0.40040322580645166,
    "Document Tokens Attending Lexical Match Document Tokens": -0.40040322580645166,
    "All Tokens Attending Lexical Match Document Tokens": -0.40040322580645166,
    "Rare Document Tokens Attending Rare Semantic Match Query Tokens": 0.3862903225806452,
    "Document Tokens Attending Semantic Match Query Tokens": 0.3846774193548388,
    "Rare Document Tokens Attending Semantic Match Query Tokens": 0.3830645161290323,
    "Document Tokens Attending Rare Semantic Match Query Tokens": 0.3830645161290323,
    "Document Tokens Attending Very Rare Lexical Match Query Tokens": 0.3814516129032258,
    "Rare Document Tokens Attending Very Rare Lexical Match Query Tokens": 0.3814516129032258,
    "Very Rare Document Tokens Attending Lexical Match Query Tokens": 0.3814516129032258,
    "Very Rare Document Tokens Attending Very Rare Lexical Match Query Tokens": 0.3814516129032258,
    "Very Rare Document Tokens Attending Rare Lexical Match Query Tokens": 0.3814516129032258,
    "Very Rare Document Tokens Attending Rare Semantic Match Query Tokens": 0.3782258064516129,
    "Very Rare Document Tokens Attending Semantic Match Query Tokens": 0.3782258064516129,
    "Very Rare Document Tokens Attending Very Rare Semantic Match Query Tokens": 0.3778225806451614,
    "Very Rare Tokens Attending Very Rare Query Tokens": 0.37540322580645163,
    "Rare Document Tokens Attending Very Rare Semantic Match Query Tokens": 0.37379032258064515,
    "Document Tokens Attending Very Rare Semantic Match Query Tokens": 0.3733870967741936,
    "Rare Tokens Attending All Tokens": 0.3524193548387097,
    "Document Tokens Attending Lexical Match Tokens": -0.3455645161290323,
    "Rare Document Tokens Attending Very Rare Document Tokens": -0.3306451612903226,
    "Rare Tokens Attending Very Rare Document Tokens": -0.3306451612903226,
    "All Tokens Attending Lexical Match Tokens": -0.3189516129032258,
    "Very Rare Tokens Attending All Tokens": 0.31854838709677424,
    "All Tokens Attending Semantic Match Document Tokens": -0.3088709677419355,
    "Document Tokens Attending Semantic Match Document Tokens": -0.3088709677419355,
    "Document Tokens Attending Rare Semantic Match Document Tokens": -0.3048387096774194,
    "Rare Document Tokens Attending Semantic Match Document Tokens": -0.3048387096774194,
    "All Tokens Attending Rare Semantic Match Document Tokens": -0.3048387096774194,
    "Rare Tokens Attending Rare Semantic Match Document Tokens": -0.3048387096774194,
    "Rare Tokens Attending Semantic Match Document Tokens": -0.3048387096774194,
    "Rare Document Tokens Attending Rare Semantic Match Document Tokens": -0.3048387096774194,
    "All Tokens Attending Semantic Match Query Tokens": 0.3004032258064516,
    "Rare Tokens Attending Semantic Match Query Tokens": 0.3004032258064516,
    "All Tokens Attending Rare Semantic Match Query Tokens": 0.3004032258064516,
    "Very Rare Document Tokens Attending Rare Semantic Match Document Tokens": -0.29717741935483877,
    "Very Rare Tokens Attending Rare Semantic Match Document Tokens": -0.29717741935483877,
    "Very Rare Document Tokens Attending Semantic Match Document Tokens": -0.29717741935483877,
    "Very Rare Tokens Attending Semantic Match Document Tokens": -0.29717741935483877,
    "Document Tokens Attending Very Rare Semantic Match Document Tokens": -0.29717741935483877,
    "All Tokens Attending Very Rare Semantic Match Document Tokens": -0.29717741935483877,
    "Rare Tokens Attending Rare Semantic Match Query Tokens": 0.2967741935483871,
    "Rare Tokens Attending Very Rare Semantic Match Document Tokens": -0.2955645161290323,
    "Rare Document Tokens Attending Very Rare Semantic Match Document Tokens": -0.2955645161290323,
    "Very Rare Tokens Attending Rare Semantic Match Query Tokens": 0.29435483870967744,
    "Very Rare Document Tokens Attending Very Rare Document Tokens": -0.2935483870967742,
    "Very Rare Tokens Attending Very Rare Document Tokens": -0.2935483870967742,
    "Very Rare Tokens Attending Semantic Match Query Tokens": 0.2935483870967742,
    "Rare Tokens Attending Very Rare Semantic Match Query Tokens": 0.29153225806451616,
    "All Tokens Attending Very Rare Semantic Match Query Tokens": 0.29153225806451616,
    "Very Rare Tokens Attending Very Rare Semantic Match Document Tokens": -0.28830645161290325,
    "Very Rare Document Tokens Attending Very Rare Semantic Match Document Tokens": -0.28830645161290325,
    "Very Rare Tokens Attending Very Rare Semantic Match Query Tokens": 0.28750000000000003,
    "All Tokens Attending Rare Lexical Match Document Tokens": -0.28508064516129034,
    "Rare Tokens Attending Lexical Match Document Tokens": -0.28508064516129034,
    "Rare Document Tokens Attending Lexical Match Document Tokens": -0.28508064516129034,
    "Rare Tokens Attending Rare Lexical Match Document Tokens": -0.28508064516129034,
    "Rare Document Tokens Attending Rare Lexical Match Document Tokens": -0.28508064516129034,