{
    "Document Tokens Attending Rare Query Tokens": 0.5247758373191699,
    "All Tokens Attending Rare Query Tokens": 0.5127519029536094,
    "Very Rare Document Tokens Attending Rare Query Tokens": 0.5112204337912354,
    "Rare Document Tokens Attending Rare Query Tokens": 0.5103379752568484,
    "Document Tokens Attending Very Rare Query Tokens": 0.5063663545327657,
    "Document Tokens Attending Query Tokens": 0.495547379761564,
    "All Tokens Attending Very Rare Query Tokens": 0.48914639806022264,
    "Rare Document Tokens Attending Very Rare Query Tokens": 0.48748063651453744,
    "Very Rare Document Tokens Attending Very Rare Query Tokens": 0.48729301484585835,
    "Very Rare Document Tokens Attending Query Tokens": 0.4859330567427843,
    "Document Tokens Attending Semantic Match Query Tokens": 0.48419199302693444,
    "Document Tokens Attending Rare Semantic Match Query Tokens": 0.48262278155453986,
    "Rare Tokens Attending Rare Query Tokens": 0.48226586787092907,
    "Rare Document Tokens Attending Semantic Match Query Tokens": 0.4820130271838788,
    "Rare Document Tokens Attending Rare Semantic Match Query Tokens": 0.4811953290865846,
    "All Tokens Attending Query Tokens": 0.4809939831085247,
    "All Tokens Attending Document Tokens": -0.4809751594165933,
    "Document Tokens Attending Document Tokens": -0.4809751594165933,
    "Very Rare Tokens Attending Rare Query Tokens": 0.477696092170206,
    "Rare Document Tokens Attending Query Tokens": 0.4774784281090924,
    "Document Tokens Attending Lexical Match Query Tokens": 0.47017154705300546,
    "Rare Tokens Attending Document Tokens": -0.4667982300744289,
    "Rare Document Tokens Attending Document Tokens": -0.4667982300744289,
    "Very Rare Tokens Attending Query Tokens": 0.4627039927577,
    "Rare Tokens Attending Query Tokens": 0.45972645774176896,
    "Very Rare Document Tokens Attending Semantic Match Query Tokens": 0.4554020009774083,
    "Very Rare Document Tokens Attending Rare Semantic Match Query Tokens": 0.4546596063037425,
    "Rare Tokens Attending Very Rare Query Tokens": 0.45028301662882564,
    "Very Rare Document Tokens Attending Document Tokens": -0.4493546821074488,
    "Very Rare Tokens Attending Document Tokens": -0.4493546821074488,
    "Document Tokens Attending Very Rare Semantic Match Query Tokens": 0.4490342949204462,
    "Rare Document Tokens Attending Lexical Match Query Tokens": 0.44898191271513455,
    "Rare Document Tokens Attending Rare Lexical Match Query Tokens": 0.44898191271513455,
    "Document Tokens Attending Rare Lexical Match Query Tokens": 0.44898191271513455,
    "Rare Document Tokens Attending Very Rare Semantic Match Query Tokens": 0.4485990479584394,
    "All Tokens Attending Very Rare Document Tokens": -0.4469558038044217,
    "Document Tokens Attending Very Rare Document Tokens": -0.4469558038044217,
    "Very Rare Document Tokens Attending Very Rare Semantic Match Query Tokens": 0.44285778056084246,
    "Very Rare Tokens Attending Very Rare Query Tokens": 0.42645073055262106,
    "Document Tokens Attending Very Rare Lexical Match Query Tokens": 0.42319069949216215,
    "Rare Document Tokens Attending Very Rare Lexical Match Query Tokens": 0.42319069949216215,
    "Very Rare Document Tokens Attending Lexical Match Query Tokens": 0.42319069949216215,
    "Very Rare Document Tokens Attending Very Rare Lexical Match Query Tokens": 0.42319069949216215,
    "Very Rare Document Tokens Attending Rare Lexical Match Query Tokens": 0.42319069949216215,
    "Very Rare Document Tokens Attending All Tokens": 0.40193602616185964,
    "Document Tokens Attending Lexical Match Document Tokens": -0.39791448715013966,
    "All Tokens Attending Lexical Match Document Tokens": -0.39791448715013966,
    "Document Tokens Attending Rare Tokens": 0.3540917039243209,
    "Rare Document Tokens Attending Very Rare Document Tokens": -0.34205125938882397,
    "Rare Tokens Attending Very Rare Document Tokens": -0.34205125938882397,
    "All Tokens Attending Rare Tokens": 0.3374261305719028,
    "Document Tokens Attending Lexical Match Tokens": -0.32138816612373144,
    "All Tokens Attending Lexical Match Tokens": -0.315727904167546,
    "Rare Document Tokens Attending All Tokens": 0.30913110265848653,
    "Very Rare Document Tokens Attending Very Rare Document Tokens": -0.302251739580483,
    "Very Rare Tokens Attending Very Rare Document Tokens": -0.302251739580483,
    "Rare Document Tokens Attending Rare Tokens": 0.29680396079698357,
    "Very Rare Tokens Attending All Tokens": 0.29134834533736886,
    "Very Rare Document Tokens Attending Rare Tokens": 0.29000509891899057,
    "All Tokens Attending Rare Semantic Match Query Tokens": 0.2875819743072733,
    "All Tokens Attending Semantic Match Query Tokens": 0.28736493793718176,
    "Rare Tokens Attending Semantic Match Query Tokens": 0.2869165928216858,
    "Rare Tokens Attending Rare Semantic Match Query Tokens": 0.28270738639256243,
    "All Tokens Attending Semantic Match Document Tokens": -0.277027383240947,
    "Document Tokens Attending Semantic Match Document Tokens": -0.277027383240947,
    "Document Tokens Attending Rare Semantic Match Document Tokens": -0.2759959546833617,
    "All Tokens Attending Rare Semantic Match Document Tokens": -0.2759959546833617,
    "Rare Document Tokens Attending Semantic Match Document Tokens": -0.27485526608939315,
    "Rare Tokens Attending Semantic Match Document Tokens": -0.27485526608939315,
    "Rare Tokens Attending Rare Semantic Match Document Tokens": -0.272054383399303,
    "Rare Document Tokens Attending Rare Semantic Match Document Tokens": -0.272054383399303,
    "Rare Tokens Attending Rare Tokens": 0.27183216046718484,
    "Very Rare Tokens Attending Rare Tokens": 0.26137053373987196,
    "Document Tokens Attending Very Rare Semantic Match Document Tokens": -0.26083840015392445,
    "All Tokens Attending Very Rare Semantic Match Document Tokens": -0.26083840015392445,
    "Rare Tokens Attending Very Rare Semantic Match Document Tokens": -0.2574218512305546,
    "Rare Document Tokens Attending Very Rare Semantic Match Document Tokens": -0.2574218512305546,
    "Very Rare Document Tokens Attending Semantic Match Document Tokens": -0.2551902517401799,
    "Very Rare Tokens Attending Semantic Match Document Tokens": -0.2551902517401799,
    "Rare Tokens Attending All Tokens": 0.2545454634401918,
    "Very Rare Document Tokens Attending Rare Semantic Match Document Tokens": -0.25422225986529584,
    "Very Rare Tokens Attending Rare Semantic Match Document Tokens": -0.25422225986529584,
    "Very Rare Tokens Attending Semantic Match Query Tokens": 0.25128112100546235,
    "Very Rare Tokens Attending Rare Semantic Match Query Tokens": 0.24817375496700184,
    "All Tokens Attending Rare Lexical Match Document Tokens": -0.24777133036467125,
    "Rare Tokens Attending Lexical Match Document Tokens": -0.24777133036467125,
    "Rare Document Tokens Attending Lexical Match Document Tokens": -0.24777133036467125,
    "Rare Tokens Attending Rare Lexical Match Document Tokens": -0.24777133036467125,
    "Rare Document Tokens Attending Rare Lexical Match Document Tokens": -0.24777133036467125,
    "Document Tokens Attending Rare Lexical Match Document Tokens": -0.24777133036467125,
    "Very Rare Tokens Attending Very Rare Semantic Match Document Tokens": -0.24703089054791066,
    "Very Rare Document Tokens Attending Very Rare Semantic Match Document Tokens": -0.24703089054791066,
    "All Tokens Attending Very Rare Semantic Match Query Tokens": 0.2421240553293731,