{
    "Document Tokens Attending Very Rare Query Tokens": 0.7183805151284842,
    "All Tokens Attending Very Rare Query Tokens": 0.7145984340552458,
    "Very Rare Document Tokens Attending Very Rare Query Tokens": 0.7105300261524692,
    "Rare Document Tokens Attending Very Rare Query Tokens": 0.7095828635297976,
    "Very Rare Document Tokens Attending Rare Query Tokens": 0.7086887646396681,
    "Document Tokens Attending Rare Query Tokens": 0.7073945093777663,
    "All Tokens Attending Rare Query Tokens": 0.7062844189513688,
    "Rare Document Tokens Attending Rare Query Tokens": 0.7050696074274465,
    "Rare Tokens Attending Rare Query Tokens": 0.6927312301167978,
    "Very Rare Tokens Attending Rare Query Tokens": 0.689816335822566,
    "Rare Tokens Attending Very Rare Query Tokens": 0.6890651128561637,
    "Document Tokens Attending Semantic Match Query Tokens": 0.680281598349373,
    "Document Tokens Attending Rare Semantic Match Query Tokens": 0.6799111681247385,
    "Rare Document Tokens Attending Semantic Match Query Tokens": 0.6794414650362749,
    "Rare Document Tokens Attending Rare Semantic Match Query Tokens": 0.6792646880444085,
    "Document Tokens Attending Lexical Match Query Tokens": 0.6762555271057844,
    "Very Rare Document Tokens Attending Query Tokens": 0.6698382389484591,
    "Document Tokens Attending Query Tokens": 0.6691540935423174,
    "All Tokens Attending Query Tokens": 0.6689649888199382,
    "All Tokens Attending Document Tokens": -0.6689572620631804,
    "Document Tokens Attending Document Tokens": -0.6689572620631804,
    "Very Rare Tokens Attending Very Rare Query Tokens": 0.6659504326191008,
    "Very Rare Document Tokens Attending Semantic Match Query Tokens": 0.6637420868543452,
    "Very Rare Document Tokens Attending Rare Semantic Match Query Tokens": 0.6636417259517852,
    "Rare Document Tokens Attending Query Tokens": 0.6625580573804348,
    "Rare Tokens Attending Query Tokens": 0.6613463453970998,
    "Document Tokens Attending Very Rare Semantic Match Query Tokens": 0.6609494163399487,
    "Very Rare Tokens Attending Query Tokens": 0.660910927668638,
    "Rare Document Tokens Attending Very Rare Semantic Match Query Tokens": 0.6606881280566015,
    "Rare Document Tokens Attending Lexical Match Query Tokens": 0.6568845039217621,
    "Rare Document Tokens Attending Rare Lexical Match Query Tokens": 0.6568845039217621,
    "Document Tokens Attending Rare Lexical Match Query Tokens": 0.6568845039217621,
    "Very Rare Document Tokens Attending Very Rare Semantic Match Query Tokens": 0.6560296661751128,
    "Document Tokens Attending Very Rare Lexical Match Query Tokens": 0.641112147946749,
    "Rare Document Tokens Attending Very Rare Lexical Match Query Tokens": 0.641112147946749,
    "Very Rare Document Tokens Attending Lexical Match Query Tokens": 0.641112147946749,
    "Very Rare Document Tokens Attending Very Rare Lexical Match Query Tokens": 0.641112147946749,
    "Very Rare Document Tokens Attending Rare Lexical Match Query Tokens": 0.641112147946749,
    "Rare Tokens Attending Document Tokens": -0.617008096591378,
    "Rare Document Tokens Attending Document Tokens": -0.617008096591378,
    "Very Rare Document Tokens Attending Document Tokens": -0.6059556200604432,
    "Very Rare Tokens Attending Document Tokens": -0.6059556200604432,
    "Very Rare Document Tokens Attending All Tokens": 0.5998105297470737,
    "Document Tokens Attending Rare Tokens": 0.5790703559143804,
    "All Tokens Attending Rare Tokens": 0.5677693786193535,
    "Rare Tokens Attending All Tokens": 0.5634727989165949,
    "Very Rare Document Tokens Attending Rare Tokens": 0.5631942781056827,
    "Rare Document Tokens Attending Rare Tokens": 0.5625574771185302,
    "Rare Tokens Attending Rare Tokens": 0.5416236224241384,
    "Very Rare Tokens Attending All Tokens": 0.540943365726668,
    "Very Rare Tokens Attending Rare Tokens": 0.5376981608363356,
    "Rare Document Tokens Attending All Tokens": 0.5299583832779649,
    "All Tokens Attending Rare Semantic Match Query Tokens": 0.4862077432139734,
    "Rare Tokens Attending Semantic Match Query Tokens": 0.485380990582706,
    "All Tokens Attending Semantic Match Query Tokens": 0.4849425247260041,
    "Rare Tokens Attending Rare Semantic Match Query Tokens": 0.4810800129176277,
    "Very Rare Tokens Attending Semantic Match Query Tokens": 0.4459334541727926,
    "Very Rare Tokens Attending Rare Semantic Match Query Tokens": 0.4427823524250236,
    "All Tokens Attending Very Rare Semantic Match Query Tokens": 0.4399079674216148,
    "Rare Tokens Attending Very Rare Semantic Match Query Tokens": 0.4390520614937291,
    "Rare Document Tokens Attending Very Rare Tokens": 0.41982524902911655,
    "Very Rare Tokens Attending Very Rare Semantic Match Query Tokens": 0.41248661117240165,
    "Document Tokens Attending Very Rare Tokens": 0.4027242346306099,
    "Rare Tokens Attending Very Rare Tokens": 0.39913298937803526,
    "All Tokens Attending Very Rare Tokens": 0.39315690592480623,
    "Rare Tokens Attending Lexical Match Query Tokens": 0.36815839414127527,
    "All Tokens Attending Rare Lexical Match Query Tokens": 0.36815839414127527,
    "Rare Tokens Attending Rare Lexical Match Query Tokens": 0.36815839414127527,
    "Very Rare Document Tokens Attending Very Rare Tokens": 0.35949339970054733,
    "Very Rare Tokens Attending Lexical Match Query Tokens": 0.3450504731788606,
    "All Tokens Attending Very Rare Lexical Match Query Tokens": 0.3450504731788606,
    "Very Rare Tokens Attending Very Rare Lexical Match Query Tokens": 0.3450504731788606,
    "Very Rare Tokens Attending Rare Lexical Match Query Tokens": 0.3450504731788606,
    "Rare Tokens Attending Very Rare Lexical Match Query Tokens": 0.3450504731788606,
    "Very Rare Tokens Attending Very Rare Tokens": 0.3307876263451844,
    "All Tokens Attending Very Rare Document Tokens": -0.27010833934186973,
    "Document Tokens Attending Very Rare Document Tokens": -0.27010833934186973,
    "All Tokens Attending Lexical Match Query Tokens": 0.24524017041029988,
    "Very Rare Document Tokens Attending Semantic Match Tokens": 0.1944148060398433,
    "Very Rare Document Tokens Attending Rare Semantic Match Tokens": 0.19422650643745437,
    "Very Rare Document Tokens Attending Very Rare Lexical Match Tokens": 0.19241195240349024,
    "Very Rare Document Tokens Attending Rare Lexical Match Tokens": 0.19241195240349024,
    "Very Rare Document Tokens Attending Lexical Match Tokens": 0.19241195240349024,
    "Rare Document Tokens Attending Very Rare Lexical Match Tokens": 0.19241195240349024,
    "Document Tokens Attending Very Rare Lexical Match Tokens": 0.19241195240349024,
    "Very Rare Document Tokens Attending Very Rare Semantic Match Tokens": 0.19165772831839767,
    "Rare Document Tokens Attending Very Rare Semantic Match Tokens": 0.19039091885582465,
    "Document Tokens Attending Very Rare Semantic Match Tokens": 0.18704977073240275,
    "Very Rare Tokens Attending Semantic Match Tokens": 0.1713115987044796,
    "Very Rare Tokens Attending Rare Semantic Match Tokens": 0.17107093080416946,
    "Very Rare Tokens Attending Very Rare Semantic Match Tokens": 0.16888086752651843,
    "Rare Tokens Attending Very Rare Semantic Match Tokens": 0.16788239525086918,
    "All Tokens Attending Very Rare Lexical Match Tokens": 0.1668374852953889,
    "Very Rare Tokens Attending Very Rare Lexical Match Tokens": 0.1668374852953889,
    "Very Rare Tokens Attending Rare Lexical Match Tokens": 0.1668374852953889,
    "Very Rare Tokens Attending Lexical Match Tokens": 0.1668374852953889,
    "Rare Tokens Attending Very Rare Lexical Match Tokens": 0.1668374852953889,
    "Rare Document Tokens Attending Rare Semantic Match Tokens": 0.16674334974582983,
    "Rare Document Tokens Attending Semantic Match Tokens": 0.1657507869734689,
    "Rare Document Tokens Attending Lexical Match Tokens": 0.16481941811712508,