{
    "Very Rare Document Tokens Attending Rare Tokens": 0.8882783882783883,
    "Very Rare Tokens Attending Rare Document Tokens": 0.8852258852258852,
    "Very Rare Document Tokens Attending Rare Document Tokens": 0.8852258852258852,
    "Rare Document Tokens Attending Very Rare Tokens": 0.8754578754578756,
    "Very Rare Tokens Attending Rare Tokens": 0.8736263736263736,
    "Rare Document Tokens Attending Rare Tokens": 0.8724053724053724,
    "Rare Tokens Attending Rare Document Tokens": 0.8724053724053724,
    "Rare Document Tokens Attending Rare Document Tokens": 0.8724053724053724,
    "Rare Tokens Attending Rare Tokens": 0.868131868131868,
    "Rare Tokens Attending Very Rare Tokens": 0.8583638583638583,
    "Rare Document Tokens Attending Very Rare Document Tokens": 0.8412698412698412,
    "Rare Tokens Attending Very Rare Document Tokens": 0.8412698412698412,
    "Document Tokens Attending Rare Document Tokens": 0.8400488400488401,
    "All Tokens Attending Rare Document Tokens": 0.8400488400488401,
    "Document Tokens Attending Rare Tokens": 0.8333333333333333,
    "All Tokens Attending Rare Tokens": 0.8315018315018315,
    "Very Rare Document Tokens Attending Very Rare Tokens": 0.8229548229548229,
    "All Tokens Attending Very Rare Document Tokens": 0.8217338217338217,
    "Document Tokens Attending Very Rare Document Tokens": 0.8217338217338217,
    "Document Tokens Attending Very Rare Tokens": 0.804029304029304,
    "All Tokens Attending Very Rare Tokens": 0.8015873015873015,
    "Very Rare Tokens Attending Very Rare Tokens": 0.8009768009768009,
    "Very Rare Document Tokens Attending Very Rare Document Tokens": 0.7954822954822955,
    "Very Rare Tokens Attending Very Rare Document Tokens": 0.7954822954822955,
    "Very Rare Tokens Attending Rare Query Tokens": 0.7460317460317459,
    "Very Rare Document Tokens Attending Very Rare Query Tokens": 0.7081807081807082,
    "Rare Document Tokens Attending Rare Query Tokens": 0.7057387057387058,
    "Very Rare Document Tokens Attending Rare Query Tokens": 0.6959706959706959,
    "Very Rare Document Tokens Attending Rare Matching Word Query Tokens": 0.6886446886446885,
    "Very Rare Document Tokens Attending Matching Word Query Tokens": 0.6886446886446885,
    "Very Rare Document Tokens Attending Very Rare Matching Word Query Tokens": 0.6886446886446885,
    "Document Tokens Attending Very Rare Matching Word Query Tokens": 0.6886446886446885,
    "Rare Document Tokens Attending Very Rare Matching Word Query Tokens": 0.6886446886446885,
    "Rare Tokens Attending Rare Query Tokens": 0.6843711843711844,
    "Document Tokens Attending Rare Matching Word Query Tokens": 0.6825396825396824,
    "Rare Document Tokens Attending Rare Matching Word Query Tokens": 0.6825396825396824,
    "Rare Document Tokens Attending Matching Word Query Tokens": 0.6825396825396824,
    "Rare Document Tokens Attending Very Rare Query Tokens": 0.6813186813186813,
    "Document Tokens Attending Rare Query Tokens": 0.6807081807081806,
    "Rare Document Tokens Attending Rare Synonymous Query Tokens": 0.6715506715506715,
    "Document Tokens Attending Rare Synonymous Query Tokens": 0.6715506715506715,
    "Document Tokens Attending Synonymous Query Tokens": 0.6672771672771672,
    "Rare Document Tokens Attending Synonymous Query Tokens": 0.6672771672771672,
    "Document Tokens Attending Very Rare Synonymous Query Tokens": 0.6654456654456654,
    "Very Rare Document Tokens Attending Rare Synonymous Query Tokens": 0.6623931623931624,
    "Rare Document Tokens Attending Very Rare Synonymous Query Tokens": 0.6623931623931624,
    "Very Rare Document Tokens Attending Synonymous Query Tokens": 0.6623931623931624,
    "Very Rare Tokens Attending Very Rare Query Tokens": 0.6617826617826618,
    "All Tokens Attending Rare Query Tokens": 0.6605616605616605,
    "Rare Tokens Attending Very Rare Query Tokens": 0.6568986568986569,
    "Very Rare Document Tokens Attending Very Rare Synonymous Query Tokens": 0.6526251526251526,
    "Document Tokens Attending Very Rare Query Tokens": 0.6013431013431013,
    "Very Rare Document Tokens Attending Document Tokens": -0.6007326007326006,
    "Very Rare Tokens Attending Document Tokens": -0.6007326007326006,
    "Rare Tokens Attending Query Tokens": 0.5995115995115995,
    "Rare Tokens Attending Document Tokens": -0.5891330891330891,
    "Rare Document Tokens Attending Document Tokens": -0.5891330891330891,
    "All Tokens Attending Document Tokens": -0.5879120879120878,
    "All Tokens Attending Query Tokens": 0.5879120879120878,
    "Document Tokens Attending Document Tokens": -0.5879120879120878,
    "Document Tokens Attending Query Tokens": 0.5848595848595849,
    "Very Rare Tokens Attending Query Tokens": 0.5683760683760684,
    "All Tokens Attending Very Rare Query Tokens": 0.5647130647130647,
    "Document Tokens Attending Matching Word Query Tokens": 0.5494505494505495,
    "Rare Document Tokens Attending Query Tokens": 0.5427350427350427,
    "Very Rare Document Tokens Attending Query Tokens": 0.5378510378510378,
    "Very Rare Tokens Attending Rare Synonymous Query Tokens": 0.4981684981684982,
    "Rare Tokens Attending Very Rare Synonymous Query Tokens": 0.4981684981684982,
    "All Tokens Attending Synonymous Query Tokens": 0.49572649572649574,
    "All Tokens Attending Rare Synonymous Query Tokens": 0.49572649572649574,
    "Rare Tokens Attending Synonymous Query Tokens": 0.49572649572649574,
    "All Tokens Attending Very Rare Synonymous Query Tokens": 0.49511599511599513,
    "Very Rare Tokens Attending Synonymous Query Tokens": 0.49511599511599513,
    "Rare Tokens Attending Rare Synonymous Query Tokens": 0.4877899877899878,
    "Very Rare Document Tokens Attending Synonymous Tokens": 0.46153846153846156,
    "Very Rare Document Tokens Attending Rare Synonymous Tokens": 0.452991452991453,
    "Query Tokens Attending Rare Query Tokens": 0.452991452991453,
    "Query Tokens Attending Rare Tokens": 0.452991452991453,
    "Very Rare Tokens Attending Very Rare Synonymous Query Tokens": 0.45054945054945056,
    "Rare Document Tokens Attending Very Rare Synonymous Tokens": 0.442002442002442,
    "Rare Query Tokens Attending Query Tokens": 0.442002442002442,
    "Rare Query Tokens Attending All Tokens": 0.442002442002442,
    "Document Tokens Attending Very Rare Synonymous Tokens": 0.4328449328449328,
    "Document Tokens Attending Rare Synonymous Tokens": 0.40964590964590963,
    "Rare Document Tokens Attending Synonymous Tokens": 0.40964590964590963,
    "Very Rare Query Tokens Attending All Tokens": 0.4023199023199023,
    "Very Rare Query Tokens Attending Query Tokens": 0.4023199023199023,
    "Document Tokens Attending Synonymous Tokens": 0.37301587301587297,
    "Rare Document Tokens Attending Rare Synonymous Tokens": 0.3717948717948718,
    "Query Tokens Attending All Tokens": 0.3711843711843712,
    "Document Tokens Attending All Tokens": -0.3711843711843712,
    "Query Tokens Attending Query Tokens": 0.3711843711843712,
    "Very Rare Tokens Attending Synonymous Tokens": 0.35958485958485964,
    "Very Rare Tokens Attending Rare Synonymous Tokens": 0.34432234432234426,
    "Rare Tokens Attending Very Rare Synonymous Tokens": 0.34432234432234426,
    "Very Rare Document Tokens Attending Very Rare Synonymous Tokens": 0.34004884004884,
    "Rare Tokens Attending Very Rare Matching Word Query Tokens": 0.3327228327228327,
    "Very Rare Tokens Attending Rare Matching Word Query Tokens": 0.3327228327228327,
    "Very Rare Tokens Attending Very Rare Matching Word Query Tokens": 0.3327228327228327,
    "All Tokens Attending Very Rare Matching Word Query Tokens": 0.3327228327228327,
    "Very Rare Tokens Attending Matching Word Query Tokens": 0.3327228327228327,
    "Rare Query Tokens Attending Rare Tokens": 0.3315018315018315,
    "Rare Query Tokens Attending Rare Query Tokens": 0.3315018315018315,
    "Rare Tokens Attending Synonymous Tokens": 0.3308913308913309,