{
    "Document Tokens Attending Rare Tokens": 0.7486404549611682,
    "Document Tokens Attending Rare Document Tokens": 0.737030281351794,
    "All Tokens Attending Rare Document Tokens": 0.737030281351794,
    "All Tokens Attending Rare Tokens": 0.731405813839787,
    "Rare Document Tokens Attending Rare Tokens": 0.7206609681720846,
    "Document Tokens Attending Very Rare Tokens": 0.7159216319431175,
    "Very Rare Document Tokens Attending Rare Tokens": 0.707547130323043,
    "Rare Tokens Attending Rare Tokens": 0.6933858172672684,
    "All Tokens Attending Very Rare Tokens": 0.6920923004311821,
    "All Tokens Attending Very Rare Document Tokens": 0.6912418872747421,
    "Document Tokens Attending Very Rare Document Tokens": 0.6912418872747421,
    "Rare Tokens Attending Rare Document Tokens": 0.6901485773294523,
    "Rare Document Tokens Attending Rare Document Tokens": 0.6901485773294523,
    "Rare Document Tokens Attending Very Rare Tokens": 0.6815491618333926,
    "Very Rare Tokens Attending Rare Tokens": 0.6760626746089544,
    "Document Tokens Attending Rare Query Tokens": 0.6715368187143563,
    "Very Rare Document Tokens Attending Rare Query Tokens": 0.6713389123943145,
    "Rare Document Tokens Attending Rare Query Tokens": 0.6691294210752314,
    "Very Rare Tokens Attending Rare Document Tokens": 0.6650736207363418,
    "Very Rare Document Tokens Attending Rare Document Tokens": 0.6650736207363418,
    "All Tokens Attending Rare Query Tokens": 0.6467445972070772,
    "Rare Tokens Attending Very Rare Tokens": 0.6445168279392657,
    "Document Tokens Attending Very Rare Query Tokens": 0.6425341809676951,
    "Very Rare Document Tokens Attending Very Rare Query Tokens": 0.6413449901041787,
    "Rare Document Tokens Attending Very Rare Query Tokens": 0.6394974650774295,
    "Document Tokens Attending Semantic Match Query Tokens": 0.6355070225718633,
    "Very Rare Document Tokens Attending Very Rare Tokens": 0.6343846098418175,
    "Document Tokens Attending Rare Semantic Match Query Tokens": 0.6343646245669476,
    "Rare Document Tokens Attending Semantic Match Query Tokens": 0.6337552199117062,
    "Rare Document Tokens Attending Rare Semantic Match Query Tokens": 0.6328914910194855,
    "Rare Document Tokens Attending Very Rare Document Tokens": 0.6287362601624396,
    "Rare Tokens Attending Very Rare Document Tokens": 0.6287362601624396,
    "Rare Tokens Attending Rare Query Tokens": 0.6276517367362435,
    "Very Rare Tokens Attending Rare Query Tokens": 0.6263926993057212,
    "All Tokens Attending Very Rare Query Tokens": 0.6136782338604182,
    "Very Rare Document Tokens Attending Semantic Match Query Tokens": 0.6075420596087071,
    "Very Rare Document Tokens Attending Rare Semantic Match Query Tokens": 0.6068546868490212,
    "Document Tokens Attending Very Rare Semantic Match Query Tokens": 0.6028609318737297,
    "Rare Document Tokens Attending Very Rare Semantic Match Query Tokens": 0.6023732962917534,
    "Rare Document Tokens Attending Lexical Match Query Tokens": 0.6010345316717959,
    "Rare Document Tokens Attending Rare Lexical Match Query Tokens": 0.6010345316717959,
    "Document Tokens Attending Rare Lexical Match Query Tokens": 0.6010345316717959,
    "Very Rare Document Tokens Attending Very Rare Semantic Match Query Tokens": 0.5930160158182087,
    "Rare Tokens Attending Very Rare Query Tokens": 0.5927726623629055,
    "Very Rare Tokens Attending Very Rare Tokens": 0.5858252870726035,
    "Document Tokens Attending Very Rare Lexical Match Query Tokens": 0.5822939313799281,
    "Rare Document Tokens Attending Very Rare Lexical Match Query Tokens": 0.5822939313799281,
    "Very Rare Document Tokens Attending Lexical Match Query Tokens": 0.5822939313799281,
    "Very Rare Document Tokens Attending Very Rare Lexical Match Query Tokens": 0.5822939313799281,
    "Very Rare Document Tokens Attending Rare Lexical Match Query Tokens": 0.5822939313799281,
    "Very Rare Tokens Attending Very Rare Query Tokens": 0.5818248783214217,
    "Very Rare Document Tokens Attending Query Tokens": 0.5612924482789536,
    "Document Tokens Attending Lexical Match Query Tokens": 0.5550224110368467,
    "Document Tokens Attending Query Tokens": 0.5542141798044449,
    "Very Rare Document Tokens Attending Very Rare Document Tokens": 0.5445556503183031,
    "Very Rare Tokens Attending Very Rare Document Tokens": 0.5445556503183031,
    "Rare Document Tokens Attending Query Tokens": 0.5421019311239239,
    "Very Rare Document Tokens Attending Document Tokens": -0.5102900842753373,
    "Very Rare Tokens Attending Document Tokens": -0.5102900842753373,
    "All Tokens Attending Rare Semantic Match Query Tokens": 0.5023991622883124,
    "Rare Tokens Attending Semantic Match Query Tokens": 0.5013323600820032,
    "All Tokens Attending Semantic Match Query Tokens": 0.4985847500068391,
    "Rare Tokens Attending Rare Semantic Match Query Tokens": 0.4977935183094215,
    "Rare Tokens Attending Document Tokens": -0.4828100247320675,
    "Rare Document Tokens Attending Document Tokens": -0.4828100247320675,
    "All Tokens Attending Query Tokens": 0.46768501430904863,
    "All Tokens Attending Document Tokens": -0.46767149001674074,
    "Document Tokens Attending Document Tokens": -0.46767149001674074,
    "Very Rare Tokens Attending Semantic Match Query Tokens": 0.4595765991421766,
    "Very Rare Tokens Attending Query Tokens": 0.45738919008127743,
    "Very Rare Tokens Attending Rare Semantic Match Query Tokens": 0.45640112347370687,
    "Rare Tokens Attending Query Tokens": 0.4532678444771806,
    "All Tokens Attending Very Rare Semantic Match Query Tokens": 0.45152479169421933,
    "Rare Tokens Attending Very Rare Semantic Match Query Tokens": 0.45020400685445244,
    "Very Rare Document Tokens Attending Semantic Match Tokens": 0.4485388313301535,
    "Very Rare Document Tokens Attending Rare Semantic Match Tokens": 0.4469026424060581,
    "Rare Document Tokens Attending Semantic Match Tokens": 0.4411351116157636,
    "Rare Document Tokens Attending Very Rare Semantic Match Tokens": 0.44021121495496396,
    "Document Tokens Attending Rare Semantic Match Tokens": 0.43901249537924075,
    "Document Tokens Attending Very Rare Semantic Match Tokens": 0.4386003219415479,
    "Rare Document Tokens Attending Rare Semantic Match Tokens": 0.4384646698809277,
    "Document Tokens Attending Semantic Match Tokens": 0.4334254267011074,
    "Very Rare Document Tokens Attending Very Rare Semantic Match Tokens": 0.42193419900005247,
    "Very Rare Tokens Attending Very Rare Semantic Match Query Tokens": 0.42040633299728436,
    "Rare Tokens Attending Lexical Match Query Tokens": 0.3831888233065004,
    "All Tokens Attending Rare Lexical Match Query Tokens": 0.3831888233065004,
    "Rare Tokens Attending Rare Lexical Match Query Tokens": 0.3831888233065004,
    "Rare Tokens Attending Semantic Match Tokens": 0.3712155094948373,
    "Very Rare Tokens Attending Semantic Match Tokens": 0.370750259792002,
    "All Tokens Attending Rare Semantic Match Tokens": 0.3685213822388077,
    "Very Rare Tokens Attending Rare Semantic Match Tokens": 0.3681816828426989,
    "Rare Tokens Attending Rare Semantic Match Tokens": 0.3674055192344527,
    "All Tokens Attending Semantic Match Tokens": 0.3641814764103568,
    "Rare Tokens Attending Very Rare Semantic Match Tokens": 0.36070785991070403,
    "All Tokens Attending Very Rare Semantic Match Tokens": 0.3585847844472736,
    "Very Rare Tokens Attending Lexical Match Query Tokens": 0.35734343485675335,
    "All Tokens Attending Very Rare Lexical Match Query Tokens": 0.35734343485675335,
    "Very Rare Tokens Attending Very Rare Lexical Match Query Tokens": 0.35734343485675335,
    "Very Rare Tokens Attending Rare Lexical Match Query Tokens": 0.35734343485675335,
    "Rare Tokens Attending Very Rare Lexical Match Query Tokens": 0.35734343485675335,