{
    "Document Tokens Attending Rare Tokens": 0.7170189098998888,
    "Document Tokens Attending Very Rare Tokens": 0.7112347052280311,
    "All Tokens Attending Rare Tokens": 0.7103448275862069,
    "Rare Document Tokens Attending Rare Tokens": 0.7094549499443825,
    "All Tokens Attending Very Rare Tokens": 0.7054505005561735,
    "Document Tokens Attending Rare Document Tokens": 0.6925472747497218,
    "All Tokens Attending Rare Document Tokens": 0.6925472747497218,
    "Very Rare Document Tokens Attending Rare Tokens": 0.6885428253615128,
    "All Tokens Attending Very Rare Document Tokens": 0.6827586206896552,
    "Document Tokens Attending Very Rare Document Tokens": 0.6827586206896552,
    "Very Rare Tokens Attending Rare Document Tokens": 0.6783092324805339,
    "Very Rare Document Tokens Attending Rare Document Tokens": 0.6783092324805339,
    "Rare Tokens Attending Rare Tokens": 0.6765294771968854,
    "Rare Document Tokens Attending Very Rare Document Tokens": 0.6729699666295884,
    "Rare Tokens Attending Very Rare Document Tokens": 0.6729699666295884,
    "Rare Tokens Attending Rare Document Tokens": 0.6720800889877642,
    "Rare Document Tokens Attending Rare Document Tokens": 0.6720800889877642,
    "Rare Document Tokens Attending Very Rare Tokens": 0.6685205784204672,
    "Very Rare Tokens Attending Rare Tokens": 0.643159065628476,
    "Very Rare Document Tokens Attending Very Rare Document Tokens": 0.6258064516129032,
    "Very Rare Tokens Attending Very Rare Document Tokens": 0.6258064516129032,
    "Rare Tokens Attending Very Rare Tokens": 0.6182424916573971,
    "Very Rare Document Tokens Attending Very Rare Tokens": 0.6057842046718577,
    "Very Rare Tokens Attending Very Rare Tokens": 0.5728587319243604,
    "Rare Document Tokens Attending Rare Semantic Match Tokens": 0.5439377085650723,
    "Document Tokens Attending Semantic Match Tokens": 0.5439377085650723,
    "Very Rare Document Tokens Attending Semantic Match Tokens": 0.5385984427141268,
    "Very Rare Document Tokens Attending Rare Semantic Match Tokens": 0.5381535038932147,
    "Rare Document Tokens Attending Semantic Match Tokens": 0.5345939933259177,
    "Document Tokens Attending Rare Semantic Match Tokens": 0.5345939933259177,
    "All Tokens Attending Semantic Match Tokens": 0.5328142380422692,
    "Document Tokens Attending Very Rare Semantic Match Tokens": 0.5323692992213571,
    "Rare Document Tokens Attending Very Rare Semantic Match Tokens": 0.5323692992213571,
    "All Tokens Attending Semantic Match Document Tokens": 0.5314794215795328,
    "Document Tokens Attending Semantic Match Document Tokens": 0.5314794215795328,
    "Rare Tokens Attending Rare Semantic Match Tokens": 0.5292547274749722,
    "Rare Tokens Attending Rare Semantic Match Document Tokens": 0.5292547274749722,
    "Rare Document Tokens Attending Rare Semantic Match Document Tokens": 0.5292547274749722,
    "Rare Tokens Attending Semantic Match Tokens": 0.52880978865406,
    "All Tokens Attending Rare Semantic Match Tokens": 0.52880978865406,
    "Document Tokens Attending Rare Query Tokens": 0.5279199110122358,
    "Rare Document Tokens Attending Rare Query Tokens": 0.5261401557285873,
    "Rare Document Tokens Attending Very Rare Query Tokens": 0.5256952169076751,
    "Document Tokens Attending Rare Semantic Match Document Tokens": 0.525250278086763,
    "Rare Document Tokens Attending Semantic Match Document Tokens": 0.525250278086763,
    "All Tokens Attending Rare Semantic Match Document Tokens": 0.525250278086763,
    "Rare Tokens Attending Semantic Match Document Tokens": 0.525250278086763,
    "Very Rare Document Tokens Attending Rare Query Tokens": 0.5243604004449388,
    "Document Tokens Attending Very Rare Query Tokens": 0.5225806451612903,
    "Very Rare Tokens Attending Rare Query Tokens": 0.5190211345939933,
    "Very Rare Document Tokens Attending Very Rare Semantic Match Tokens": 0.5167964404894326,
    "Rare Tokens Attending Rare Query Tokens": 0.5167964404894326,
    "Very Rare Tokens Attending Rare Semantic Match Tokens": 0.5163515016685205,
    "Very Rare Document Tokens Attending Very Rare Query Tokens": 0.5127919911012235,
    "Rare Tokens Attending Very Rare Semantic Match Tokens": 0.5087875417130144,
    "All Tokens Attending Rare Query Tokens": 0.5087875417130144,
    "Very Rare Tokens Attending Semantic Match Tokens": 0.5087875417130144,
    "All Tokens Attending Very Rare Semantic Match Tokens": 0.5030033370411569,
    "Rare Tokens Attending Very Rare Query Tokens": 0.5003337041156841,
    "Very Rare Tokens Attending Very Rare Query Tokens": 0.49899888765294764,
    "Very Rare Tokens Attending Very Rare Semantic Match Tokens": 0.4972191323692992,
    "All Tokens Attending Very Rare Query Tokens": 0.49365962180200224,
    "Very Rare Document Tokens Attending Rare Semantic Match Document Tokens": 0.48075639599555064,
    "Very Rare Tokens Attending Rare Semantic Match Document Tokens": 0.48075639599555064,
    "Document Tokens Attending Very Rare Semantic Match Document Tokens": 0.48075639599555064,
    "All Tokens Attending Very Rare Semantic Match Document Tokens": 0.48075639599555064,
    "Very Rare Tokens Attending Very Rare Semantic Match Document Tokens": 0.4767519466073415,
    "Very Rare Document Tokens Attending Very Rare Semantic Match Document Tokens": 0.4767519466073415,
    "Very Rare Document Tokens Attending Semantic Match Document Tokens": 0.47319243604004446,
    "Very Rare Tokens Attending Semantic Match Document Tokens": 0.47319243604004446,
    "Rare Tokens Attending Very Rare Semantic Match Document Tokens": 0.47319243604004446,
    "Rare Document Tokens Attending Very Rare Semantic Match Document Tokens": 0.47319243604004446,
    "Rare Document Tokens Attending Lexical Match Tokens": 0.4616240266963292,
    "Document Tokens Attending Rare Lexical Match Tokens": 0.4616240266963292,
    "Rare Document Tokens Attending Rare Lexical Match Tokens": 0.4616240266963292,
    "Document Tokens Attending Query Tokens": 0.4540600667408231,
    "Rare Document Tokens Attending Semantic Match Query Tokens": 0.4518353726362625,
    "Document Tokens Attending Semantic Match Query Tokens": 0.4518353726362625,
    "Document Tokens Attending Rare Semantic Match Query Tokens": 0.4518353726362625,
    "Rare Document Tokens Attending Rare Semantic Match Query Tokens": 0.4518353726362625,
    "Very Rare Document Tokens Attending Semantic Match Query Tokens": 0.44382647385984425,
    "Very Rare Document Tokens Attending Rare Semantic Match Query Tokens": 0.43759733036707454,
    "Rare Document Tokens Attending Lexical Match Query Tokens": 0.43492769744160176,
    "Rare Document Tokens Attending Rare Lexical Match Query Tokens": 0.43492769744160176,
    "Document Tokens Attending Rare Lexical Match Query Tokens": 0.43492769744160176,
    "Document Tokens Attending Very Rare Semantic Match Query Tokens": 0.43403781979977757,
    "Very Rare Document Tokens Attending Query Tokens": 0.43403781979977757,
    "Rare Document Tokens Attending Very Rare Semantic Match Query Tokens": 0.43403781979977757,
    "Very Rare Document Tokens Attending Very Rare Semantic Match Query Tokens": 0.4282536151279199,
    "Document Tokens Attending Very Rare Lexical Match Query Tokens": 0.4264738598442714,
    "Rare Document Tokens Attending Very Rare Lexical Match Query Tokens": 0.4264738598442714,
    "Very Rare Document Tokens Attending Lexical Match Query Tokens": 0.4264738598442714,
    "Very Rare Document Tokens Attending Very Rare Lexical Match Query Tokens": 0.4264738598442714,
    "Very Rare Document Tokens Attending Rare Lexical Match Query Tokens": 0.4264738598442714,
    "Rare Document Tokens Attending Query Tokens": 0.4242491657397108,
    "Rare Tokens Attending Rare Semantic Match Query Tokens": 0.4117908787541713,
    "Rare Tokens Attending Semantic Match Query Tokens": 0.4117908787541713,
    "All Tokens Attending Rare Semantic Match Query Tokens": 0.4117908787541713,