{
    "Document Tokens Attending Rare Tokens": 0.6861864249735513,
    "Document Tokens Attending Rare Document Tokens": 0.6837048369891008,
    "All Tokens Attending Rare Document Tokens": 0.6837048369891008,
    "All Tokens Attending Rare Tokens": 0.6688771983633455,
    "Document Tokens Attending Very Rare Tokens": 0.6590363799326278,
    "Rare Document Tokens Attending Rare Tokens": 0.6527558583407981,
    "All Tokens Attending Very Rare Document Tokens": 0.6521605652398204,
    "Document Tokens Attending Very Rare Document Tokens": 0.6521605652398204,
    "Rare Tokens Attending Rare Document Tokens": 0.6374473931614484,
    "Rare Document Tokens Attending Rare Document Tokens": 0.6374473931614484,
    "Very Rare Document Tokens Attending Rare Tokens": 0.6361567240395272,
    "All Tokens Attending Very Rare Tokens": 0.6357211289633306,
    "Rare Tokens Attending Rare Tokens": 0.6262024691928125,
    "Rare Document Tokens Attending Very Rare Tokens": 0.6129017658426665,
    "Very Rare Tokens Attending Rare Document Tokens": 0.6092873077464993,
    "Very Rare Document Tokens Attending Rare Document Tokens": 0.6092873077464993,
    "Very Rare Tokens Attending Rare Tokens": 0.606191950035473,
    "Document Tokens Attending Rare Query Tokens": 0.6019818150144975,
    "Rare Document Tokens Attending Rare Query Tokens": 0.584992606982252,
    "Very Rare Document Tokens Attending Rare Query Tokens": 0.5845004774815876,
    "Rare Document Tokens Attending Very Rare Document Tokens": 0.5828517172997869,
    "Rare Tokens Attending Very Rare Document Tokens": 0.5828517172997869,
    "Rare Tokens Attending Very Rare Tokens": 0.5777399368501677,
    "All Tokens Attending Rare Query Tokens": 0.5760889020346851,
    "Document Tokens Attending Very Rare Query Tokens": 0.5687893784972187,
    "Very Rare Document Tokens Attending Very Rare Tokens": 0.5627835194431845,
    "Rare Document Tokens Attending Very Rare Query Tokens": 0.5492865603352256,
    "Very Rare Document Tokens Attending Very Rare Query Tokens": 0.5471567136432838,
    "Rare Tokens Attending Rare Query Tokens": 0.5439645833648535,
    "Very Rare Tokens Attending Rare Query Tokens": 0.5406334510842588,
    "All Tokens Attending Very Rare Query Tokens": 0.5399017209811228,
    "Document Tokens Attending Semantic Match Query Tokens": 0.5339998061143197,
    "Document Tokens Attending Rare Semantic Match Query Tokens": 0.5326269513974824,
    "Rare Document Tokens Attending Semantic Match Query Tokens": 0.5319636073237111,
    "Rare Document Tokens Attending Rare Semantic Match Query Tokens": 0.5309967519988233,
    "Very Rare Tokens Attending Very Rare Tokens": 0.5184010929107123,
    "Rare Tokens Attending Very Rare Query Tokens": 0.5040892248599775,
    "Very Rare Document Tokens Attending Semantic Match Query Tokens": 0.5034135698480022,
    "Very Rare Document Tokens Attending Rare Semantic Match Query Tokens": 0.5026495936693554,
    "Document Tokens Attending Very Rare Semantic Match Query Tokens": 0.4983952823575362,
    "Rare Document Tokens Attending Very Rare Semantic Match Query Tokens": 0.4978819254420947,
    "Very Rare Document Tokens Attending Very Rare Document Tokens": 0.49645292873974894,
    "Very Rare Tokens Attending Very Rare Document Tokens": 0.49645292873974894,
    "Rare Document Tokens Attending Lexical Match Query Tokens": 0.49550362311156554,
    "Rare Document Tokens Attending Rare Lexical Match Query Tokens": 0.49550362311156554,
    "Document Tokens Attending Rare Lexical Match Query Tokens": 0.49550362311156554,
    "Very Rare Tokens Attending Very Rare Query Tokens": 0.4917382799130441,
    "Document Tokens Attending Query Tokens": 0.48872024421463833,
    "Very Rare Document Tokens Attending Very Rare Semantic Match Query Tokens": 0.4878948699786759,
    "Very Rare Document Tokens Attending Query Tokens": 0.4833789626655351,
    "Document Tokens Attending Very Rare Lexical Match Query Tokens": 0.47498149883211327,
    "Rare Document Tokens Attending Very Rare Lexical Match Query Tokens": 0.47498149883211327,
    "Very Rare Document Tokens Attending Lexical Match Query Tokens": 0.47498149883211327,
    "Very Rare Document Tokens Attending Very Rare Lexical Match Query Tokens": 0.47498149883211327,
    "Very Rare Document Tokens Attending Rare Lexical Match Query Tokens": 0.47498149883211327,
    "Rare Document Tokens Attending Query Tokens": 0.4662688048659716,
    "Document Tokens Attending Lexical Match Query Tokens": 0.45031773744812653,
    "Very Rare Document Tokens Attending Document Tokens": -0.4443490841853559,
    "Very Rare Tokens Attending Document Tokens": -0.4443490841853559,
    "All Tokens Attending Rare Semantic Match Query Tokens": 0.4195701311768161,
    "Rare Tokens Attending Semantic Match Query Tokens": 0.41850847356890003,
    "Rare Tokens Attending Document Tokens": -0.41653863888487325,
    "Rare Document Tokens Attending Document Tokens": -0.41653863888487325,
    "All Tokens Attending Semantic Match Query Tokens": 0.41633410733049137,
    "Rare Tokens Attending Rare Semantic Match Query Tokens": 0.4154530480868227,
    "All Tokens Attending Query Tokens": 0.4033327501900238,
    "All Tokens Attending Document Tokens": -0.4033182573771188,
    "Document Tokens Attending Document Tokens": -0.4033182573771188,
    "Very Rare Document Tokens Attending Semantic Match Tokens": 0.384275795172953,
    "Very Rare Tokens Attending Query Tokens": 0.38381200542867255,
    "Very Rare Document Tokens Attending Rare Semantic Match Tokens": 0.3830785267698459,
    "Rare Document Tokens Attending Semantic Match Tokens": 0.38142699057440366,
    "Rare Tokens Attending Query Tokens": 0.3805371454053724,
    "Rare Document Tokens Attending Rare Semantic Match Tokens": 0.37973700415924416,
    "Document Tokens Attending Rare Semantic Match Tokens": 0.3795130315597903,
    "Very Rare Tokens Attending Semantic Match Query Tokens": 0.3769149849081951,
    "Rare Document Tokens Attending Very Rare Semantic Match Tokens": 0.3761806218120341,
    "Document Tokens Attending Semantic Match Tokens": 0.3757829584312756,
    "Document Tokens Attending Very Rare Semantic Match Tokens": 0.3746461445699699,
    "Very Rare Tokens Attending Rare Semantic Match Query Tokens": 0.37409320792654116,
    "All Tokens Attending Very Rare Semantic Match Query Tokens": 0.36861717097640284,
    "Rare Tokens Attending Very Rare Semantic Match Query Tokens": 0.3674185867223695,
    "Very Rare Document Tokens Attending Very Rare Semantic Match Tokens": 0.36177627556481495,
    "Very Rare Tokens Attending Very Rare Semantic Match Query Tokens": 0.34122433840103805,
    "Rare Tokens Attending Semantic Match Tokens": 0.32078593336259686,
    "All Tokens Attending Rare Semantic Match Tokens": 0.3183970144288447,
    "Rare Tokens Attending Rare Semantic Match Tokens": 0.31809147423565887,
    "Very Rare Tokens Attending Semantic Match Tokens": 0.3173498682812095,
    "All Tokens Attending Semantic Match Tokens": 0.3154885964545153,
    "Very Rare Tokens Attending Rare Semantic Match Tokens": 0.3153506107360081,
    "Rare Tokens Attending Lexical Match Query Tokens": 0.31152533424887974,
    "All Tokens Attending Rare Lexical Match Query Tokens": 0.31152533424887974,
    "Rare Tokens Attending Rare Lexical Match Query Tokens": 0.31152533424887974,
    "Rare Tokens Attending Very Rare Semantic Match Tokens": 0.3077132444357803,
    "All Tokens Attending Very Rare Semantic Match Tokens": 0.3057493658322842,
    "Very Rare Tokens Attending Very Rare Semantic Match Tokens": 0.29041209618568486,
    "Rare Document Tokens Attending All Tokens": 0.28404705963372695,
    "Very Rare Tokens Attending Lexical Match Query Tokens": 0.28276883409746173,
    "All Tokens Attending Very Rare Lexical Match Query Tokens": 0.28276883409746173,
    "Very Rare Tokens Attending Very Rare Lexical Match Query Tokens": 0.28276883409746173,