{
    "Rare Document Tokens Attending Rare Tokens": 0.8162402669632925,
    "Very Rare Document Tokens Attending Rare Tokens": 0.8122358175750835,
    "Document Tokens Attending Rare Tokens": 0.803781979977753,
    "All Tokens Attending Rare Tokens": 0.803337041156841,
    "Rare Tokens Attending Rare Tokens": 0.7979977753058954,
    "Rare Document Tokens Attending Very Rare Tokens": 0.7882091212458288,
    "All Tokens Attending Very Rare Tokens": 0.7833147942157953,
    "Document Tokens Attending Very Rare Tokens": 0.7802002224694105,
    "Very Rare Tokens Attending Rare Tokens": 0.7748609566184649,
    "Very Rare Tokens Attending Rare Document Tokens": 0.7597330367074527,
    "Very Rare Document Tokens Attending Rare Document Tokens": 0.7597330367074527,
    "Very Rare Document Tokens Attending Very Rare Tokens": 0.7490545050055617,
    "Rare Tokens Attending Very Rare Tokens": 0.7472747497219132,
    "Document Tokens Attending Rare Document Tokens": 0.7468298109010011,
    "All Tokens Attending Rare Document Tokens": 0.7468298109010011,
    "Rare Tokens Attending Rare Document Tokens": 0.7437152391546161,
    "Rare Document Tokens Attending Rare Document Tokens": 0.7437152391546161,
    "Rare Document Tokens Attending Very Rare Document Tokens": 0.7401557285873193,
    "Rare Tokens Attending Very Rare Document Tokens": 0.7401557285873193,
    "Very Rare Document Tokens Attending Very Rare Document Tokens": 0.728587319243604,
    "Very Rare Tokens Attending Very Rare Document Tokens": 0.728587319243604,
    "Very Rare Tokens Attending Very Rare Tokens": 0.7236929922135705,
    "All Tokens Attending Very Rare Document Tokens": 0.7139043381535038,
    "Document Tokens Attending Very Rare Document Tokens": 0.7139043381535038,
    "Very Rare Document Tokens Attending Semantic Match Tokens": 0.7045606229143493,
    "Very Rare Document Tokens Attending Rare Semantic Match Tokens": 0.7005561735261402,
    "Document Tokens Attending Semantic Match Tokens": 0.699666295884316,
    "Rare Document Tokens Attending Rare Semantic Match Tokens": 0.6983314794215795,
    "Document Tokens Attending Very Rare Semantic Match Tokens": 0.6969966629588431,
    "Rare Document Tokens Attending Very Rare Semantic Match Tokens": 0.6969966629588431,
    "Rare Document Tokens Attending Semantic Match Tokens": 0.6952169076751946,
    "Document Tokens Attending Rare Semantic Match Tokens": 0.6952169076751946,
    "Rare Document Tokens Attending Very Rare Query Tokens": 0.6943270300333704,
    "Rare Document Tokens Attending Rare Query Tokens": 0.692992213570634,
    "Very Rare Tokens Attending Rare Query Tokens": 0.6907675194660734,
    "Very Rare Document Tokens Attending Rare Query Tokens": 0.6907675194660734,
    "Rare Tokens Attending Rare Query Tokens": 0.6880978865406007,
    "Very Rare Document Tokens Attending Very Rare Query Tokens": 0.6863181312569522,
    "Very Rare Tokens Attending Very Rare Query Tokens": 0.6774193548387096,
    "Very Rare Document Tokens Attending Very Rare Semantic Match Tokens": 0.6774193548387096,
    "Very Rare Document Tokens Attending Semantic Match Query Tokens": 0.6769744160177975,
    "Rare Tokens Attending Very Rare Query Tokens": 0.6743047830923248,
    "All Tokens Attending Semantic Match Tokens": 0.6734149054505005,
    "Very Rare Document Tokens Attending Rare Semantic Match Query Tokens": 0.671635150166852,
    "Rare Document Tokens Attending Semantic Match Query Tokens": 0.671635150166852,
    "Document Tokens Attending Semantic Match Query Tokens": 0.671635150166852,
    "Document Tokens Attending Rare Semantic Match Query Tokens": 0.671635150166852,
    "Rare Document Tokens Attending Rare Semantic Match Query Tokens": 0.671635150166852,
    "Rare Document Tokens Attending Lexical Match Query Tokens": 0.6711902113459399,
    "Rare Document Tokens Attending Rare Lexical Match Query Tokens": 0.6711902113459399,
    "Document Tokens Attending Rare Query Tokens": 0.6711902113459399,
    "Document Tokens Attending Rare Lexical Match Query Tokens": 0.6711902113459399,
    "Rare Tokens Attending Semantic Match Tokens": 0.6707452725250278,
    "All Tokens Attending Rare Semantic Match Tokens": 0.6707452725250278,
    "Rare Tokens Attending Rare Semantic Match Tokens": 0.6703003337041158,
    "Document Tokens Attending Very Rare Semantic Match Query Tokens": 0.6680756395995551,
    "Rare Document Tokens Attending Very Rare Semantic Match Query Tokens": 0.6680756395995551,
    "Very Rare Tokens Attending Rare Semantic Match Tokens": 0.6649610678531702,
    "Document Tokens Attending Very Rare Lexical Match Query Tokens": 0.6627363737486095,
    "Rare Document Tokens Attending Very Rare Lexical Match Query Tokens": 0.6627363737486095,
    "Very Rare Document Tokens Attending Lexical Match Query Tokens": 0.6627363737486095,
    "Very Rare Document Tokens Attending Very Rare Lexical Match Query Tokens": 0.6627363737486095,
    "Very Rare Document Tokens Attending Rare Lexical Match Query Tokens": 0.6627363737486095,
    "Very Rare Document Tokens Attending Very Rare Semantic Match Query Tokens": 0.6618464961067854,
    "Rare Tokens Attending Very Rare Semantic Match Tokens": 0.660956618464961,
    "Very Rare Tokens Attending Semantic Match Tokens": 0.660956618464961,
    "Document Tokens Attending Very Rare Query Tokens": 0.6596218020022246,
    "All Tokens Attending Rare Query Tokens": 0.6591768631813125,
    "All Tokens Attending Very Rare Semantic Match Tokens": 0.657397107897664,
    "Rare Tokens Attending Rare Semantic Match Document Tokens": 0.6484983314794216,
    "Rare Document Tokens Attending Rare Semantic Match Document Tokens": 0.6484983314794216,
    "Document Tokens Attending Rare Semantic Match Document Tokens": 0.6476084538375974,
    "Rare Document Tokens Attending Semantic Match Document Tokens": 0.6476084538375974,
    "All Tokens Attending Rare Semantic Match Document Tokens": 0.6476084538375974,
    "Rare Tokens Attending Semantic Match Document Tokens": 0.6476084538375974,
    "All Tokens Attending Semantic Match Document Tokens": 0.6458286985539488,
    "Document Tokens Attending Semantic Match Document Tokens": 0.6458286985539488,
    "Very Rare Tokens Attending Very Rare Semantic Match Tokens": 0.6427141268075639,
    "All Tokens Attending Very Rare Query Tokens": 0.6355951056729701,
    "Document Tokens Attending Lexical Match Query Tokens": 0.6311457174638487,
    "Very Rare Document Tokens Attending Rare Semantic Match Document Tokens": 0.6244716351501668,
    "Very Rare Tokens Attending Rare Semantic Match Document Tokens": 0.6244716351501668,
    "Document Tokens Attending Very Rare Semantic Match Document Tokens": 0.6244716351501668,
    "All Tokens Attending Very Rare Semantic Match Document Tokens": 0.6244716351501668,
    "Very Rare Document Tokens Attending Semantic Match Document Tokens": 0.6204671857619577,
    "Very Rare Tokens Attending Semantic Match Document Tokens": 0.6204671857619577,
    "Rare Tokens Attending Very Rare Semantic Match Document Tokens": 0.6204671857619577,
    "Rare Document Tokens Attending Very Rare Semantic Match Document Tokens": 0.6204671857619577,
    "Very Rare Tokens Attending Very Rare Semantic Match Document Tokens": 0.6169076751946607,
    "Very Rare Document Tokens Attending Very Rare Semantic Match Document Tokens": 0.6169076751946607,
    "Rare Document Tokens Attending Lexical Match Tokens": 0.6160177975528365,
    "Document Tokens Attending Rare Lexical Match Tokens": 0.6160177975528365,
    "Rare Document Tokens Attending Rare Lexical Match Tokens": 0.6160177975528365,
    "All Tokens Attending Semantic Match Query Tokens": 0.6155728587319244,
    "Rare Tokens Attending Rare Semantic Match Query Tokens": 0.614238042269188,
    "Rare Tokens Attending Semantic Match Query Tokens": 0.614238042269188,
    "All Tokens Attending Rare Semantic Match Query Tokens": 0.614238042269188,
    "Very Rare Tokens Attending Semantic Match Query Tokens": 0.6084538375973303,