{
    "Rare Tokens Attending Rare Document Tokens": 0.5649193548387098,
    "Rare Document Tokens Attending Rare Document Tokens": 0.5649193548387098,
    "Document Tokens Attending Rare Document Tokens": 0.563709677419355,
    "All Tokens Attending Rare Document Tokens": 0.563709677419355,
    "Document Tokens Attending Rare Tokens": 0.5560483870967743,
    "Very Rare Tokens Attending Rare Document Tokens": 0.5391129032258064,
    "Very Rare Document Tokens Attending Rare Document Tokens": 0.5391129032258064,
    "Rare Document Tokens Attending Rare Tokens": 0.5278225806451614,
    "Very Rare Document Tokens Attending Rare Tokens": 0.5258064516129033,
    "All Tokens Attending Rare Tokens": 0.5193548387096775,
    "Document Tokens Attending Very Rare Tokens": 0.5189516129032259,
    "All Tokens Attending Very Rare Document Tokens": 0.5104838709677421,
    "Document Tokens Attending Very Rare Document Tokens": 0.5104838709677421,
    "Rare Document Tokens Attending Very Rare Document Tokens": 0.4883064516129033,
    "Rare Tokens Attending Very Rare Document Tokens": 0.4883064516129033,
    "Rare Tokens Attending Rare Tokens": 0.480241935483871,
    "Very Rare Tokens Attending Rare Tokens": 0.4750000000000001,
    "Very Rare Document Tokens Attending Very Rare Document Tokens": 0.4717741935483871,
    "Very Rare Tokens Attending Very Rare Document Tokens": 0.4717741935483871,
    "Rare Document Tokens Attending Very Rare Tokens": 0.4673387096774194,
    "All Tokens Attending Very Rare Tokens": 0.46612903225806457,
    "Very Rare Document Tokens Attending Very Rare Tokens": 0.45806451612903226,
    "Rare Tokens Attending Very Rare Tokens": 0.45725806451612905,
    "Rare Document Tokens Attending Rare Semantic Match Tokens": 0.4205645161290323,
    "Rare Document Tokens Attending Semantic Match Tokens": 0.4181451612903226,
    "Document Tokens Attending Rare Semantic Match Tokens": 0.4181451612903226,
    "Very Rare Tokens Attending Very Rare Tokens": 0.41532258064516137,
    "Document Tokens Attending Semantic Match Tokens": 0.41330645161290325,
    "Rare Document Tokens Attending Rare Query Tokens": 0.41008064516129034,
    "Rare Tokens Attending Semantic Match Tokens": 0.4084677419354839,
    "All Tokens Attending Rare Semantic Match Tokens": 0.4084677419354839,
    "All Tokens Attending Semantic Match Tokens": 0.40645161290322585,
    "Rare Tokens Attending Rare Semantic Match Tokens": 0.4060483870967742,
    "Very Rare Document Tokens Attending Rare Semantic Match Tokens": 0.4044354838709678,
    "Very Rare Document Tokens Attending Semantic Match Tokens": 0.40403225806451615,
    "Document Tokens Attending Very Rare Semantic Match Tokens": 0.4008064516129033,
    "Very Rare Document Tokens Attending Rare Query Tokens": 0.3995967741935484,
    "Rare Document Tokens Attending Very Rare Semantic Match Tokens": 0.3967741935483871,
    "Very Rare Document Tokens Attending Very Rare Semantic Match Tokens": 0.3931451612903226,
    "Document Tokens Attending Rare Query Tokens": 0.39233870967741935,
    "All Tokens Attending Semantic Match Document Tokens": 0.3883064516129033,
    "Document Tokens Attending Semantic Match Document Tokens": 0.3883064516129033,
    "Rare Document Tokens Attending Very Rare Query Tokens": 0.3862903225806452,
    "Document Tokens Attending Rare Semantic Match Document Tokens": 0.3846774193548388,
    "All Tokens Attending Rare Semantic Match Document Tokens": 0.3846774193548388,
    "Rare Document Tokens Attending Semantic Match Document Tokens": 0.3834677419354839,
    "Rare Tokens Attending Semantic Match Document Tokens": 0.3834677419354839,
    "Very Rare Document Tokens Attending Very Rare Query Tokens": 0.38225806451612904,
    "Rare Tokens Attending Rare Semantic Match Document Tokens": 0.3806451612903226,
    "Rare Document Tokens Attending Rare Semantic Match Document Tokens": 0.3806451612903226,
    "All Tokens Attending Rare Query Tokens": 0.37500000000000006,
    "Rare Tokens Attending Rare Query Tokens": 0.3705645161290323,
    "All Tokens Attending Very Rare Query Tokens": 0.36935483870967745,
    "Document Tokens Attending Very Rare Query Tokens": 0.36491935483870974,
    "Very Rare Tokens Attending Rare Query Tokens": 0.3641129032258065,
    "Very Rare Tokens Attending Very Rare Semantic Match Tokens": 0.35927419354838713,
    "Rare Document Tokens Attending Lexical Match Tokens": 0.35645161290322586,
    "Document Tokens Attending Rare Lexical Match Tokens": 0.35645161290322586,
    "Rare Document Tokens Attending Rare Lexical Match Tokens": 0.35645161290322586,
    "Document Tokens Attending Very Rare Semantic Match Query Tokens": 0.3536290322580646,
    "Rare Document Tokens Attending Very Rare Semantic Match Query Tokens": 0.3536290322580646,
    "Rare Tokens Attending Very Rare Semantic Match Tokens": 0.35322580645161294,
    "Very Rare Document Tokens Attending Rare Semantic Match Document Tokens": 0.35282258064516137,
    "Very Rare Tokens Attending Rare Semantic Match Document Tokens": 0.35282258064516137,
    "Very Rare Document Tokens Attending Semantic Match Document Tokens": 0.35282258064516137,
    "Very Rare Tokens Attending Semantic Match Document Tokens": 0.35282258064516137,
    "Rare Document Tokens Attending Semantic Match Query Tokens": 0.35282258064516137,
    "Document Tokens Attending Semantic Match Query Tokens": 0.35282258064516137,
    "Document Tokens Attending Rare Semantic Match Query Tokens": 0.35282258064516137,
    "Rare Document Tokens Attending Rare Semantic Match Query Tokens": 0.35282258064516137,
    "Very Rare Document Tokens Attending Rare Semantic Match Query Tokens": 0.35161290322580646,
    "Very Rare Document Tokens Attending Semantic Match Query Tokens": 0.35161290322580646,
    "All Tokens Attending Very Rare Semantic Match Tokens": 0.3512096774193549,
    "Rare Tokens Attending Very Rare Semantic Match Document Tokens": 0.3512096774193549,
    "Rare Document Tokens Attending Very Rare Semantic Match Document Tokens": 0.3512096774193549,
    "Very Rare Tokens Attending Rare Semantic Match Tokens": 0.35040322580645167,
    "Document Tokens Attending Very Rare Lexical Match Query Tokens": 0.3479838709677419,
    "Rare Document Tokens Attending Very Rare Lexical Match Query Tokens": 0.3479838709677419,
    "Very Rare Document Tokens Attending Lexical Match Query Tokens": 0.3479838709677419,
    "Very Rare Document Tokens Attending Very Rare Lexical Match Query Tokens": 0.3479838709677419,
    "Very Rare Document Tokens Attending Rare Lexical Match Query Tokens": 0.3479838709677419,
    "Rare Document Tokens Attending Lexical Match Query Tokens": 0.3455645161290323,
    "Rare Document Tokens Attending Rare Lexical Match Query Tokens": 0.3455645161290323,
    "Document Tokens Attending Rare Lexical Match Query Tokens": 0.3455645161290323,
    "Very Rare Tokens Attending Semantic Match Tokens": 0.3435483870967742,
    "Document Tokens Attending Very Rare Semantic Match Document Tokens": 0.3423387096774194,
    "All Tokens Attending Very Rare Semantic Match Document Tokens": 0.3423387096774194,
    "Very Rare Document Tokens Attending Very Rare Semantic Match Query Tokens": 0.3399193548387097,
    "Very Rare Tokens Attending Very Rare Semantic Match Document Tokens": 0.3290322580645162,
    "Very Rare Document Tokens Attending Very Rare Semantic Match Document Tokens": 0.3290322580645162,
    "Rare Tokens Attending Very Rare Query Tokens": 0.3141129032258065,
    "Very Rare Document Tokens Attending Query Tokens": 0.31330645161290327,
    "Rare Document Tokens Attending All Tokens": 0.3056451612903226,
    "Very Rare Tokens Attending Lexical Match Query Tokens": 0.30000000000000004,
    "All Tokens Attending Very Rare Lexical Match Query Tokens": 0.30000000000000004,
    "Very Rare Tokens Attending Very Rare Lexical Match Query Tokens": 0.30000000000000004,
    "Very Rare Tokens Attending Rare Lexical Match Query Tokens": 0.30000000000000004,