{
    "Document Tokens Attending Rare Tokens": 0.5786830911178891,
    "All Tokens Attending Rare Tokens": 0.5564566395678815,
    "Document Tokens Attending Rare Document Tokens": 0.551292547409302,
    "All Tokens Attending Rare Document Tokens": 0.551292547409302,
    "Rare Document Tokens Attending Rare Tokens": 0.5436057578409065,
    "Document Tokens Attending Very Rare Tokens": 0.5362103485106582,
    "Very Rare Document Tokens Attending Rare Tokens": 0.5340793427479864,
    "Document Tokens Attending Rare Query Tokens": 0.5217232797412065,
    "Very Rare Document Tokens Attending Rare Query Tokens": 0.5153310230508048,
    "Rare Tokens Attending Rare Tokens": 0.5097961709119004,
    "Rare Document Tokens Attending Rare Query Tokens": 0.5084274904852215,
    "All Tokens Attending Very Rare Tokens": 0.5066358369253406,
    "Rare Tokens Attending Rare Document Tokens": 0.5028405553159845,
    "Rare Document Tokens Attending Rare Document Tokens": 0.5028405553159845,
    "Rare Document Tokens Attending Very Rare Tokens": 0.49859049627722024,
    "All Tokens Attending Very Rare Document Tokens": 0.49631230475314236,
    "Document Tokens Attending Very Rare Document Tokens": 0.49631230475314236,
    "Very Rare Tokens Attending Rare Tokens": 0.4952892743779726,
    "Document Tokens Attending Semantic Match Query Tokens": 0.4894750292777022,
    "Document Tokens Attending Rare Semantic Match Query Tokens": 0.48865422610603126,
    "All Tokens Attending Rare Query Tokens": 0.4881536681426124,
    "Rare Document Tokens Attending Semantic Match Query Tokens": 0.4880189727695051,
    "Rare Document Tokens Attending Rare Semantic Match Query Tokens": 0.48715019181625785,
    "Very Rare Document Tokens Attending Very Rare Query Tokens": 0.4836436090399277,
    "Document Tokens Attending Very Rare Query Tokens": 0.4831354892160095,
    "Very Rare Tokens Attending Rare Document Tokens": 0.48104985840404024,
    "Very Rare Document Tokens Attending Rare Document Tokens": 0.48104985840404024,
    "Rare Document Tokens Attending Very Rare Query Tokens": 0.4725821985167321,
    "Rare Document Tokens Attending Lexical Match Query Tokens": 0.46306269045222737,
    "Rare Document Tokens Attending Rare Lexical Match Query Tokens": 0.46306269045222737,
    "Document Tokens Attending Rare Lexical Match Query Tokens": 0.46306269045222737,
    "Very Rare Document Tokens Attending Semantic Match Query Tokens": 0.4617477670772909,
    "Very Rare Document Tokens Attending Rare Semantic Match Query Tokens": 0.4609912419709854,
    "Very Rare Document Tokens Attending Very Rare Tokens": 0.45988836825565843,
    "Document Tokens Attending Very Rare Semantic Match Query Tokens": 0.4567620939654162,
    "Rare Document Tokens Attending Very Rare Semantic Match Query Tokens": 0.45612145787768965,
    "Very Rare Tokens Attending Rare Query Tokens": 0.45560205885534516,
    "Rare Tokens Attending Very Rare Tokens": 0.4548263363459272,
    "Rare Tokens Attending Rare Query Tokens": 0.4542224266402889,
    "Very Rare Document Tokens Attending Very Rare Semantic Match Query Tokens": 0.4475235589822105,
    "Document Tokens Attending Very Rare Lexical Match Query Tokens": 0.44608243743721643,
    "Rare Document Tokens Attending Very Rare Lexical Match Query Tokens": 0.44608243743721643,
    "Very Rare Document Tokens Attending Lexical Match Query Tokens": 0.44608243743721643,
    "Very Rare Document Tokens Attending Very Rare Lexical Match Query Tokens": 0.44608243743721643,
    "Very Rare Document Tokens Attending Rare Lexical Match Query Tokens": 0.44608243743721643,
    "All Tokens Attending Very Rare Query Tokens": 0.443373814151027,
    "Rare Document Tokens Attending Very Rare Document Tokens": 0.43960949867986665,
    "Rare Tokens Attending Very Rare Document Tokens": 0.43960949867986665,
    "Rare Tokens Attending Very Rare Query Tokens": 0.41067820732670496,
    "Very Rare Tokens Attending Very Rare Tokens": 0.4041619722775154,
    "Very Rare Tokens Attending Very Rare Query Tokens": 0.402665319918967,
    "Document Tokens Attending Lexical Match Query Tokens": 0.3956115251320398,
    "Very Rare Document Tokens Attending Very Rare Document Tokens": 0.36905148822634215,
    "Very Rare Tokens Attending Very Rare Document Tokens": 0.36905148822634215,
    "Document Tokens Attending Query Tokens": 0.360388164075931,
    "Very Rare Document Tokens Attending Query Tokens": 0.35652966841188305,
    "Rare Document Tokens Attending Query Tokens": 0.3333886185169982,
    "All Tokens Attending Rare Semantic Match Query Tokens": 0.3132709925676592,
    "Rare Tokens Attending Semantic Match Query Tokens": 0.3122500910486973,
    "All Tokens Attending Semantic Match Query Tokens": 0.30938546836327147,
    "Rare Tokens Attending Rare Semantic Match Query Tokens": 0.30849758861998283,
    "Very Rare Document Tokens Attending Semantic Match Tokens": 0.2979157881015728,
    "Very Rare Document Tokens Attending Rare Semantic Match Tokens": 0.29642230324394525,
    "Very Rare Document Tokens Attending Document Tokens": -0.29496604699046264,
    "Very Rare Tokens Attending Document Tokens": -0.29496604699046264,
    "Rare Document Tokens Attending Very Rare Semantic Match Tokens": 0.29093675781411193,
    "Document Tokens Attending Very Rare Semantic Match Tokens": 0.2906508398797981,
    "Rare Document Tokens Attending Semantic Match Tokens": 0.2884687394212958,
    "Document Tokens Attending Rare Semantic Match Tokens": 0.2873728309626758,
    "Rare Document Tokens Attending Rare Semantic Match Tokens": 0.2861345623987424,
    "Document Tokens Attending Semantic Match Tokens": 0.2820553877464589,
    "Very Rare Tokens Attending Semantic Match Query Tokens": 0.27522702102820895,
    "Very Rare Document Tokens Attending Very Rare Semantic Match Tokens": 0.2741710110031051,
    "Very Rare Tokens Attending Rare Semantic Match Query Tokens": 0.27203214440166257,
    "All Tokens Attending Very Rare Semantic Match Query Tokens": 0.26753188955529206,
    "Rare Tokens Attending Document Tokens": -0.2670059230626847,
    "Rare Document Tokens Attending Document Tokens": -0.2670059230626847,
    "Rare Tokens Attending Very Rare Semantic Match Query Tokens": 0.2661803881997503,
    "All Tokens Attending Query Tokens": 0.25676583007272813,
    "All Tokens Attending Document Tokens": -0.2567545450691347,
    "Document Tokens Attending Document Tokens": -0.2567545450691347,
    "Rare Document Tokens Attending All Tokens": 0.248888852653741,
    "Very Rare Tokens Attending Very Rare Semantic Match Query Tokens": 0.2392738570066814,
    "Very Rare Tokens Attending Query Tokens": 0.23750184189098464,
    "Rare Tokens Attending Query Tokens": 0.23363207035302885,
    "Very Rare Tokens Attending Semantic Match Tokens": 0.22538514617280775,
    "Rare Tokens Attending Semantic Match Tokens": 0.2241570376963558,
    "Very Rare Tokens Attending Rare Semantic Match Tokens": 0.22335615626597702,
    "All Tokens Attending Rare Semantic Match Tokens": 0.22265657201578126,
    "Rare Tokens Attending Rare Semantic Match Tokens": 0.22129818728959588,
    "All Tokens Attending Semantic Match Tokens": 0.21912031823475697,
    "Rare Tokens Attending Very Rare Semantic Match Tokens": 0.21754440850075085,
    "All Tokens Attending Very Rare Semantic Match Tokens": 0.21677688824151503,
    "Rare Tokens Attending Lexical Match Query Tokens": 0.2095800237742015,
    "All Tokens Attending Rare Lexical Match Query Tokens": 0.2095800237742015,
    "Rare Tokens Attending Rare Lexical Match Query Tokens": 0.2095800237742015,
    "Very Rare Document Tokens Attending Very Rare Lexical Match Tokens": 0.2050104933005425,
    "Very Rare Document Tokens Attending Rare Lexical Match Tokens": 0.2050104933005425,
    "Very Rare Document Tokens Attending Lexical Match Tokens": 0.2050104933005425,
    "Rare Document Tokens Attending Very Rare Lexical Match Tokens": 0.2050104933005425,