{
    "Document Tokens Attending Rare Document Tokens": 0.5620967741935485,
    "All Tokens Attending Rare Document Tokens": 0.5620967741935485,
    "Rare Tokens Attending Rare Document Tokens": 0.5584677419354839,
    "Rare Document Tokens Attending Rare Document Tokens": 0.5584677419354839,
    "Document Tokens Attending Rare Tokens": 0.553225806451613,
    "Very Rare Tokens Attending Rare Document Tokens": 0.5282258064516129,
    "Very Rare Document Tokens Attending Rare Document Tokens": 0.5282258064516129,
    "Document Tokens Attending Very Rare Tokens": 0.5213709677419355,
    "All Tokens Attending Rare Tokens": 0.5193548387096775,
    "All Tokens Attending Very Rare Document Tokens": 0.5189516129032259,
    "Document Tokens Attending Very Rare Document Tokens": 0.5189516129032259,
    "Rare Document Tokens Attending Rare Tokens": 0.5169354838709678,
    "Very Rare Document Tokens Attending Rare Tokens": 0.5129032258064516,
    "Rare Document Tokens Attending Very Rare Document Tokens": 0.4790322580645162,
    "Rare Tokens Attending Very Rare Document Tokens": 0.4790322580645162,
    "All Tokens Attending Very Rare Tokens": 0.4717741935483871,
    "Rare Tokens Attending Rare Tokens": 0.4717741935483871,
    "Very Rare Tokens Attending Rare Tokens": 0.4637096774193549,
    "Very Rare Document Tokens Attending Very Rare Document Tokens": 0.45725806451612905,
    "Very Rare Tokens Attending Very Rare Document Tokens": 0.45725806451612905,
    "Rare Document Tokens Attending Very Rare Tokens": 0.45685483870967747,
    "Rare Tokens Attending Very Rare Tokens": 0.4483870967741935,
    "Very Rare Document Tokens Attending Very Rare Tokens": 0.4467741935483871,
    "Rare Document Tokens Attending Rare Semantic Match Tokens": 0.4125000000000001,
    "Rare Document Tokens Attending Semantic Match Tokens": 0.40967741935483876,
    "Document Tokens Attending Rare Semantic Match Tokens": 0.40967741935483876,
    "All Tokens Attending Semantic Match Tokens": 0.40725806451612906,
    "Very Rare Tokens Attending Very Rare Tokens": 0.40645161290322585,
    "Rare Tokens Attending Semantic Match Tokens": 0.4060483870967742,
    "All Tokens Attending Rare Semantic Match Tokens": 0.4060483870967742,
    "Rare Tokens Attending Rare Semantic Match Tokens": 0.40524193548387105,
    "Document Tokens Attending Semantic Match Tokens": 0.4048387096774194,
    "All Tokens Attending Semantic Match Document Tokens": 0.3983870967741936,
    "Document Tokens Attending Semantic Match Document Tokens": 0.3983870967741936,
    "Document Tokens Attending Rare Query Tokens": 0.3975806451612903,
    "Rare Document Tokens Attending Rare Query Tokens": 0.3951612903225806,
    "Document Tokens Attending Rare Semantic Match Document Tokens": 0.3931451612903226,
    "All Tokens Attending Rare Semantic Match Document Tokens": 0.3931451612903226,
    "Rare Document Tokens Attending Semantic Match Document Tokens": 0.3915322580645162,
    "Rare Tokens Attending Semantic Match Document Tokens": 0.3915322580645162,
    "Very Rare Document Tokens Attending Rare Semantic Match Tokens": 0.3907258064516129,
    "Very Rare Document Tokens Attending Semantic Match Tokens": 0.3899193548387097,
    "Rare Tokens Attending Rare Semantic Match Document Tokens": 0.38951612903225813,
    "Rare Document Tokens Attending Rare Semantic Match Document Tokens": 0.38951612903225813,
    "Document Tokens Attending Very Rare Semantic Match Tokens": 0.3862903225806452,
    "Very Rare Document Tokens Attending Rare Query Tokens": 0.38508064516129037,
    "Very Rare Document Tokens Attending Very Rare Semantic Match Tokens": 0.3838709677419355,
    "Rare Document Tokens Attending Very Rare Semantic Match Tokens": 0.3830645161290323,
    "All Tokens Attending Rare Query Tokens": 0.38024193548387103,
    "All Tokens Attending Very Rare Query Tokens": 0.3778225806451614,
    "Rare Document Tokens Attending Very Rare Query Tokens": 0.3733870967741936,
    "Document Tokens Attending Very Rare Query Tokens": 0.3697580645161291,
    "Very Rare Document Tokens Attending Very Rare Query Tokens": 0.36653225806451617,
    "Rare Document Tokens Attending Lexical Match Tokens": 0.35927419354838713,
    "Document Tokens Attending Rare Lexical Match Tokens": 0.35927419354838713,
    "Rare Document Tokens Attending Rare Lexical Match Tokens": 0.35927419354838713,
    "Very Rare Tokens Attending Very Rare Semantic Match Tokens": 0.3580645161290323,
    "Rare Tokens Attending Rare Query Tokens": 0.35766129032258065,
    "Very Rare Document Tokens Attending Rare Semantic Match Document Tokens": 0.3544354838709678,
    "Very Rare Tokens Attending Rare Semantic Match Document Tokens": 0.3544354838709678,
    "Very Rare Document Tokens Attending Semantic Match Document Tokens": 0.3544354838709678,
    "Very Rare Tokens Attending Semantic Match Document Tokens": 0.3544354838709678,
    "Rare Tokens Attending Very Rare Semantic Match Document Tokens": 0.3536290322580646,
    "Rare Document Tokens Attending Very Rare Semantic Match Document Tokens": 0.3536290322580646,
    "Very Rare Tokens Attending Rare Query Tokens": 0.3491935483870968,
    "Rare Tokens Attending Very Rare Semantic Match Tokens": 0.3471774193548387,
    "Very Rare Tokens Attending Rare Semantic Match Tokens": 0.3443548387096774,
    "Document Tokens Attending Very Rare Semantic Match Document Tokens": 0.34395161290322585,
    "All Tokens Attending Very Rare Semantic Match Document Tokens": 0.34395161290322585,
    "All Tokens Attending Very Rare Semantic Match Tokens": 0.3435483870967742,
    "Very Rare Tokens Attending Semantic Match Tokens": 0.33548387096774196,
    "Very Rare Tokens Attending Very Rare Semantic Match Document Tokens": 0.3350806451612904,
    "Very Rare Document Tokens Attending Very Rare Semantic Match Document Tokens": 0.3350806451612904,
    "Rare Document Tokens Attending Semantic Match Query Tokens": 0.3217741935483871,
    "Document Tokens Attending Semantic Match Query Tokens": 0.3217741935483871,
    "Document Tokens Attending Rare Semantic Match Query Tokens": 0.3217741935483871,
    "Rare Document Tokens Attending Rare Semantic Match Query Tokens": 0.3217741935483871,
    "Document Tokens Attending Very Rare Semantic Match Query Tokens": 0.3189516129032258,
    "Rare Document Tokens Attending Very Rare Semantic Match Query Tokens": 0.3189516129032258,
    "Very Rare Document Tokens Attending Rare Semantic Match Query Tokens": 0.31774193548387103,
    "Very Rare Document Tokens Attending Semantic Match Query Tokens": 0.31774193548387103,
    "Document Tokens Attending Very Rare Lexical Match Query Tokens": 0.30846774193548393,
    "Rare Document Tokens Attending Very Rare Lexical Match Query Tokens": 0.30846774193548393,
    "Very Rare Document Tokens Attending Lexical Match Query Tokens": 0.30846774193548393,
    "Very Rare Document Tokens Attending Very Rare Lexical Match Query Tokens": 0.30846774193548393,
    "Very Rare Document Tokens Attending Query Tokens": 0.30846774193548393,
    "Very Rare Document Tokens Attending Rare Lexical Match Query Tokens": 0.30846774193548393,
    "Rare Document Tokens Attending Lexical Match Query Tokens": 0.3076612903225807,
    "Rare Document Tokens Attending Rare Lexical Match Query Tokens": 0.3076612903225807,
    "Document Tokens Attending Rare Lexical Match Query Tokens": 0.3076612903225807,
    "Very Rare Document Tokens Attending Very Rare Semantic Match Query Tokens": 0.3064516129032258,
    "Rare Tokens Attending Very Rare Query Tokens": 0.30241935483870974,
    "Rare Document Tokens Attending Query Tokens": 0.29717741935483877,
    "Rare Tokens Attending Rare Lexical Match Tokens": 0.29435483870967744,
    "All Tokens Attending Rare Lexical Match Tokens": 0.29435483870967744,
    "Rare Tokens Attending Lexical Match Tokens": 0.29435483870967744,
    "Document Tokens Attending Query Tokens": 0.29395161290322586,
    "Very Rare Tokens Attending Lexical Match Query Tokens": 0.28588709677419355,