{
    "Document Tokens Attending Rare Tokens": 0.4986683695810735,
    "Document Tokens Attending Rare Document Tokens": 0.4810219595094584,
    "All Tokens Attending Rare Document Tokens": 0.4810219595094584,
    "All Tokens Attending Rare Tokens": 0.47727417259304605,
    "Rare Document Tokens Attending Rare Tokens": 0.46162803793985807,
    "Document Tokens Attending Very Rare Tokens": 0.46099230472028363,
    "Very Rare Document Tokens Attending Rare Tokens": 0.4502283952160884,
    "Document Tokens Attending Rare Query Tokens": 0.43910910900023226,
    "All Tokens Attending Very Rare Document Tokens": 0.4374828529234974,
    "Document Tokens Attending Very Rare Document Tokens": 0.4374828529234974,
    "Rare Tokens Attending Rare Document Tokens": 0.4355360618294296,
    "Rare Document Tokens Attending Rare Document Tokens": 0.4355360618294296,
    "All Tokens Attending Very Rare Tokens": 0.4331259380672452,
    "Rare Tokens Attending Rare Tokens": 0.4298908366738978,
    "Very Rare Document Tokens Attending Rare Query Tokens": 0.42130294630101517,
    "Rare Document Tokens Attending Very Rare Tokens": 0.41707734267762464,
    "Rare Document Tokens Attending Rare Query Tokens": 0.4161289384815269,
    "Very Rare Tokens Attending Rare Tokens": 0.4143970220488753,
    "Very Rare Tokens Attending Rare Document Tokens": 0.41277408876896093,
    "Very Rare Document Tokens Attending Rare Document Tokens": 0.41277408876896093,
    "All Tokens Attending Rare Query Tokens": 0.4050593100633315,
    "Document Tokens Attending Very Rare Query Tokens": 0.3987738556589483,
    "Document Tokens Attending Semantic Match Query Tokens": 0.3891163041472984,
    "Document Tokens Attending Rare Semantic Match Query Tokens": 0.38810559503197667,
    "Rare Document Tokens Attending Semantic Match Query Tokens": 0.3874299012706802,
    "Rare Document Tokens Attending Rare Semantic Match Query Tokens": 0.3865159088092889,
    "Very Rare Document Tokens Attending Very Rare Query Tokens": 0.3858799718296313,
    "Rare Document Tokens Attending Very Rare Document Tokens": 0.3788835433765406,
    "Rare Tokens Attending Very Rare Document Tokens": 0.3788835433765406,
    "Very Rare Document Tokens Attending Very Rare Tokens": 0.37826227191091294,
    "Rare Document Tokens Attending Very Rare Query Tokens": 0.3774847535113182,
    "Rare Tokens Attending Very Rare Tokens": 0.37694838159109095,
    "Very Rare Tokens Attending Rare Query Tokens": 0.3636555079854412,
    "Rare Tokens Attending Rare Query Tokens": 0.363483558830356,
    "Rare Document Tokens Attending Lexical Match Query Tokens": 0.36095181609414984,
    "Rare Document Tokens Attending Rare Lexical Match Query Tokens": 0.36095181609414984,
    "Document Tokens Attending Rare Lexical Match Query Tokens": 0.36095181609414984,
    "Very Rare Document Tokens Attending Semantic Match Query Tokens": 0.36027979568689006,
    "All Tokens Attending Very Rare Query Tokens": 0.3598009326254813,
    "Very Rare Document Tokens Attending Rare Semantic Match Query Tokens": 0.35950106476258037,
    "Document Tokens Attending Very Rare Semantic Match Query Tokens": 0.35528536370277575,
    "Rare Document Tokens Attending Very Rare Semantic Match Query Tokens": 0.35463573277615745,
    "Very Rare Document Tokens Attending Very Rare Semantic Match Query Tokens": 0.34603852575691496,
    "Document Tokens Attending Very Rare Lexical Match Query Tokens": 0.34310113530483705,
    "Rare Document Tokens Attending Very Rare Lexical Match Query Tokens": 0.34310113530483705,
    "Very Rare Document Tokens Attending Lexical Match Query Tokens": 0.34310113530483705,
    "Very Rare Document Tokens Attending Very Rare Lexical Match Query Tokens": 0.34310113530483705,
    "Very Rare Document Tokens Attending Rare Lexical Match Query Tokens": 0.34310113530483705,
    "Very Rare Tokens Attending Very Rare Tokens": 0.3286847055618153,
    "Rare Tokens Attending Very Rare Query Tokens": 0.3186793323258036,
    "Very Rare Tokens Attending Very Rare Query Tokens": 0.3105722910933707,
    "Very Rare Document Tokens Attending Very Rare Document Tokens": 0.31014005385680143,
    "Very Rare Tokens Attending Very Rare Document Tokens": 0.31014005385680143,
    "Document Tokens Attending Lexical Match Query Tokens": 0.29676619039264257,
    "Document Tokens Attending Query Tokens": 0.2898987896945258,
    "Very Rare Document Tokens Attending Query Tokens": 0.2785866550729474,
    "Rare Document Tokens Attending Query Tokens": 0.2580067411035059,
    "All Tokens Attending Rare Semantic Match Query Tokens": 0.23425866245269203,
    "Rare Tokens Attending Semantic Match Query Tokens": 0.23328876658506278,
    "Very Rare Document Tokens Attending Semantic Match Tokens": 0.2316452357820481,
    "All Tokens Attending Semantic Match Query Tokens": 0.23099572585653919,
    "Very Rare Document Tokens Attending Rare Semantic Match Tokens": 0.2305624610765025,
    "Rare Tokens Attending Rare Semantic Match Query Tokens": 0.23011960055996222,
    "Very Rare Document Tokens Attending Document Tokens": -0.22764343214220323,
    "Very Rare Tokens Attending Document Tokens": -0.22764343214220323,
    "Rare Document Tokens Attending Semantic Match Tokens": 0.22596999337092094,
    "Rare Document Tokens Attending Very Rare Semantic Match Tokens": 0.2251987642338288,
    "Document Tokens Attending Rare Semantic Match Tokens": 0.22514095355281621,
    "Document Tokens Attending Very Rare Semantic Match Tokens": 0.2250803082046335,
    "Rare Document Tokens Attending Rare Semantic Match Tokens": 0.2244807170922392,
    "Document Tokens Attending Semantic Match Tokens": 0.22132042064187962,
    "Rare Document Tokens Attending All Tokens": 0.2156696600813876,
    "Very Rare Document Tokens Attending Very Rare Semantic Match Tokens": 0.21206234804302296,
    "Rare Tokens Attending Document Tokens": -0.20112553682822804,
    "Rare Document Tokens Attending Document Tokens": -0.20112553682822804,
    "Very Rare Tokens Attending Semantic Match Query Tokens": 0.19887416937925112,
    "Very Rare Tokens Attending Rare Semantic Match Query Tokens": 0.19612850494238193,
    "All Tokens Attending Query Tokens": 0.1925349788443958,
    "All Tokens Attending Document Tokens": -0.19252356377013408,
    "Document Tokens Attending Document Tokens": -0.19252356377013408,
    "All Tokens Attending Very Rare Semantic Match Query Tokens": 0.1914383479146772,
    "Very Rare Query Tokens Attending All Tokens": -0.19082872065765732,
    "Very Rare Query Tokens Attending Query Tokens": -0.19082872065765732,
    "Rare Tokens Attending Very Rare Semantic Match Query Tokens": 0.19024522343885003,
    "Document Tokens Attending All Tokens": 0.18539128882939376,
    "Query Tokens Attending All Tokens": -0.1853784135216065,
    "Query Tokens Attending Query Tokens": -0.1853784135216065,
    "Query Tokens Attending Lexical Match Tokens": -0.17296550150972134,
    "Query Tokens Attending Lexical Match Query Tokens": -0.17296550150972134,
    "Rare Tokens Attending Semantic Match Tokens": 0.17129435442004037,
    "Very Rare Tokens Attending Semantic Match Tokens": 0.17061192109857712,
    "All Tokens Attending Rare Semantic Match Tokens": 0.17011582000086584,
    "Very Rare Tokens Attending Query Tokens": 0.1694640684341548,
    "Rare Tokens Attending Rare Semantic Match Tokens": 0.16934285088189457,
    "Very Rare Tokens Attending Rare Semantic Match Tokens": 0.1690789592786651,
    "All Tokens Attending Semantic Match Tokens": 0.16763652543917462,
    "Very Rare Tokens Attending Very Rare Semantic Match Query Tokens": 0.167595703649343,
    "Rare Query Tokens Attending Query Tokens": -0.16653381602492834,
    "Rare Query Tokens Attending All Tokens": -0.16653381602492834,
    "Rare Tokens Attending Query Tokens": 0.16632285633373367,
    "Rare Tokens Attending Very Rare Semantic Match Tokens": 0.16342717237377247,