{
    "Document Tokens Attending Rare Document Tokens": 0.9042917263116133,
    "All Tokens Attending Rare Document Tokens": 0.9042917263116133,
    "Document Tokens Attending Rare Tokens": 0.9000169647990351,
    "All Tokens Attending Rare Tokens": 0.8935069028427294,
    "Rare Document Tokens Attending Rare Tokens": 0.8820387455758353,
    "Rare Tokens Attending Rare Document Tokens": 0.8803676137113015,
    "Rare Document Tokens Attending Rare Document Tokens": 0.8803676137113015,
    "Document Tokens Attending Very Rare Tokens": 0.8785101243510013,
    "All Tokens Attending Very Rare Document Tokens": 0.8753257918146454,
    "Document Tokens Attending Very Rare Document Tokens": 0.8753257918146454,
    "Rare Tokens Attending Rare Tokens": 0.8720902031556514,
    "All Tokens Attending Very Rare Tokens": 0.8700314017708242,
    "Very Rare Document Tokens Attending Rare Tokens": 0.8643188801927681,
    "Very Rare Tokens Attending Rare Document Tokens": 0.854357817320669,
    "Very Rare Document Tokens Attending Rare Document Tokens": 0.854357817320669,
    "Very Rare Tokens Attending Rare Tokens": 0.8539473804168514,
    "Rare Document Tokens Attending Very Rare Tokens": 0.8504430430630086,
    "Rare Tokens Attending Very Rare Tokens": 0.83703061637431,
    "Rare Document Tokens Attending Very Rare Document Tokens": 0.8351715349921203,
    "Rare Tokens Attending Very Rare Document Tokens": 0.8351715349921203,
    "Document Tokens Attending Rare Query Tokens": 0.8239979087220866,
    "All Tokens Attending Rare Query Tokens": 0.8172736527230964,
    "Rare Document Tokens Attending Rare Query Tokens": 0.8146929429888579,
    "Very Rare Document Tokens Attending Very Rare Tokens": 0.8141452123356617,
    "Document Tokens Attending Very Rare Query Tokens": 0.8100290975552419,
    "Very Rare Document Tokens Attending Rare Query Tokens": 0.8093532328452815,
    "All Tokens Attending Very Rare Query Tokens": 0.8040376910235171,
    "Rare Tokens Attending Rare Query Tokens": 0.8029685082432886,
    "Very Rare Tokens Attending Rare Query Tokens": 0.7996464036340216,
    "Very Rare Tokens Attending Very Rare Tokens": 0.7984447075647891,
    "Rare Document Tokens Attending Very Rare Query Tokens": 0.7926864994852878,
    "Rare Tokens Attending Very Rare Query Tokens": 0.7825439626430148,
    "Very Rare Document Tokens Attending Very Rare Query Tokens": 0.7798721384639753,
    "Very Rare Document Tokens Attending Very Rare Document Tokens": 0.7765148925730893,
    "Very Rare Tokens Attending Very Rare Document Tokens": 0.7765148925730893,
    "Very Rare Tokens Attending Very Rare Query Tokens": 0.7748201661542004,
    "Very Rare Document Tokens Attending Query Tokens": 0.7676769823313555,
    "Document Tokens Attending Query Tokens": 0.7649215395645667,
    "Rare Document Tokens Attending Query Tokens": 0.758390839249371,
    "Very Rare Document Tokens Attending Document Tokens": -0.7479905581068815,
    "Very Rare Tokens Attending Document Tokens": -0.7479905581068815,
    "All Tokens Attending Rare Semantic Match Query Tokens": 0.7404190226318348,
    "All Tokens Attending Semantic Match Query Tokens": 0.7396543332860459,
    "Rare Tokens Attending Semantic Match Query Tokens": 0.7395829439935835,
    "Rare Tokens Attending Rare Semantic Match Query Tokens": 0.7389396371454114,
    "All Tokens Attending Query Tokens": 0.7318619217976592,
    "All Tokens Attending Document Tokens": -0.7318514244821419,
    "Document Tokens Attending Document Tokens": -0.7318514244821419,
    "Rare Tokens Attending Document Tokens": -0.7310695860420354,
    "Rare Document Tokens Attending Document Tokens": -0.7310695860420354,
    "Document Tokens Attending Semantic Match Query Tokens": 0.7287162206672937,
    "Document Tokens Attending Rare Semantic Match Query Tokens": 0.7277726893196838,
    "Rare Document Tokens Attending Semantic Match Query Tokens": 0.7271420831136932,
    "Very Rare Tokens Attending Query Tokens": 0.7263840855911339,
    "Rare Document Tokens Attending Rare Semantic Match Query Tokens": 0.7263484696236433,
    "Rare Tokens Attending Query Tokens": 0.7200259043575755,
    "Very Rare Tokens Attending Semantic Match Query Tokens": 0.7103315759852198,
    "Very Rare Tokens Attending Rare Semantic Match Query Tokens": 0.7093753987482199,
    "Very Rare Document Tokens Attending Semantic Match Query Tokens": 0.7045183276513618,
    "All Tokens Attending Very Rare Semantic Match Query Tokens": 0.7042389530289923,
    "Very Rare Document Tokens Attending Rare Semantic Match Query Tokens": 0.7038383466566754,
    "Rare Tokens Attending Very Rare Semantic Match Query Tokens": 0.703652011245878,
    "Rare Document Tokens Attending Rare Semantic Match Tokens": 0.7028341410090239,
    "Rare Document Tokens Attending Semantic Match Tokens": 0.7023342057123858,
    "Document Tokens Attending Rare Semantic Match Tokens": 0.7004340867428911,
    "Document Tokens Attending Very Rare Semantic Match Query Tokens": 0.7001023462023298,
    "Rare Document Tokens Attending Very Rare Semantic Match Query Tokens": 0.6997029474400429,
    "Document Tokens Attending Semantic Match Tokens": 0.6995599886989928,
    "Rare Document Tokens Attending Lexical Match Query Tokens": 0.6919824333756945,
    "Rare Document Tokens Attending Rare Lexical Match Query Tokens": 0.6919824333756945,
    "Document Tokens Attending Rare Lexical Match Query Tokens": 0.6919824333756945,
    "Very Rare Tokens Attending Very Rare Semantic Match Query Tokens": 0.691544542355446,
    "Very Rare Document Tokens Attending Very Rare Semantic Match Query Tokens": 0.6900338536410746,
    "Very Rare Document Tokens Attending Semantic Match Tokens": 0.6898950724791444,
    "Very Rare Document Tokens Attending Rare Semantic Match Tokens": 0.6896592052529396,
    "Rare Tokens Attending Lexical Match Query Tokens": 0.6871460541171237,
    "All Tokens Attending Rare Lexical Match Query Tokens": 0.6871460541171237,
    "Rare Tokens Attending Rare Lexical Match Query Tokens": 0.6871460541171237,
    "Rare Document Tokens Attending Very Rare Semantic Match Tokens": 0.6845555172837314,
    "Document Tokens Attending Very Rare Semantic Match Tokens": 0.6819641727196502,
    "Very Rare Document Tokens Attending Very Rare Semantic Match Tokens": 0.6796168274948049,
    "Document Tokens Attending Very Rare Lexical Match Query Tokens": 0.6764894858059399,
    "Rare Document Tokens Attending Very Rare Lexical Match Query Tokens": 0.6764894858059399,
    "Very Rare Document Tokens Attending Lexical Match Query Tokens": 0.6764894858059399,
    "Very Rare Document Tokens Attending Very Rare Lexical Match Query Tokens": 0.6764894858059399,
    "Very Rare Document Tokens Attending Rare Lexical Match Query Tokens": 0.6764894858059399,
    "Rare Tokens Attending Semantic Match Tokens": 0.6705458050372296,
    "Rare Tokens Attending Rare Semantic Match Tokens": 0.6695800558616665,
    "Document Tokens Attending Lexical Match Query Tokens": 0.6690000957029183,
    "All Tokens Attending Rare Semantic Match Tokens": 0.6681615182398957,
    "All Tokens Attending Semantic Match Tokens": 0.6663816527821822,
    "Very Rare Tokens Attending Lexical Match Query Tokens": 0.6575033318444028,
    "All Tokens Attending Very Rare Lexical Match Query Tokens": 0.6575033318444028,
    "Very Rare Tokens Attending Very Rare Lexical Match Query Tokens": 0.6575033318444028,
    "Very Rare Tokens Attending Rare Lexical Match Query Tokens": 0.6575033318444028,
    "Rare Tokens Attending Very Rare Lexical Match Query Tokens": 0.6575033318444028,
    "Very Rare Tokens Attending Semantic Match Tokens": 0.6568318708405252,
    "Very Rare Tokens Attending Rare Semantic Match Tokens": 0.6557315479691654,
    "Rare Tokens Attending Very Rare Semantic Match Tokens": 0.6496195252616105,
    "All Tokens Attending Very Rare Semantic Match Tokens": 0.6466838196771534,
    "Very Rare Tokens Attending Very Rare Semantic Match Tokens": 0.6391780287891429,