{
    "Rare Document Tokens Attending Very Rare Document Tokens": -0.7526140155728587,
    "Rare Tokens Attending Very Rare Document Tokens": -0.7526140155728587,
    "Very Rare Document Tokens Attending Very Rare Document Tokens": -0.7370411568409344,
    "Very Rare Tokens Attending Very Rare Document Tokens": -0.7370411568409344,
    "Rare Tokens Attending Rare Document Tokens": -0.728587319243604,
    "Rare Document Tokens Attending Rare Document Tokens": -0.728587319243604,
    "All Tokens Attending Very Rare Document Tokens": -0.7245828698553948,
    "Document Tokens Attending Very Rare Document Tokens": -0.7245828698553948,
    "Very Rare Document Tokens Attending Very Rare Tokens": -0.7183537263626251,
    "Very Rare Tokens Attending Rare Document Tokens": -0.7134593993325918,
    "Very Rare Document Tokens Attending Rare Document Tokens": -0.7134593993325918,
    "Rare Document Tokens Attending Very Rare Tokens": -0.7041156840934372,
    "Document Tokens Attending Rare Document Tokens": -0.7023359288097887,
    "All Tokens Attending Rare Document Tokens": -0.7023359288097887,
    "Very Rare Document Tokens Attending Rare Tokens": -0.6952169076751946,
    "Rare Tokens Attending Very Rare Tokens": -0.6889877641824249,
    "Rare Document Tokens Attending Rare Tokens": -0.6876529477196887,
    "Very Rare Tokens Attending Very Rare Tokens": -0.6845383759733037,
    "Document Tokens Attending Rare Tokens": -0.681868743047831,
    "All Tokens Attending Rare Tokens": -0.6778642936596218,
    "Very Rare Tokens Attending Rare Tokens": -0.6774193548387096,
    "Rare Tokens Attending Rare Tokens": -0.6734149054505005,
    "Document Tokens Attending Very Rare Tokens": -0.6689655172413793,
    "All Tokens Attending Very Rare Tokens": -0.6516129032258065,
    "Very Rare Document Tokens Attending Rare Synonymous Tokens": -0.5652947719688542,
    "Very Rare Document Tokens Attending Synonymous Tokens": -0.5652947719688542,
    "Rare Document Tokens Attending Very Rare Synonymous Tokens": -0.5421579532814237,
    "Document Tokens Attending Very Rare Synonymous Tokens": -0.5421579532814237,
    "Rare Document Tokens Attending Synonymous Tokens": -0.5092324805339266,
    "Document Tokens Attending Rare Synonymous Tokens": -0.5087875417130144,
    "Rare Document Tokens Attending Rare Synonymous Tokens": -0.5087875417130144,
    "Document Tokens Attending Synonymous Tokens": -0.4887652947719689,
    "Very Rare Tokens Attending Synonymous Tokens": -0.46651835372636263,
    "Document Tokens Attending Rare Query Tokens": -0.4625139043381535,
    "All Tokens Attending Rare Query Tokens": -0.46073414905450494,
    "Very Rare Document Tokens Attending Synonymous Document Tokens": -0.45850945494994433,
    "Very Rare Tokens Attending Synonymous Document Tokens": -0.45850945494994433,
    "Very Rare Document Tokens Attending Very Rare Synonymous Tokens": -0.4540600667408231,
    "Very Rare Tokens Attending Rare Synonymous Tokens": -0.4496106785317019,
    "Document Tokens Attending Very Rare Query Tokens": -0.4496106785317019,
    "Very Rare Document Tokens Attending Rare Matching Word Query Tokens": -0.44382647385984425,
    "Very Rare Document Tokens Attending Matching Word Query Tokens": -0.44382647385984425,
    "Very Rare Document Tokens Attending Very Rare Matching Word Query Tokens": -0.44382647385984425,
    "Document Tokens Attending Very Rare Matching Word Query Tokens": -0.44382647385984425,
    "Rare Document Tokens Attending Very Rare Matching Word Query Tokens": -0.44382647385984425,
    "Rare Tokens Attending Very Rare Synonymous Tokens": -0.44293659621801995,
    "Rare Tokens Attending Rare Query Tokens": -0.4420467185761958,
    "Document Tokens Attending Rare Matching Word Query Tokens": -0.4411568409343715,
    "Rare Document Tokens Attending Rare Matching Word Query Tokens": -0.4411568409343715,
    "Rare Document Tokens Attending Matching Word Query Tokens": -0.4411568409343715,
    "Very Rare Document Tokens Attending Rare Synonymous Document Tokens": -0.43448275862068964,
    "Very Rare Tokens Attending Rare Synonymous Document Tokens": -0.43448275862068964,
    "All Tokens Attending Synonymous Tokens": -0.4304783092324805,
    "Rare Tokens Attending Very Rare Query Tokens": -0.4291434927697442,
    "Rare Tokens Attending Synonymous Tokens": -0.42869855394883205,
    "Very Rare Tokens Attending Rare Query Tokens": -0.4282536151279199,
    "All Tokens Attending Very Rare Synonymous Tokens": -0.4264738598442714,
    "Rare Tokens Attending Rare Synonymous Tokens": -0.4255839822024471,
    "All Tokens Attending Rare Synonymous Tokens": -0.4255839822024471,
    "Document Tokens Attending Very Rare Synonymous Query Tokens": -0.42469410456062295,
    "Rare Document Tokens Attending Very Rare Synonymous Query Tokens": -0.42469410456062295,
    "Very Rare Document Tokens Attending Rare Synonymous Query Tokens": -0.4220244716351501,
    "Rare Tokens Attending Synonymous Document Tokens": -0.421579532814238,
    "Rare Document Tokens Attending Synonymous Document Tokens": -0.421579532814238,
    "Rare Document Tokens Attending Synonymous Query Tokens": -0.4202447163515017,
    "Rare Document Tokens Attending Rare Synonymous Query Tokens": -0.4197997775305895,
    "Document Tokens Attending Rare Synonymous Query Tokens": -0.4197997775305895,
    "Document Tokens Attending Synonymous Query Tokens": -0.41935483870967744,
    "Very Rare Document Tokens Attending Very Rare Synonymous Query Tokens": -0.41846496106785314,
    "Very Rare Document Tokens Attending Synonymous Query Tokens": -0.4175750834260289,
    "Document Tokens Attending Very Rare Synonymous Document Tokens": -0.41357063403781974,
    "All Tokens Attending Very Rare Synonymous Document Tokens": -0.41357063403781974,
    "All Tokens Attending Synonymous Document Tokens": -0.4131256952169076,
    "Document Tokens Attending Rare Synonymous Document Tokens": -0.4131256952169076,
    "Document Tokens Attending Synonymous Document Tokens": -0.4131256952169076,
    "Rare Tokens Attending Very Rare Synonymous Document Tokens": -0.4131256952169076,
    "Rare Document Tokens Attending Very Rare Synonymous Document Tokens": -0.4131256952169076,
    "All Tokens Attending Rare Synonymous Document Tokens": -0.4131256952169076,
    "Rare Document Tokens Attending Rare Synonymous Document Tokens": -0.40556173526140155,
    "Rare Tokens Attending Rare Synonymous Document Tokens": -0.40556173526140155,
    "Very Rare Tokens Attending Very Rare Query Tokens": -0.3971078976640712,
    "Rare Document Tokens Attending Very Rare Query Tokens": -0.3882091212458286,
    "Rare Document Tokens Attending Rare Query Tokens": -0.37619577308120133,
    "All Tokens Attending Very Rare Query Tokens": -0.3730812013348164,
    "Very Rare Document Tokens Attending Rare Query Tokens": -0.37085650723025576,
    "Very Rare Document Tokens Attending Very Rare Synonymous Document Tokens": -0.3664071190211346,
    "Very Rare Tokens Attending Very Rare Synonymous Document Tokens": -0.3664071190211346,
    "Very Rare Tokens Attending Very Rare Synonymous Tokens": -0.3619577308120133,
    "Very Rare Document Tokens Attending Very Rare Query Tokens": -0.34949944382647385,
    "Very Rare Document Tokens Attending Matching Word Tokens": -0.33615127919911014,
    "Very Rare Document Tokens Attending Very Rare Matching Word Tokens": -0.33615127919911014,
    "Very Rare Document Tokens Attending Rare Matching Word Tokens": -0.33615127919911014,
    "Rare Document Tokens Attending Very Rare Matching Word Tokens": -0.33615127919911014,
    "Document Tokens Attending Very Rare Matching Word Tokens": -0.33615127919911014,
    "Rare Tokens Attending Document Tokens": 0.307230255839822,
    "Rare Document Tokens Attending Document Tokens": 0.307230255839822,
    "Rare Document Tokens Attending Matching Word Tokens": -0.3027808676307008,
    "Rare Document Tokens Attending Rare Matching Word Tokens": -0.3027808676307008,