{
    "Rare Document Tokens Attending Very Rare Document Tokens": -0.7303670745272525,
    "Rare Tokens Attending Very Rare Document Tokens": -0.7303670745272525,
    "Very Rare Document Tokens Attending Very Rare Document Tokens": -0.7219132369299222,
    "Very Rare Tokens Attending Very Rare Document Tokens": -0.7219132369299222,
    "All Tokens Attending Very Rare Document Tokens": -0.7005561735261402,
    "Document Tokens Attending Very Rare Document Tokens": -0.7005561735261402,
    "Rare Tokens Attending Rare Document Tokens": -0.692992213570634,
    "Rare Document Tokens Attending Rare Document Tokens": -0.692992213570634,
    "Very Rare Document Tokens Attending Very Rare Tokens": -0.6885428253615128,
    "Very Rare Tokens Attending Rare Document Tokens": -0.6703003337041158,
    "Very Rare Document Tokens Attending Rare Document Tokens": -0.6703003337041158,
    "Rare Document Tokens Attending Very Rare Tokens": -0.6636262513904337,
    "Document Tokens Attending Rare Document Tokens": -0.660956618464961,
    "All Tokens Attending Rare Document Tokens": -0.660956618464961,
    "Very Rare Tokens Attending Very Rare Tokens": -0.6538375973303671,
    "Rare Tokens Attending Very Rare Tokens": -0.6502780867630701,
    "Very Rare Document Tokens Attending Rare Tokens": -0.6382647385984427,
    "Rare Document Tokens Attending Rare Tokens": -0.6360400444938822,
    "Document Tokens Attending Very Rare Tokens": -0.6311457174638487,
    "Document Tokens Attending Rare Tokens": -0.6271412680756396,
    "Rare Tokens Attending Rare Tokens": -0.6235817575083425,
    "All Tokens Attending Rare Tokens": -0.6222469410456063,
    "Very Rare Tokens Attending Rare Tokens": -0.6200222469410456,
    "Very Rare Document Tokens Attending Rare Synonymous Tokens": -0.6169076751946607,
    "Very Rare Document Tokens Attending Synonymous Tokens": -0.6169076751946607,
    "All Tokens Attending Very Rare Tokens": -0.6137931034482759,
    "Rare Document Tokens Attending Very Rare Synonymous Tokens": -0.6013348164627365,
    "Document Tokens Attending Very Rare Synonymous Tokens": -0.6013348164627365,
    "Document Tokens Attending Rare Synonymous Tokens": -0.5630700778642936,
    "Rare Document Tokens Attending Rare Synonymous Tokens": -0.5630700778642936,
    "Rare Document Tokens Attending Synonymous Tokens": -0.5617352614015573,
    "Document Tokens Attending Synonymous Tokens": -0.5483870967741935,
    "Very Rare Document Tokens Attending Synonymous Document Tokens": -0.5292547274749722,
    "Very Rare Tokens Attending Synonymous Document Tokens": -0.5292547274749722,
    "Very Rare Tokens Attending Synonymous Tokens": -0.5283648498331479,
    "Very Rare Document Tokens Attending Very Rare Synonymous Tokens": -0.5248053392658508,
    "Very Rare Tokens Attending Rare Synonymous Tokens": -0.5123470522803114,
    "Rare Tokens Attending Very Rare Synonymous Tokens": -0.5087875417130144,
    "Very Rare Document Tokens Attending Rare Synonymous Document Tokens": -0.5083426028921022,
    "Very Rare Tokens Attending Rare Synonymous Document Tokens": -0.5083426028921022,
    "All Tokens Attending Very Rare Synonymous Tokens": -0.49543937708565067,
    "Rare Tokens Attending Synonymous Document Tokens": -0.49321468298109006,
    "Rare Document Tokens Attending Synonymous Document Tokens": -0.49321468298109006,
    "All Tokens Attending Synonymous Tokens": -0.49321468298109006,
    "Document Tokens Attending Very Rare Synonymous Document Tokens": -0.49276974416017794,
    "All Tokens Attending Very Rare Synonymous Document Tokens": -0.49276974416017794,
    "Rare Tokens Attending Very Rare Synonymous Document Tokens": -0.4923248053392658,
    "Rare Document Tokens Attending Very Rare Synonymous Document Tokens": -0.4923248053392658,
    "Rare Tokens Attending Synonymous Tokens": -0.4905450500556173,
    "Rare Tokens Attending Rare Synonymous Tokens": -0.4883203559510568,
    "All Tokens Attending Rare Synonymous Tokens": -0.4883203559510568,
    "All Tokens Attending Synonymous Document Tokens": -0.4852057842046719,
    "Document Tokens Attending Rare Synonymous Document Tokens": -0.4852057842046719,
    "Document Tokens Attending Synonymous Document Tokens": -0.4852057842046719,
    "All Tokens Attending Rare Synonymous Document Tokens": -0.4852057842046719,
    "Rare Document Tokens Attending Rare Synonymous Document Tokens": -0.4785317018909899,
    "Rare Tokens Attending Rare Synonymous Document Tokens": -0.4785317018909899,
    "Very Rare Document Tokens Attending Very Rare Synonymous Document Tokens": -0.45317018909899887,
    "Very Rare Tokens Attending Very Rare Synonymous Document Tokens": -0.45317018909899887,
    "Very Rare Tokens Attending Very Rare Synonymous Tokens": -0.4460511679644049,
    "Very Rare Document Tokens Attending Matching Word Tokens": -0.4264738598442714,
    "Very Rare Document Tokens Attending Very Rare Matching Word Tokens": -0.4264738598442714,
    "Very Rare Document Tokens Attending Rare Matching Word Tokens": -0.4264738598442714,
    "Rare Document Tokens Attending Very Rare Matching Word Tokens": -0.4264738598442714,
    "Document Tokens Attending Very Rare Matching Word Tokens": -0.4264738598442714,
    "Very Rare Tokens Attending Matching Word Document Tokens": -0.40111234705228027,
    "Rare Document Tokens Attending Very Rare Matching Word Document Tokens": -0.40111234705228027,
    "Very Rare Document Tokens Attending Matching Word Document Tokens": -0.40111234705228027,
    "All Tokens Attending Very Rare Matching Word Document Tokens": -0.40111234705228027,
    "Very Rare Tokens Attending Very Rare Matching Word Document Tokens": -0.40111234705228027,
    "Very Rare Document Tokens Attending Very Rare Matching Word Document Tokens": -0.40111234705228027,
    "Very Rare Document Tokens Attending Rare Matching Word Document Tokens": -0.40111234705228027,
    "Rare Tokens Attending Very Rare Matching Word Document Tokens": -0.40111234705228027,
    "Very Rare Tokens Attending Rare Matching Word Document Tokens": -0.40111234705228027,
    "Document Tokens Attending Very Rare Matching Word Document Tokens": -0.40111234705228027,
    "Rare Document Tokens Attending Matching Word Tokens": -0.39265850945494996,
    "Rare Document Tokens Attending Rare Matching Word Tokens": -0.39265850945494996,
    "Document Tokens Attending Rare Matching Word Tokens": -0.39265850945494996,
    "Rare Tokens Attending Rare Matching Word Tokens": -0.38731924360400444,
    "Rare Tokens Attending Matching Word Tokens": -0.38731924360400444,
    "All Tokens Attending Rare Matching Word Tokens": -0.38731924360400444,
    "Rare Tokens Attending Rare Matching Word Document Tokens": -0.385539488320356,
    "Rare Document Tokens Attending Matching Word Document Tokens": -0.385539488320356,
    "Rare Document Tokens Attending Rare Matching Word Document Tokens": -0.385539488320356,
    "Document Tokens Attending Rare Matching Word Document Tokens": -0.385539488320356,
    "Rare Tokens Attending Matching Word Document Tokens": -0.385539488320356,
    "All Tokens Attending Rare Matching Word Document Tokens": -0.385539488320356,
    "Document Tokens Attending Very Rare Query Tokens": -0.3704115684093437,
    "All Tokens Attending Rare Query Tokens": -0.36774193548387096,
    "Document Tokens Attending Rare Query Tokens": -0.36284760845383757,
    "Very Rare Document Tokens Attending Rare Matching Word Query Tokens": -0.3410456062291435,
    "Very Rare Document Tokens Attending Matching Word Query Tokens": -0.3410456062291435,
    "Very Rare Document Tokens Attending Very Rare Matching Word Query Tokens": -0.3410456062291435,
    "Document Tokens Attending Very Rare Matching Word Query Tokens": -0.3410456062291435,
    "Rare Document Tokens Attending Very Rare Matching Word Query Tokens": -0.3410456062291435,
    "All Tokens Attending Very Rare Matching Word Tokens": -0.3397107897664071,
    "Very Rare Tokens Attending Rare Matching Word Tokens": -0.3397107897664071,