{
    "Rare Document Tokens Attending Very Rare Document Tokens": -0.7294771968854282,
    "Rare Tokens Attending Very Rare Document Tokens": -0.7294771968854282,
    "Very Rare Document Tokens Attending Very Rare Document Tokens": -0.7130144605116796,
    "Very Rare Tokens Attending Very Rare Document Tokens": -0.7130144605116796,
    "Rare Tokens Attending Rare Document Tokens": -0.7090100111234705,
    "Rare Document Tokens Attending Rare Document Tokens": -0.7090100111234705,
    "All Tokens Attending Very Rare Document Tokens": -0.7018909899888766,
    "Document Tokens Attending Very Rare Document Tokens": -0.7018909899888766,
    "Very Rare Document Tokens Attending Very Rare Tokens": -0.6983314794215795,
    "Very Rare Tokens Attending Rare Document Tokens": -0.696551724137931,
    "Very Rare Document Tokens Attending Rare Document Tokens": -0.696551724137931,
    "Document Tokens Attending Rare Document Tokens": -0.6858731924360401,
    "All Tokens Attending Rare Document Tokens": -0.6858731924360401,
    "Very Rare Document Tokens Attending Rare Tokens": -0.6849833147942158,
    "Rare Document Tokens Attending Very Rare Tokens": -0.6849833147942158,
    "Rare Document Tokens Attending Rare Tokens": -0.6734149054505005,
    "Rare Tokens Attending Very Rare Tokens": -0.6711902113459399,
    "Document Tokens Attending Rare Tokens": -0.6698553948832036,
    "Very Rare Tokens Attending Rare Tokens": -0.6667408231368186,
    "All Tokens Attending Rare Tokens": -0.6654060066740823,
    "Very Rare Tokens Attending Very Rare Tokens": -0.6645161290322581,
    "Rare Tokens Attending Rare Tokens": -0.6587319243604004,
    "Document Tokens Attending Very Rare Tokens": -0.6493882091212457,
    "All Tokens Attending Very Rare Tokens": -0.6320355951056729,
    "Very Rare Document Tokens Attending Rare Synonymous Tokens": -0.5256952169076751,
    "Very Rare Document Tokens Attending Synonymous Tokens": -0.5256952169076751,
    "Rare Document Tokens Attending Very Rare Synonymous Tokens": -0.5003337041156841,
    "Document Tokens Attending Very Rare Synonymous Tokens": -0.5003337041156841,
    "Document Tokens Attending Rare Query Tokens": -0.47408231368186876,
    "Document Tokens Attending Rare Matching Word Query Tokens": -0.47230255839822033,
    "Rare Document Tokens Attending Rare Matching Word Query Tokens": -0.47230255839822033,
    "Rare Document Tokens Attending Matching Word Query Tokens": -0.47230255839822033,
    "Very Rare Document Tokens Attending Rare Matching Word Query Tokens": -0.4709677419354839,
    "Very Rare Document Tokens Attending Matching Word Query Tokens": -0.4709677419354839,
    "Very Rare Document Tokens Attending Very Rare Matching Word Query Tokens": -0.4709677419354839,
    "Document Tokens Attending Very Rare Matching Word Query Tokens": -0.4709677419354839,
    "Rare Document Tokens Attending Very Rare Matching Word Query Tokens": -0.4709677419354839,
    "All Tokens Attending Rare Query Tokens": -0.4682981090100112,
    "Rare Document Tokens Attending Synonymous Tokens": -0.46562847608453833,
    "Document Tokens Attending Rare Synonymous Tokens": -0.4651835372636262,
    "Rare Document Tokens Attending Rare Synonymous Tokens": -0.4651835372636262,
    "Rare Tokens Attending Rare Query Tokens": -0.4629588431590656,
    "Rare Document Tokens Attending Synonymous Query Tokens": -0.46073414905450494,
    "Rare Document Tokens Attending Rare Synonymous Query Tokens": -0.4602892102335928,
    "Document Tokens Attending Rare Synonymous Query Tokens": -0.4602892102335928,
    "Document Tokens Attending Synonymous Query Tokens": -0.4593993325917686,
    "Document Tokens Attending Very Rare Synonymous Query Tokens": -0.4589543937708565,
    "Rare Document Tokens Attending Very Rare Synonymous Query Tokens": -0.4589543937708565,
    "Very Rare Document Tokens Attending Rare Synonymous Query Tokens": -0.4567296996662959,
    "Very Rare Document Tokens Attending Very Rare Synonymous Query Tokens": -0.4540600667408231,
    "Very Rare Document Tokens Attending Synonymous Query Tokens": -0.453615127919911,
    "Document Tokens Attending Very Rare Query Tokens": -0.4518353726362625,
    "Rare Tokens Attending Very Rare Query Tokens": -0.4451612903225806,
    "Very Rare Tokens Attending Rare Query Tokens": -0.44471635150166855,
    "Document Tokens Attending Synonymous Tokens": -0.44338153503893213,
    "Very Rare Tokens Attending Synonymous Tokens": -0.421579532814238,
    "Rare Document Tokens Attending Very Rare Query Tokens": -0.41357063403781974,
    "Very Rare Document Tokens Attending Synonymous Document Tokens": -0.4100111234705228,
    "Very Rare Tokens Attending Synonymous Document Tokens": -0.4100111234705228,
    "Rare Document Tokens Attending Rare Query Tokens": -0.40778642936596216,
    "Very Rare Document Tokens Attending Very Rare Synonymous Tokens": -0.40600667408231367,
    "Very Rare Tokens Attending Rare Synonymous Tokens": -0.403781979977753,
    "Very Rare Tokens Attending Very Rare Query Tokens": -0.40333704115684094,
    "Very Rare Document Tokens Attending Rare Query Tokens": -0.3997775305895439,
    "Rare Tokens Attending Very Rare Synonymous Tokens": -0.3971078976640712,
    "Very Rare Document Tokens Attending Rare Synonymous Document Tokens": -0.3846496106785317,
    "Very Rare Tokens Attending Rare Synonymous Document Tokens": -0.3846496106785317,
    "All Tokens Attending Synonymous Tokens": -0.3828698553948832,
    "Rare Tokens Attending Synonymous Tokens": -0.38064516129032255,
    "All Tokens Attending Very Rare Synonymous Tokens": -0.38020022246941043,
    "Rare Tokens Attending Rare Synonymous Tokens": -0.3775305895439377,
    "All Tokens Attending Rare Synonymous Tokens": -0.3775305895439377,
    "Very Rare Document Tokens Attending Very Rare Query Tokens": -0.37263626251390436,
    "All Tokens Attending Very Rare Query Tokens": -0.37174638487208006,
    "Rare Tokens Attending Synonymous Document Tokens": -0.37174638487208006,
    "Rare Document Tokens Attending Synonymous Document Tokens": -0.37174638487208006,
    "All Tokens Attending Synonymous Document Tokens": -0.36151279199110126,
    "Document Tokens Attending Rare Synonymous Document Tokens": -0.36151279199110126,
    "Document Tokens Attending Synonymous Document Tokens": -0.36151279199110126,
    "Document Tokens Attending Very Rare Synonymous Document Tokens": -0.36151279199110126,
    "All Tokens Attending Very Rare Synonymous Document Tokens": -0.36151279199110126,
    "All Tokens Attending Rare Synonymous Document Tokens": -0.36151279199110126,
    "Rare Tokens Attending Very Rare Synonymous Document Tokens": -0.36106785317018913,
    "Rare Document Tokens Attending Very Rare Synonymous Document Tokens": -0.36106785317018913,
    "Rare Document Tokens Attending Rare Synonymous Document Tokens": -0.3539488320355951,
    "Rare Tokens Attending Rare Synonymous Document Tokens": -0.3539488320355951,
    "Rare Tokens Attending Document Tokens": 0.34282536151279197,
    "Rare Document Tokens Attending Document Tokens": 0.34282536151279197,
    "Very Rare Document Tokens Attending Document Tokens": 0.32769744160177977,
    "Very Rare Tokens Attending Document Tokens": 0.32769744160177977,
    "Document Tokens Attending Query Tokens": -0.3268075639599555,
    "Rare Tokens Attending Query Tokens": -0.3130144605116796,
    "Very Rare Document Tokens Attending Very Rare Synonymous Document Tokens": -0.31167964404894327,
    "Very Rare Tokens Attending Very Rare Synonymous Document Tokens": -0.31167964404894327,
    "All Tokens Attending Document Tokens": 0.31078976640711903,
    "All Tokens Attending Query Tokens": -0.31078976640711903,
    "Document Tokens Attending Document Tokens": 0.31078976640711903,
    "Very Rare Tokens Attending Very Rare Synonymous Tokens": -0.3103448275862069,
    "Very Rare Tokens Attending Query Tokens": -0.30189098998887653,
    "Rare Document Tokens Attending Query Tokens": -0.29032258064516125,