{
    "Document Tokens Attending Rare Document Tokens": -0.5354831987874806,
    "All Tokens Attending Rare Document Tokens": -0.5354831987874806,
    "Document Tokens Attending Rare Tokens": -0.5172536470053043,
    "All Tokens Attending Rare Tokens": -0.5009626868423425,
    "All Tokens Attending Very Rare Document Tokens": -0.48079207026262316,
    "Document Tokens Attending Very Rare Document Tokens": -0.48079207026262316,
    "Rare Document Tokens Attending Rare Tokens": -0.464027162737627,
    "Document Tokens Attending Very Rare Tokens": -0.46177697920723476,
    "Rare Tokens Attending Rare Document Tokens": -0.45966986834799173,
    "Rare Document Tokens Attending Rare Document Tokens": -0.45966986834799173,
    "Very Rare Document Tokens Attending Rare Tokens": -0.45718653216708427,
    "Very Rare Tokens Attending Rare Document Tokens": -0.44464991101497364,
    "Very Rare Document Tokens Attending Rare Document Tokens": -0.44464991101497364,
    "All Tokens Attending Very Rare Tokens": -0.4426017987810761,
    "Rare Tokens Attending Rare Tokens": -0.4373471063422893,
    "Rare Document Tokens Attending Very Rare Tokens": -0.42834517126934246,
    "Very Rare Tokens Attending Rare Tokens": -0.42527590484454514,
    "Rare Document Tokens Attending Lexical Match Query Tokens": -0.4220761311532977,
    "Rare Document Tokens Attending Rare Lexical Match Query Tokens": -0.4220761311532977,
    "Document Tokens Attending Rare Lexical Match Query Tokens": -0.4220761311532977,
    "Rare Document Tokens Attending Rare Semantic Match Query Tokens": -0.4209699048563487,
    "Document Tokens Attending Rare Semantic Match Query Tokens": -0.4207571412424534,
    "Rare Document Tokens Attending Semantic Match Query Tokens": -0.4199050425726608,
    "Rare Document Tokens Attending Very Rare Document Tokens": -0.41747656528432,
    "Rare Tokens Attending Very Rare Document Tokens": -0.41747656528432,
    "Document Tokens Attending Very Rare Lexical Match Query Tokens": -0.4166145976138448,
    "Rare Document Tokens Attending Very Rare Lexical Match Query Tokens": -0.4166145976138448,
    "Very Rare Document Tokens Attending Lexical Match Query Tokens": -0.4166145976138448,
    "Very Rare Document Tokens Attending Very Rare Lexical Match Query Tokens": -0.4166145976138448,
    "Very Rare Document Tokens Attending Rare Lexical Match Query Tokens": -0.4166145976138448,
    "Document Tokens Attending Semantic Match Query Tokens": -0.4157903981464426,
    "Very Rare Document Tokens Attending Rare Semantic Match Query Tokens": -0.4076957764868975,
    "Very Rare Document Tokens Attending Semantic Match Query Tokens": -0.4071154938163285,
    "Document Tokens Attending Very Rare Semantic Match Query Tokens": -0.40389218804145544,
    "Rare Document Tokens Attending Very Rare Semantic Match Query Tokens": -0.4028236706129833,
    "Rare Tokens Attending Very Rare Tokens": -0.3970334768540777,
    "Very Rare Document Tokens Attending Very Rare Semantic Match Query Tokens": -0.39413695209598953,
    "Very Rare Document Tokens Attending Very Rare Tokens": -0.3780442676520849,
    "Very Rare Document Tokens Attending Very Rare Document Tokens": -0.34150118512268807,
    "Very Rare Tokens Attending Very Rare Document Tokens": -0.34150118512268807,
    "Very Rare Tokens Attending Very Rare Tokens": -0.33475569879530986,
    "Very Rare Document Tokens Attending Rare Query Tokens": -0.3314207235154989,
    "Very Rare Document Tokens Attending Very Rare Query Tokens": -0.3216072733531601,
    "Very Rare Tokens Attending All Tokens": 0.3013827561295148,
    "Rare Document Tokens Attending Rare Query Tokens": -0.28870160103487263,
    "Query Tokens Attending Lexical Match Tokens": 0.2780099749246273,
    "Query Tokens Attending Lexical Match Query Tokens": 0.2780099749246273,
    "Rare Document Tokens Attending Very Rare Query Tokens": -0.25989358037994836,
    "Document Tokens Attending Rare Query Tokens": -0.24475408882012534,
    "Query Tokens Attending Very Rare Lexical Match Tokens": 0.24228736273210194,
    "Rare Query Tokens Attending Very Rare Lexical Match Tokens": 0.24228736273210194,
    "Very Rare Query Tokens Attending Lexical Match Query Tokens": 0.24228736273210194,
    "Very Rare Query Tokens Attending Lexical Match Tokens": 0.24228736273210194,
    "Very Rare Query Tokens Attending Very Rare Lexical Match Tokens": 0.24228736273210194,
    "Very Rare Query Tokens Attending Rare Lexical Match Query Tokens": 0.24228736273210194,
    "Very Rare Query Tokens Attending Very Rare Lexical Match Query Tokens": 0.24228736273210194,
    "Very Rare Query Tokens Attending Rare Lexical Match Tokens": 0.24228736273210194,
    "Rare Query Tokens Attending Very Rare Lexical Match Query Tokens": 0.24228736273210194,
    "Query Tokens Attending Very Rare Lexical Match Query Tokens": 0.24228736273210194,
    "Document Tokens Attending Lexical Match Query Tokens": -0.23933475978073734,
    "Very Rare Tokens Attending Rare Query Tokens": -0.2317901756121141,
    "Very Rare Query Tokens Attending Very Rare Semantic Match Query Tokens": 0.22630476029017088,
    "Very Rare Query Tokens Attending Very Rare Semantic Match Tokens": 0.22630476029017088,
    "Very Rare Document Tokens Attending All Tokens": 0.22195858229138785,
    "Very Rare Query Tokens Attending Rare Semantic Match Query Tokens": 0.22023553226396875,
    "Very Rare Query Tokens Attending Rare Semantic Match Tokens": 0.22023553226396875,
    "Rare Query Tokens Attending Lexical Match Query Tokens": 0.21819046535479714,
    "Rare Query Tokens Attending Lexical Match Tokens": 0.21819046535479714,
    "Rare Query Tokens Attending Rare Lexical Match Tokens": 0.21819046535479714,
    "Query Tokens Attending Rare Lexical Match Query Tokens": 0.21819046535479714,
    "Query Tokens Attending Rare Lexical Match Tokens": 0.21819046535479714,
    "Rare Query Tokens Attending Rare Lexical Match Query Tokens": 0.21819046535479714,
    "Very Rare Query Tokens Attending Semantic Match Tokens": 0.21801485353138428,
    "Very Rare Query Tokens Attending Semantic Match Query Tokens": 0.21801485353138428,
    "Rare Tokens Attending Rare Query Tokens": -0.2165306370890638,
    "Rare Query Tokens Attending Very Rare Semantic Match Query Tokens": 0.2157318775290034,
    "Rare Query Tokens Attending Very Rare Semantic Match Tokens": 0.2157318775290034,
    "Query Tokens Attending Very Rare Semantic Match Query Tokens": 0.2151050680307952,
    "Query Tokens Attending Very Rare Semantic Match Tokens": 0.2151050680307952,
    "All Tokens Attending Rare Query Tokens": -0.20525532150339826,
    "All Tokens Attending Lexical Match Query Tokens": 0.19119494149669958,
    "Rare Query Tokens Attending Rare Semantic Match Query Tokens": 0.18918709452798815,
    "Rare Query Tokens Attending Rare Semantic Match Tokens": 0.18918709452798815,
    "Rare Tokens Attending All Tokens": 0.1885962300092387,
    "Query Tokens Attending Semantic Match Tokens": 0.1879497475536931,
    "Query Tokens Attending Semantic Match Query Tokens": 0.1879497475536931,
    "Query Tokens Attending Rare Semantic Match Query Tokens": 0.1878666223799742,
    "Query Tokens Attending Rare Semantic Match Tokens": 0.1878666223799742,
    "Rare Query Tokens Attending Semantic Match Tokens": 0.18744561209125882,
    "Rare Query Tokens Attending Semantic Match Query Tokens": 0.18744561209125882,
    "Document Tokens Attending Very Rare Query Tokens": -0.17608700228267835,
    "Rare Tokens Attending Very Rare Query Tokens": -0.17606398020628192,
    "Very Rare Tokens Attending Very Rare Query Tokens": -0.17471756394254534,
    "Very Rare Query Tokens Attending Very Rare Tokens": 0.15844789056318068,
    "Very Rare Query Tokens Attending Very Rare Query Tokens": 0.15844789056318068,
    "Rare Document Tokens Attending Semantic Match Tokens": -0.15751189827634943,
    "Document Tokens Attending Rare Semantic Match Tokens": -0.15449945348174712,