{
    "Rare Document Tokens Attending Very Rare Document Tokens": 0.6443548387096775,
    "Rare Tokens Attending Very Rare Document Tokens": 0.6443548387096775,
    "Very Rare Document Tokens Attending Very Rare Document Tokens": 0.6391129032258066,
    "Very Rare Tokens Attending Very Rare Document Tokens": 0.6391129032258066,
    "Rare Tokens Attending Rare Document Tokens": 0.6326612903225807,
    "Rare Document Tokens Attending Rare Document Tokens": 0.6326612903225807,
    "All Tokens Attending Very Rare Document Tokens": 0.6318548387096775,
    "Document Tokens Attending Very Rare Document Tokens": 0.6318548387096775,
    "Very Rare Tokens Attending Rare Document Tokens": 0.6310483870967742,
    "Very Rare Document Tokens Attending Rare Document Tokens": 0.6310483870967742,
    "Document Tokens Attending Rare Document Tokens": 0.5923387096774194,
    "All Tokens Attending Rare Document Tokens": 0.5923387096774194,
    "Very Rare Document Tokens Attending Very Rare Tokens": 0.590725806451613,
    "Document Tokens Attending Very Rare Tokens": 0.5766129032258065,
    "Rare Document Tokens Attending Rare Tokens": 0.5512096774193549,
    "Rare Document Tokens Attending Very Rare Tokens": 0.5479838709677419,
    "Document Tokens Attending Rare Tokens": 0.5463709677419355,
    "Very Rare Tokens Attending Very Rare Tokens": 0.5419354838709677,
    "Very Rare Document Tokens Attending Rare Tokens": 0.5375,
    "All Tokens Attending Very Rare Tokens": 0.5294354838709678,
    "Very Rare Document Tokens Attending Rare Semantic Match Tokens": 0.527016129032258,
    "Very Rare Document Tokens Attending Semantic Match Tokens": 0.527016129032258,
    "Very Rare Tokens Attending Rare Tokens": 0.5185483870967742,
    "Rare Tokens Attending Rare Tokens": 0.5125000000000001,
    "All Tokens Attending Rare Tokens": 0.5044354838709678,
    "Rare Document Tokens Attending Very Rare Semantic Match Tokens": 0.4991935483870968,
    "Rare Tokens Attending Very Rare Tokens": 0.49233870967741944,
    "Document Tokens Attending Very Rare Semantic Match Tokens": 0.48588709677419356,
    "Document Tokens Attending Semantic Match Tokens": 0.48145161290322586,
    "Rare Document Tokens Attending Semantic Match Tokens": 0.47862903225806447,
    "Rare Document Tokens Attending Rare Semantic Match Tokens": 0.46975806451612917,
    "Document Tokens Attending Rare Semantic Match Tokens": 0.46975806451612917,
    "Very Rare Document Tokens Attending Semantic Match Document Tokens": 0.4556451612903226,
    "Very Rare Tokens Attending Semantic Match Document Tokens": 0.4556451612903226,
    "Very Rare Document Tokens Attending Very Rare Semantic Match Tokens": 0.4540322580645162,
    "Very Rare Document Tokens Attending Rare Semantic Match Document Tokens": 0.45282258064516134,
    "Very Rare Tokens Attending Rare Semantic Match Document Tokens": 0.45282258064516134,
    "Rare Tokens Attending Very Rare Semantic Match Document Tokens": 0.4508064516129033,
    "Rare Document Tokens Attending Very Rare Semantic Match Document Tokens": 0.4508064516129033,
    "Document Tokens Attending Very Rare Semantic Match Document Tokens": 0.4346774193548387,
    "All Tokens Attending Very Rare Semantic Match Document Tokens": 0.4346774193548387,
    "Rare Document Tokens Attending Semantic Match Document Tokens": 0.43427419354838714,
    "Rare Tokens Attending Semantic Match Document Tokens": 0.43427419354838714,
    "Rare Tokens Attending Rare Semantic Match Document Tokens": 0.4225806451612903,
    "Rare Document Tokens Attending Rare Semantic Match Document Tokens": 0.4225806451612903,
    "All Tokens Attending Very Rare Semantic Match Tokens": 0.42217741935483877,
    "Document Tokens Attending Rare Semantic Match Document Tokens": 0.41693548387096785,
    "All Tokens Attending Rare Semantic Match Document Tokens": 0.41693548387096785,
    "All Tokens Attending Semantic Match Tokens": 0.4084677419354839,
    "All Tokens Attending Semantic Match Document Tokens": 0.40725806451612906,
    "Document Tokens Attending Semantic Match Document Tokens": 0.40725806451612906,
    "All Tokens Attending Rare Semantic Match Tokens": 0.40725806451612906,
    "Very Rare Tokens Attending Rare Semantic Match Tokens": 0.40362903225806457,
    "Very Rare Tokens Attending Semantic Match Tokens": 0.4020161290322581,
    "Rare Tokens Attending Very Rare Semantic Match Tokens": 0.39919354838709686,
    "Rare Tokens Attending Semantic Match Tokens": 0.3959677419354839,
    "Very Rare Tokens Attending Very Rare Semantic Match Document Tokens": 0.3935483870967742,
    "Very Rare Document Tokens Attending Very Rare Semantic Match Document Tokens": 0.3935483870967742,
    "Rare Tokens Attending Rare Semantic Match Tokens": 0.385483870967742,
    "Very Rare Tokens Attending Very Rare Semantic Match Tokens": 0.3520161290322581,
    "Document Tokens Attending Rare Query Tokens": 0.3411290322580645,
    "Rare Document Tokens Attending Lexical Match Tokens": 0.328225806451613,
    "Document Tokens Attending Rare Lexical Match Tokens": 0.328225806451613,
    "Rare Document Tokens Attending Rare Lexical Match Tokens": 0.328225806451613,
    "Rare Document Tokens Attending Rare Query Tokens": 0.3145161290322581,
    "Very Rare Document Tokens Attending Very Rare Lexical Match Tokens": 0.3088709677419355,
    "Very Rare Document Tokens Attending Rare Lexical Match Tokens": 0.3088709677419355,
    "Very Rare Document Tokens Attending Lexical Match Tokens": 0.3088709677419355,
    "Rare Document Tokens Attending Very Rare Lexical Match Tokens": 0.3088709677419355,
    "Document Tokens Attending Very Rare Lexical Match Tokens": 0.3088709677419355,
    "Rare Document Tokens Attending Very Rare Query Tokens": 0.30282258064516127,
    "Document Tokens Attending Very Rare Query Tokens": 0.2995967741935484,
    "All Tokens Attending Rare Lexical Match Document Tokens": 0.29758064516129035,
    "Rare Tokens Attending Lexical Match Document Tokens": 0.29758064516129035,
    "Rare Document Tokens Attending Lexical Match Document Tokens": 0.29758064516129035,
    "Rare Tokens Attending Rare Lexical Match Document Tokens": 0.29758064516129035,
    "Rare Document Tokens Attending Rare Lexical Match Document Tokens": 0.29758064516129035,
    "Document Tokens Attending Rare Lexical Match Document Tokens": 0.29758064516129035,
    "Rare Tokens Attending Very Rare Query Tokens": 0.2895161290322581,
    "Very Rare Tokens Attending Very Rare Query Tokens": 0.28830645161290325,
    "Very Rare Document Tokens Attending Rare Query Tokens": 0.2862903225806452,
    "All Tokens Attending Rare Query Tokens": 0.28548387096774197,
    "Very Rare Document Tokens Attending Very Rare Query Tokens": 0.2814516129032258,
    "Very Rare Tokens Attending Rare Query Tokens": 0.27096774193548384,
    "Rare Tokens Attending Rare Query Tokens": 0.2649193548387097,
    "Rare Tokens Attending Very Rare Lexical Match Document Tokens": 0.26451612903225813,
    "Very Rare Document Tokens Attending Rare Lexical Match Document Tokens": 0.26451612903225813,
    "Very Rare Tokens Attending Rare Lexical Match Document Tokens": 0.26451612903225813,
    "Document Tokens Attending Very Rare Lexical Match Document Tokens": 0.26451612903225813,
    "Very Rare Tokens Attending Lexical Match Document Tokens": 0.26451612903225813,