{
    "Document Tokens Attending Rare Document Tokens": 0.6092282996729159,
    "All Tokens Attending Rare Document Tokens": 0.6092282996729159,
    "All Tokens Attending Very Rare Document Tokens": 0.5926370930705972,
    "Document Tokens Attending Very Rare Document Tokens": 0.5926370930705972,
    "Document Tokens Attending Rare Tokens": 0.5648609462288012,
    "Rare Tokens Attending Rare Document Tokens": 0.5585093517502562,
    "Rare Document Tokens Attending Rare Document Tokens": 0.5585093517502562,
    "All Tokens Attending Rare Tokens": 0.5455485677538121,
    "Document Tokens Attending Very Rare Tokens": 0.5454570699166318,
    "Rare Document Tokens Attending Very Rare Document Tokens": 0.5429509718601369,
    "Rare Tokens Attending Very Rare Document Tokens": 0.5429509718601369,
    "Very Rare Tokens Attending Rare Document Tokens": 0.5387374329482737,
    "Very Rare Document Tokens Attending Rare Document Tokens": 0.5387374329482737,
    "Rare Document Tokens Attending Rare Tokens": 0.5255397135659122,
    "All Tokens Attending Very Rare Tokens": 0.523321994038976,
    "Rare Document Tokens Attending Very Rare Tokens": 0.5139001534918679,
    "Very Rare Document Tokens Attending Rare Tokens": 0.5138246178180843,
    "Rare Tokens Attending Rare Tokens": 0.49586502697183443,
    "Very Rare Document Tokens Attending Very Rare Tokens": 0.4861983446762146,
    "Very Rare Document Tokens Attending Very Rare Document Tokens": 0.4855211408327432,
    "Very Rare Tokens Attending Very Rare Document Tokens": 0.4855211408327432,
    "Very Rare Tokens Attending Rare Tokens": 0.4801834945058442,
    "Rare Tokens Attending Very Rare Tokens": 0.4794714290253101,
    "Very Rare Tokens Attending Very Rare Tokens": 0.4415003066672555,
    "Very Rare Tokens Attending All Tokens": -0.3440953484272182,
    "Rare Document Tokens Attending Semantic Match Tokens": 0.33935807181052335,
    "Very Rare Document Tokens Attending Semantic Match Tokens": 0.3391836411972782,
    "Document Tokens Attending Rare Semantic Match Tokens": 0.3371908142076185,
    "Very Rare Document Tokens Attending Rare Semantic Match Tokens": 0.33605111848065555,
    "Document Tokens Attending Semantic Match Tokens": 0.3343708724285511,
    "Rare Document Tokens Attending Rare Semantic Match Tokens": 0.333029328115498,
    "Document Tokens Attending Very Rare Semantic Match Tokens": 0.33183446919193327,
    "Rare Document Tokens Attending Very Rare Semantic Match Tokens": 0.33122365981280133,
    "Rare Document Tokens Attending Semantic Match Document Tokens": 0.30912467040933034,
    "Rare Tokens Attending Semantic Match Document Tokens": 0.30912467040933034,
    "Very Rare Document Tokens Attending Semantic Match Document Tokens": 0.3068189745284737,
    "Very Rare Tokens Attending Semantic Match Document Tokens": 0.3068189745284737,
    "Document Tokens Attending Rare Semantic Match Document Tokens": 0.3066089448342289,
    "All Tokens Attending Rare Semantic Match Document Tokens": 0.3066089448342289,
    "Very Rare Document Tokens Attending Very Rare Semantic Match Tokens": 0.3065231904387752,
    "All Tokens Attending Semantic Match Document Tokens": 0.30608509080902013,
    "Document Tokens Attending Semantic Match Document Tokens": 0.30608509080902013,
    "Very Rare Document Tokens Attending Rare Semantic Match Document Tokens": 0.30369109031755553,
    "Very Rare Tokens Attending Rare Semantic Match Document Tokens": 0.30369109031755553,
    "Rare Tokens Attending Rare Semantic Match Document Tokens": 0.30283627347273756,
    "Rare Document Tokens Attending Rare Semantic Match Document Tokens": 0.30283627347273756,
    "Document Tokens Attending Very Rare Semantic Match Document Tokens": 0.2995247215235462,
    "All Tokens Attending Very Rare Semantic Match Document Tokens": 0.2995247215235462,
    "Rare Tokens Attending Very Rare Semantic Match Document Tokens": 0.29932117882308795,
    "Rare Document Tokens Attending Very Rare Semantic Match Document Tokens": 0.29932117882308795,
    "Rare Tokens Attending Semantic Match Tokens": 0.29401546853850924,
    "All Tokens Attending Rare Semantic Match Tokens": 0.2919768349072057,
    "All Tokens Attending Semantic Match Tokens": 0.29095797027023884,
    "Very Rare Tokens Attending Semantic Match Tokens": 0.2896423899796059,
    "Rare Tokens Attending Rare Semantic Match Tokens": 0.288093374780412,
    "Very Rare Tokens Attending Rare Semantic Match Tokens": 0.286485955007944,
    "All Tokens Attending Very Rare Semantic Match Tokens": 0.2831854135182237,
    "Rare Tokens Attending Very Rare Semantic Match Tokens": 0.2825373436625171,
    "Very Rare Tokens Attending Very Rare Semantic Match Document Tokens": 0.2777023707810416,
    "Very Rare Document Tokens Attending Very Rare Semantic Match Document Tokens": 0.2777023707810416,
    "Document Tokens Attending Very Rare Lexical Match Query Tokens": 0.2769723870393341,
    "Rare Document Tokens Attending Very Rare Lexical Match Query Tokens": 0.2769723870393341,
    "Very Rare Document Tokens Attending Lexical Match Query Tokens": 0.2769723870393341,
    "Very Rare Document Tokens Attending Very Rare Lexical Match Query Tokens": 0.2769723870393341,
    "Very Rare Document Tokens Attending Rare Lexical Match Query Tokens": 0.2769723870393341,
    "Rare Document Tokens Attending Lexical Match Query Tokens": 0.27342923480190173,
    "Rare Document Tokens Attending Rare Lexical Match Query Tokens": 0.27342923480190173,
    "Document Tokens Attending Rare Lexical Match Query Tokens": 0.27342923480190173,
    "Rare Document Tokens Attending Rare Semantic Match Query Tokens": 0.26393861766018023,
    "Document Tokens Attending Rare Semantic Match Query Tokens": 0.263602768500819,
    "Rare Document Tokens Attending Semantic Match Query Tokens": 0.2626002762932096,
    "Very Rare Tokens Attending Very Rare Semantic Match Tokens": 0.2589562207081918,
    "Document Tokens Attending Semantic Match Query Tokens": 0.25740463118443724,
    "Very Rare Document Tokens Attending Rare Semantic Match Query Tokens": 0.2519026249727835,
    "Very Rare Document Tokens Attending Semantic Match Query Tokens": 0.2510920929268115,
    "Document Tokens Attending Very Rare Semantic Match Query Tokens": 0.2494908152944385,
    "Rare Document Tokens Attending Very Rare Semantic Match Query Tokens": 0.2484196612551985,
    "Very Rare Document Tokens Attending Very Rare Lexical Match Tokens": 0.24646300339284302,
    "Very Rare Document Tokens Attending Rare Lexical Match Tokens": 0.24646300339284302,
    "Very Rare Document Tokens Attending Lexical Match Tokens": 0.24646300339284302,
    "Rare Document Tokens Attending Very Rare Lexical Match Tokens": 0.24646300339284302,
    "Document Tokens Attending Very Rare Lexical Match Tokens": 0.24646300339284302,
    "Rare Tokens Attending All Tokens": -0.24332486088336303,
    "Rare Document Tokens Attending Lexical Match Tokens": 0.24130457608594974,
    "Document Tokens Attending Rare Lexical Match Tokens": 0.24130457608594974,
    "Rare Document Tokens Attending Rare Lexical Match Tokens": 0.24130457608594974,
    "Very Rare Document Tokens Attending Very Rare Semantic Match Query Tokens": 0.2369286611698196,
    "All Tokens Attending Rare Lexical Match Document Tokens": 0.21494842577883944,
    "Rare Tokens Attending Lexical Match Document Tokens": 0.21494842577883944,
    "Rare Document Tokens Attending Lexical Match Document Tokens": 0.21494842577883944,
    "Rare Tokens Attending Rare Lexical Match Document Tokens": 0.21494842577883944,
    "Rare Document Tokens Attending Rare Lexical Match Document Tokens": 0.21494842577883944,