{
    "Document Tokens Attending Rare Document Tokens": 0.5551391324786021,
    "All Tokens Attending Rare Document Tokens": 0.5551391324786021,
    "All Tokens Attending Very Rare Document Tokens": 0.55503596052613,
    "Document Tokens Attending Very Rare Document Tokens": 0.55503596052613,
    "Rare Tokens Attending Rare Document Tokens": 0.5175414252447567,
    "Rare Document Tokens Attending Rare Document Tokens": 0.5175414252447567,
    "Rare Document Tokens Attending Very Rare Document Tokens": 0.5141117819154328,
    "Rare Tokens Attending Very Rare Document Tokens": 0.5141117819154328,
    "Document Tokens Attending Rare Tokens": 0.5049831309951918,
    "Document Tokens Attending Very Rare Tokens": 0.5009245489006391,
    "Very Rare Tokens Attending Rare Document Tokens": 0.4974218825013825,
    "Very Rare Document Tokens Attending Rare Document Tokens": 0.4974218825013825,
    "All Tokens Attending Rare Tokens": 0.4873169162438689,
    "All Tokens Attending Very Rare Tokens": 0.48075326240076866,
    "Rare Document Tokens Attending Rare Tokens": 0.47360796716237724,
    "Rare Document Tokens Attending Very Rare Tokens": 0.47203616958137234,
    "Very Rare Document Tokens Attending Very Rare Document Tokens": 0.46943643626655895,
    "Very Rare Tokens Attending Very Rare Document Tokens": 0.46943643626655895,
    "Very Rare Document Tokens Attending Rare Tokens": 0.46059423260917104,
    "Very Rare Document Tokens Attending Very Rare Tokens": 0.45512556481999616,
    "Rare Tokens Attending Rare Tokens": 0.44683669702447343,
    "Rare Tokens Attending Very Rare Tokens": 0.4410353213431531,
    "Very Rare Tokens Attending Rare Tokens": 0.4307753318428298,
    "Very Rare Tokens Attending Very Rare Tokens": 0.41552786117399576,
    "Very Rare Document Tokens Attending Semantic Match Tokens": 0.35843268105643583,
    "Very Rare Document Tokens Attending Rare Semantic Match Tokens": 0.35591821010656505,
    "Rare Document Tokens Attending Semantic Match Tokens": 0.355169722218509,
    "Document Tokens Attending Rare Semantic Match Tokens": 0.3534708317999131,
    "Document Tokens Attending Very Rare Semantic Match Tokens": 0.3532433915794707,
    "Rare Document Tokens Attending Very Rare Semantic Match Tokens": 0.3525562948533084,
    "Document Tokens Attending Semantic Match Tokens": 0.3512450757378821,
    "Rare Document Tokens Attending Rare Semantic Match Tokens": 0.35004922137720496,
    "Very Rare Document Tokens Attending Semantic Match Document Tokens": 0.3356194877693265,
    "Very Rare Tokens Attending Semantic Match Document Tokens": 0.3356194877693265,
    "Rare Document Tokens Attending Semantic Match Document Tokens": 0.33361292602853976,
    "Rare Tokens Attending Semantic Match Document Tokens": 0.33361292602853976,
    "Very Rare Document Tokens Attending Rare Semantic Match Document Tokens": 0.3330387550489503,
    "Very Rare Tokens Attending Rare Semantic Match Document Tokens": 0.3330387550489503,
    "Very Rare Document Tokens Attending Very Rare Semantic Match Tokens": 0.33196757028952145,
    "Document Tokens Attending Rare Semantic Match Document Tokens": 0.3315860744495197,
    "All Tokens Attending Rare Semantic Match Document Tokens": 0.3315860744495197,
    "All Tokens Attending Semantic Match Document Tokens": 0.3310152633214313,
    "Document Tokens Attending Semantic Match Document Tokens": 0.3310152633214313,
    "Document Tokens Attending Very Rare Semantic Match Document Tokens": 0.3302975733206263,
    "All Tokens Attending Very Rare Semantic Match Document Tokens": 0.3302975733206263,
    "Rare Tokens Attending Very Rare Semantic Match Document Tokens": 0.3299760646329769,
    "Rare Document Tokens Attending Very Rare Semantic Match Document Tokens": 0.3299760646329769,
    "Rare Tokens Attending Rare Semantic Match Document Tokens": 0.32841489083672903,
    "Rare Document Tokens Attending Rare Semantic Match Document Tokens": 0.32841489083672903,
    "Very Rare Tokens Attending All Tokens": -0.32186396791427807,
    "Rare Tokens Attending Semantic Match Tokens": 0.3130981802939574,
    "Very Rare Tokens Attending Semantic Match Tokens": 0.3125708943064607,
    "All Tokens Attending Rare Semantic Match Tokens": 0.31151591659848676,
    "Very Rare Tokens Attending Very Rare Semantic Match Document Tokens": 0.31146626392877197,
    "Very Rare Document Tokens Attending Very Rare Semantic Match Document Tokens": 0.31146626392877197,
    "All Tokens Attending Semantic Match Tokens": 0.3108397827741688,
    "Very Rare Tokens Attending Rare Semantic Match Tokens": 0.31002489613498685,
    "Rare Tokens Attending Rare Semantic Match Tokens": 0.3083063734274858,
    "All Tokens Attending Very Rare Semantic Match Tokens": 0.30800752313168267,
    "Rare Tokens Attending Very Rare Semantic Match Tokens": 0.3072803741110458,
    "Very Rare Tokens Attending Very Rare Semantic Match Tokens": 0.28759859171241386,
    "Very Rare Document Tokens Attending Very Rare Lexical Match Tokens": 0.28084843242331303,
    "Very Rare Document Tokens Attending Rare Lexical Match Tokens": 0.28084843242331303,
    "Very Rare Document Tokens Attending Lexical Match Tokens": 0.28084843242331303,
    "Rare Document Tokens Attending Very Rare Lexical Match Tokens": 0.28084843242331303,
    "Document Tokens Attending Very Rare Lexical Match Tokens": 0.28084843242331303,
    "Rare Document Tokens Attending Lexical Match Tokens": 0.2742588407679371,
    "Document Tokens Attending Rare Lexical Match Tokens": 0.2742588407679371,
    "Rare Document Tokens Attending Rare Lexical Match Tokens": 0.2742588407679371,
    "Rare Tokens Attending Very Rare Lexical Match Document Tokens": 0.25640422965787807,
    "Very Rare Document Tokens Attending Rare Lexical Match Document Tokens": 0.25640422965787807,
    "Very Rare Tokens Attending Rare Lexical Match Document Tokens": 0.25640422965787807,
    "Document Tokens Attending Very Rare Lexical Match Document Tokens": 0.25640422965787807,
    "Very Rare Tokens Attending Lexical Match Document Tokens": 0.25640422965787807,
    "All Tokens Attending Very Rare Lexical Match Document Tokens": 0.25640422965787807,
    "Very Rare Document Tokens Attending Lexical Match Document Tokens": 0.25640422965787807,
    "Rare Document Tokens Attending Very Rare Lexical Match Document Tokens": 0.25640422965787807,
    "Very Rare Tokens Attending Very Rare Lexical Match Document Tokens": 0.25640422965787807,
    "Very Rare Document Tokens Attending Very Rare Lexical Match Document Tokens": 0.25640422965787807,
    "All Tokens Attending Rare Lexical Match Document Tokens": 0.25469612991781365,
    "Rare Tokens Attending Lexical Match Document Tokens": 0.25469612991781365,
    "Rare Document Tokens Attending Lexical Match Document Tokens": 0.25469612991781365,
    "Rare Tokens Attending Rare Lexical Match Document Tokens": 0.25469612991781365,
    "Rare Document Tokens Attending Rare Lexical Match Document Tokens": 0.25469612991781365,
    "Document Tokens Attending Rare Lexical Match Document Tokens": 0.25469612991781365,
    "All Tokens Attending Very Rare Lexical Match Tokens": 0.23504547840564446,
    "Very Rare Tokens Attending Very Rare Lexical Match Tokens": 0.23504547840564446,
    "Very Rare Tokens Attending Rare Lexical Match Tokens": 0.23504547840564446,
    "Very Rare Tokens Attending Lexical Match Tokens": 0.23504547840564446,
    "Rare Tokens Attending Very Rare Lexical Match Tokens": 0.23504547840564446,
    "Rare Tokens Attending Rare Lexical Match Tokens": 0.23448910017736566,
    "All Tokens Attending Rare Lexical Match Tokens": 0.23448910017736566,
    "Rare Tokens Attending Lexical Match Tokens": 0.23448910017736566,
    "Rare Tokens Attending All Tokens": -0.22093030337567338,
    "Document Tokens Attending Lexical Match Tokens": 0.2131351095526683,
    "Document Tokens Attending Lexical Match Document Tokens": 0.2070654500569171,