{
    "Rare Document Tokens Attending Very Rare Document Tokens": 0.6725806451612905,
    "Rare Tokens Attending Very Rare Document Tokens": 0.6725806451612905,
    "Very Rare Document Tokens Attending Very Rare Document Tokens": 0.6701612903225808,
    "Very Rare Tokens Attending Very Rare Document Tokens": 0.6701612903225808,
    "All Tokens Attending Very Rare Document Tokens": 0.6600806451612903,
    "Document Tokens Attending Very Rare Document Tokens": 0.6600806451612903,
    "Rare Tokens Attending Rare Document Tokens": 0.6516129032258065,
    "Rare Document Tokens Attending Rare Document Tokens": 0.6516129032258065,
    "Very Rare Tokens Attending Rare Document Tokens": 0.6467741935483872,
    "Very Rare Document Tokens Attending Rare Document Tokens": 0.6467741935483872,
    "Document Tokens Attending Rare Document Tokens": 0.6169354838709679,
    "All Tokens Attending Rare Document Tokens": 0.6169354838709679,
    "Very Rare Document Tokens Attending Very Rare Tokens": 0.6157258064516129,
    "Document Tokens Attending Very Rare Tokens": 0.6064516129032259,
    "Very Rare Document Tokens Attending Rare Semantic Match Tokens": 0.5826612903225807,
    "Very Rare Document Tokens Attending Semantic Match Tokens": 0.5826612903225807,
    "Very Rare Tokens Attending Very Rare Tokens": 0.5770161290322582,
    "Rare Document Tokens Attending Very Rare Tokens": 0.5689516129032259,
    "All Tokens Attending Very Rare Tokens": 0.5653225806451614,
    "Rare Document Tokens Attending Rare Tokens": 0.5633064516129033,
    "Document Tokens Attending Rare Tokens": 0.5620967741935485,
    "Rare Document Tokens Attending Very Rare Semantic Match Tokens": 0.5572580645161291,
    "Document Tokens Attending Semantic Match Tokens": 0.5504032258064516,
    "Rare Document Tokens Attending Semantic Match Tokens": 0.5471774193548388,
    "Document Tokens Attending Very Rare Semantic Match Tokens": 0.5459677419354839,
    "Very Rare Document Tokens Attending Rare Tokens": 0.5443548387096775,
    "Rare Document Tokens Attending Rare Semantic Match Tokens": 0.5387096774193548,
    "Document Tokens Attending Rare Semantic Match Tokens": 0.5387096774193548,
    "Very Rare Tokens Attending Rare Tokens": 0.5310483870967743,
    "Rare Tokens Attending Rare Tokens": 0.5282258064516129,
    "Very Rare Document Tokens Attending Semantic Match Document Tokens": 0.5237903225806452,
    "Very Rare Tokens Attending Semantic Match Document Tokens": 0.5237903225806452,
    "Very Rare Document Tokens Attending Very Rare Semantic Match Tokens": 0.5233870967741936,
    "All Tokens Attending Rare Tokens": 0.5217741935483872,
    "Very Rare Document Tokens Attending Rare Semantic Match Document Tokens": 0.5205645161290323,
    "Very Rare Tokens Attending Rare Semantic Match Document Tokens": 0.5205645161290323,
    "Rare Tokens Attending Very Rare Tokens": 0.5193548387096775,
    "Rare Tokens Attending Very Rare Semantic Match Document Tokens": 0.5185483870967742,
    "Rare Document Tokens Attending Very Rare Semantic Match Document Tokens": 0.5185483870967742,
    "Rare Document Tokens Attending Semantic Match Document Tokens": 0.5040322580645162,
    "Rare Tokens Attending Semantic Match Document Tokens": 0.5040322580645162,
    "Document Tokens Attending Very Rare Semantic Match Document Tokens": 0.5036290322580645,
    "All Tokens Attending Very Rare Semantic Match Document Tokens": 0.5036290322580645,
    "Rare Tokens Attending Rare Semantic Match Document Tokens": 0.4947580645161291,
    "Rare Document Tokens Attending Rare Semantic Match Document Tokens": 0.4947580645161291,
    "All Tokens Attending Very Rare Semantic Match Tokens": 0.49233870967741944,
    "Document Tokens Attending Rare Semantic Match Document Tokens": 0.4879032258064517,
    "All Tokens Attending Rare Semantic Match Document Tokens": 0.4879032258064517,
    "All Tokens Attending Semantic Match Tokens": 0.4838709677419355,
    "All Tokens Attending Rare Semantic Match Tokens": 0.48064516129032264,
    "All Tokens Attending Semantic Match Document Tokens": 0.47983870967741943,
    "Document Tokens Attending Semantic Match Document Tokens": 0.47983870967741943,
    "Very Rare Tokens Attending Rare Semantic Match Tokens": 0.4741935483870969,
    "Very Rare Tokens Attending Semantic Match Tokens": 0.47338709677419355,
    "Rare Tokens Attending Very Rare Semantic Match Tokens": 0.4705645161290323,
    "Rare Tokens Attending Semantic Match Tokens": 0.4685483870967742,
    "Very Rare Tokens Attending Very Rare Semantic Match Document Tokens": 0.467741935483871,
    "Very Rare Document Tokens Attending Very Rare Semantic Match Document Tokens": 0.467741935483871,
    "Rare Tokens Attending Rare Semantic Match Tokens": 0.4620967741935485,
    "Very Rare Tokens Attending Very Rare Semantic Match Tokens": 0.4254032258064516,
    "Rare Document Tokens Attending Lexical Match Tokens": 0.41370967741935494,
    "Document Tokens Attending Rare Lexical Match Tokens": 0.41370967741935494,
    "Rare Document Tokens Attending Rare Lexical Match Tokens": 0.41370967741935494,
    "Very Rare Document Tokens Attending Very Rare Lexical Match Tokens": 0.39032258064516134,
    "Very Rare Document Tokens Attending Rare Lexical Match Tokens": 0.39032258064516134,
    "Very Rare Document Tokens Attending Lexical Match Tokens": 0.39032258064516134,
    "Rare Document Tokens Attending Very Rare Lexical Match Tokens": 0.39032258064516134,
    "Document Tokens Attending Very Rare Lexical Match Tokens": 0.39032258064516134,
    "All Tokens Attending Rare Lexical Match Document Tokens": 0.38225806451612904,
    "Rare Tokens Attending Lexical Match Document Tokens": 0.38225806451612904,
    "Rare Document Tokens Attending Lexical Match Document Tokens": 0.38225806451612904,
    "Rare Tokens Attending Rare Lexical Match Document Tokens": 0.38225806451612904,
    "Rare Document Tokens Attending Rare Lexical Match Document Tokens": 0.38225806451612904,
    "Document Tokens Attending Rare Lexical Match Document Tokens": 0.38225806451612904,
    "Rare Tokens Attending Very Rare Lexical Match Document Tokens": 0.3451612903225807,
    "Very Rare Document Tokens Attending Rare Lexical Match Document Tokens": 0.3451612903225807,
    "Very Rare Tokens Attending Rare Lexical Match Document Tokens": 0.3451612903225807,
    "Document Tokens Attending Very Rare Lexical Match Document Tokens": 0.3451612903225807,
    "Very Rare Tokens Attending Lexical Match Document Tokens": 0.3451612903225807,
    "All Tokens Attending Very Rare Lexical Match Document Tokens": 0.3451612903225807,
    "Very Rare Document Tokens Attending Lexical Match Document Tokens": 0.3451612903225807,
    "Rare Document Tokens Attending Very Rare Lexical Match Document Tokens": 0.3451612903225807,
    "Very Rare Tokens Attending Very Rare Lexical Match Document Tokens": 0.3451612903225807,
    "Very Rare Document Tokens Attending Very Rare Lexical Match Document Tokens": 0.3451612903225807,
    "Document Tokens Attending Rare Query Tokens": 0.3366935483870968,
    "Document Tokens Attending Lexical Match Tokens": 0.3358870967741936,
    "Rare Tokens Attending Rare Lexical Match Tokens": 0.3350806451612904,
    "All Tokens Attending Rare Lexical Match Tokens": 0.3350806451612904,
    "Rare Tokens Attending Lexical Match Tokens": 0.3350806451612904,
    "Document Tokens Attending Lexical Match Document Tokens": 0.3290322580645162,
    "All Tokens Attending Lexical Match Document Tokens": 0.3290322580645162,
    "Document Tokens Attending Very Rare Query Tokens": 0.3120967741935484,
    "Very Rare Tokens Attending Very Rare Query Tokens": 0.30201612903225805,
    "All Tokens Attending Rare Query Tokens": 0.3008064516129033,
    "Rare Tokens Attending Very Rare Query Tokens": 0.29516129032258065,
    "All Tokens Attending Very Rare Lexical Match Tokens": 0.2866935483870968,
    "Very Rare Tokens Attending Very Rare Lexical Match Tokens": 0.2866935483870968,