{
    "Very Rare Tokens Attending Rare Document Tokens": 0.5504032258064516,
    "Very Rare Document Tokens Attending Rare Document Tokens": 0.5504032258064516,
    "Document Tokens Attending Rare Document Tokens": 0.5483870967741937,
    "All Tokens Attending Rare Document Tokens": 0.5483870967741937,
    "Very Rare Document Tokens Attending Very Rare Tokens": 0.5451612903225806,
    "Rare Tokens Attending Rare Document Tokens": 0.5435483870967742,
    "Rare Document Tokens Attending Rare Document Tokens": 0.5435483870967742,
    "Document Tokens Attending Rare Tokens": 0.5415322580645162,
    "Rare Document Tokens Attending Very Rare Document Tokens": 0.5395161290322582,
    "Rare Tokens Attending Very Rare Document Tokens": 0.5395161290322582,
    "All Tokens Attending Very Rare Document Tokens": 0.5318548387096774,
    "Document Tokens Attending Very Rare Document Tokens": 0.5318548387096774,
    "Very Rare Document Tokens Attending Very Rare Document Tokens": 0.5298387096774194,
    "Very Rare Tokens Attending Very Rare Document Tokens": 0.5298387096774194,
    "Very Rare Document Tokens Attending Rare Tokens": 0.5145161290322581,
    "Rare Document Tokens Attending Rare Tokens": 0.5133064516129032,
    "Document Tokens Attending Very Rare Tokens": 0.5108870967741936,
    "All Tokens Attending Rare Tokens": 0.5056451612903227,
    "Very Rare Tokens Attending Rare Tokens": 0.5012096774193548,
    "Document Tokens Attending Rare Query Tokens": 0.49879032258064526,
    "Rare Document Tokens Attending Rare Query Tokens": 0.4983870967741937,
    "Rare Document Tokens Attending Very Rare Query Tokens": 0.49233870967741944,
    "Rare Tokens Attending Rare Tokens": 0.48427419354838713,
    "Very Rare Document Tokens Attending Rare Semantic Match Query Tokens": 0.4838709677419355,
    "Very Rare Document Tokens Attending Semantic Match Query Tokens": 0.4838709677419355,
    "Rare Document Tokens Attending Very Rare Tokens": 0.4838709677419355,
    "Document Tokens Attending Very Rare Semantic Match Query Tokens": 0.48266129032258065,
    "Rare Document Tokens Attending Very Rare Semantic Match Query Tokens": 0.48266129032258065,
    "Very Rare Document Tokens Attending Rare Query Tokens": 0.480241935483871,
    "Very Rare Tokens Attending Very Rare Tokens": 0.4794354838709678,
    "Document Tokens Attending Semantic Match Query Tokens": 0.47701612903225804,
    "Very Rare Document Tokens Attending Very Rare Query Tokens": 0.4758064516129033,
    "All Tokens Attending Very Rare Tokens": 0.4758064516129033,
    "Very Rare Document Tokens Attending Very Rare Semantic Match Query Tokens": 0.4754032258064516,
    "Rare Document Tokens Attending Semantic Match Query Tokens": 0.4741935483870969,
    "Document Tokens Attending Rare Semantic Match Query Tokens": 0.472983870967742,
    "Rare Document Tokens Attending Rare Semantic Match Query Tokens": 0.472983870967742,
    "Rare Tokens Attending Very Rare Query Tokens": 0.4665322580645162,
    "Document Tokens Attending Very Rare Lexical Match Query Tokens": 0.4641129032258065,
    "Rare Document Tokens Attending Very Rare Lexical Match Query Tokens": 0.4641129032258065,
    "Very Rare Document Tokens Attending Lexical Match Query Tokens": 0.4641129032258065,
    "Very Rare Document Tokens Attending Very Rare Lexical Match Query Tokens": 0.4641129032258065,
    "Very Rare Document Tokens Attending Rare Lexical Match Query Tokens": 0.4641129032258065,
    "Rare Document Tokens Attending Lexical Match Query Tokens": 0.46048387096774196,
    "Rare Document Tokens Attending Rare Lexical Match Query Tokens": 0.46048387096774196,
    "Document Tokens Attending Rare Lexical Match Query Tokens": 0.46048387096774196,
    "Very Rare Tokens Attending Rare Query Tokens": 0.4540322580645162,
    "Rare Tokens Attending Rare Query Tokens": 0.45282258064516134,
    "All Tokens Attending Rare Query Tokens": 0.4508064516129033,
    "Rare Tokens Attending Very Rare Tokens": 0.4487903225806453,
    "Very Rare Document Tokens Attending Document Tokens": -0.4395161290322581,
    "Very Rare Tokens Attending Document Tokens": -0.4395161290322581,
    "Rare Tokens Attending Document Tokens": -0.4370967741935484,
    "Rare Document Tokens Attending Document Tokens": -0.4370967741935484,
    "Very Rare Tokens Attending Very Rare Query Tokens": 0.43306451612903224,
    "All Tokens Attending Document Tokens": -0.43064516129032265,
    "All Tokens Attending Query Tokens": 0.43064516129032265,
    "Document Tokens Attending Document Tokens": -0.43064516129032265,
    "Document Tokens Attending Very Rare Query Tokens": 0.4205645161290323,
    "Rare Tokens Attending Query Tokens": 0.41895161290322586,
    "Document Tokens Attending Query Tokens": 0.41532258064516137,
    "Rare Document Tokens Attending Query Tokens": 0.4125000000000001,
    "Very Rare Document Tokens Attending Query Tokens": 0.4060483870967742,
    "Very Rare Tokens Attending Query Tokens": 0.4056451612903226,
    "Document Tokens Attending Lexical Match Query Tokens": 0.4028225806451613,
    "All Tokens Attending Very Rare Query Tokens": 0.3491935483870968,
    "Very Rare Document Tokens Attending Rare Semantic Match Tokens": 0.330241935483871,
    "Very Rare Document Tokens Attending Semantic Match Tokens": 0.330241935483871,
    "Document Tokens Attending Semantic Match Tokens": 0.30120967741935484,
    "Rare Document Tokens Attending Very Rare Semantic Match Tokens": 0.2991935483870968,
    "Rare Document Tokens Attending Semantic Match Tokens": 0.297983870967742,
    "All Tokens Attending Semantic Match Query Tokens": 0.297983870967742,
    "Rare Tokens Attending Semantic Match Query Tokens": 0.2931451612903226,
    "Rare Document Tokens Attending Rare Semantic Match Tokens": 0.2911290322580646,
    "Document Tokens Attending Rare Semantic Match Tokens": 0.2911290322580646,
    "Document Tokens Attending Very Rare Semantic Match Tokens": 0.28709677419354845,
    "Rare Tokens Attending Rare Semantic Match Query Tokens": 0.28588709677419355,
    "All Tokens Attending Rare Semantic Match Query Tokens": 0.2838709677419355,
    "Rare Query Tokens Attending Query Tokens": 0.28024193548387105,
    "Rare Query Tokens Attending All Tokens": 0.28024193548387105,
    "All Tokens Attending Very Rare Semantic Match Query Tokens": 0.27862903225806457,
    "Very Rare Tokens Attending Rare Semantic Match Query Tokens": 0.2754032258064516,
    "Very Rare Tokens Attending Semantic Match Query Tokens": 0.27419354838709686,
    "Rare Tokens Attending Very Rare Semantic Match Query Tokens": 0.2733870967741936,
    "Query Tokens Attending All Tokens": 0.2548387096774194,
    "Document Tokens Attending All Tokens": -0.2548387096774194,
    "Query Tokens Attending Rare Query Tokens": 0.2548387096774194,
    "Query Tokens Attending Rare Tokens": 0.2548387096774194,
    "Query Tokens Attending Query Tokens": 0.2548387096774194,
    "Very Rare Document Tokens Attending Semantic Match Document Tokens": 0.2495967741935484,
    "Very Rare Tokens Attending Semantic Match Document Tokens": 0.2495967741935484,
    "Very Rare Document Tokens Attending Very Rare Semantic Match Tokens": 0.24798387096774194,
    "Very Rare Document Tokens Attending Rare Semantic Match Document Tokens": 0.2463709677419355,
    "Very Rare Tokens Attending Rare Semantic Match Document Tokens": 0.2463709677419355,
    "Rare Tokens Attending Very Rare Semantic Match Document Tokens": 0.24274193548387096,
    "Rare Document Tokens Attending Very Rare Semantic Match Document Tokens": 0.24274193548387096,
    "Rare Document Tokens Attending Semantic Match Document Tokens": 0.23750000000000004,
    "Rare Tokens Attending Semantic Match Document Tokens": 0.23750000000000004,
    "All Tokens Attending Very Rare Semantic Match Tokens": 0.23508064516129035,
    "All Tokens Attending Rare Semantic Match Tokens": 0.23024193548387098,
    "Rare Tokens Attending Semantic Match Tokens": 0.22903225806451613,