{
    "All Tokens Attending Very Rare Document Tokens": 0.5285923753665689,
    "Document Tokens Attending Very Rare Document Tokens": 0.5285923753665689,
    "Very Rare Document Tokens Attending Very Rare Document Tokens": 0.5227272727272727,
    "Very Rare Tokens Attending Very Rare Document Tokens": 0.5227272727272727,
    "Rare Document Tokens Attending Very Rare Document Tokens": 0.5216275659824047,
    "Rare Tokens Attending Very Rare Document Tokens": 0.5216275659824047,
    "Very Rare Tokens Attending Rare Document Tokens": 0.5157624633431084,
    "Very Rare Document Tokens Attending Rare Document Tokens": 0.5157624633431084,
    "Rare Document Tokens Attending Very Rare Tokens": 0.5098973607038122,
    "Rare Tokens Attending Rare Document Tokens": 0.5029325513196481,
    "Rare Document Tokens Attending Rare Document Tokens": 0.5029325513196481,
    "Very Rare Document Tokens Attending Very Rare Tokens": 0.50183284457478,
    "Document Tokens Attending Rare Document Tokens": 0.4937683284457478,
    "All Tokens Attending Rare Document Tokens": 0.4937683284457478,
    "Very Rare Tokens Attending Very Rare Tokens": 0.49266862170087966,
    "Very Rare Document Tokens Attending Rare Tokens": 0.4765395894428152,
    "Rare Tokens Attending Very Rare Tokens": 0.4758064516129032,
    "Document Tokens Attending Very Rare Tokens": 0.469208211143695,
    "Rare Document Tokens Attending Rare Tokens": 0.46847507331378296,
    "Very Rare Tokens Attending Rare Tokens": 0.4596774193548387,
    "All Tokens Attending Very Rare Tokens": 0.45784457478005863,
    "Rare Tokens Attending Rare Tokens": 0.4494134897360703,
    "Document Tokens Attending Rare Tokens": 0.438782991202346,
    "Very Rare Document Tokens Attending Semantic Match Tokens": 0.43841642228739,
    "All Tokens Attending Rare Tokens": 0.4296187683284457,
    "Very Rare Document Tokens Attending Rare Semantic Match Tokens": 0.42815249266862165,
    "Document Tokens Attending Very Rare Semantic Match Tokens": 0.4208211143695014,
    "Rare Document Tokens Attending Very Rare Semantic Match Tokens": 0.4208211143695014,
    "Document Tokens Attending Rare Semantic Match Tokens": 0.4039589442815249,
    "Very Rare Document Tokens Attending Semantic Match Document Tokens": 0.4035923753665689,
    "Very Rare Tokens Attending Semantic Match Document Tokens": 0.4035923753665689,
    "Rare Document Tokens Attending Semantic Match Tokens": 0.4032258064516129,
    "Rare Document Tokens Attending Semantic Match Document Tokens": 0.3995601173020528,
    "Rare Tokens Attending Semantic Match Document Tokens": 0.3995601173020528,
    "Very Rare Document Tokens Attending Rare Semantic Match Document Tokens": 0.3969941348973607,
    "Very Rare Tokens Attending Rare Semantic Match Document Tokens": 0.3969941348973607,
    "Document Tokens Attending Rare Semantic Match Document Tokens": 0.3929618768328445,
    "All Tokens Attending Rare Semantic Match Document Tokens": 0.3929618768328445,
    "Rare Tokens Attending Rare Semantic Match Document Tokens": 0.3925953079178885,
    "Rare Document Tokens Attending Rare Semantic Match Document Tokens": 0.3925953079178885,
    "Rare Document Tokens Attending Rare Semantic Match Tokens": 0.3900293255131964,
    "All Tokens Attending Semantic Match Document Tokens": 0.3852639296187682,
    "Document Tokens Attending Semantic Match Document Tokens": 0.3852639296187682,
    "Document Tokens Attending Very Rare Semantic Match Document Tokens": 0.38159824046920815,
    "All Tokens Attending Very Rare Semantic Match Document Tokens": 0.38159824046920815,
    "Document Tokens Attending Semantic Match Tokens": 0.3808651026392961,
    "Rare Tokens Attending Very Rare Semantic Match Document Tokens": 0.3728005865102639,
    "Rare Document Tokens Attending Very Rare Semantic Match Document Tokens": 0.3728005865102639,
    "Very Rare Tokens Attending Very Rare Semantic Match Document Tokens": 0.3658357771260997,
    "Very Rare Document Tokens Attending Very Rare Semantic Match Document Tokens": 0.3658357771260997,
    "Very Rare Document Tokens Attending Very Rare Semantic Match Tokens": 0.3544721407624633,
    "Very Rare Tokens Attending Rare Semantic Match Tokens": 0.35337243401759527,
    "Very Rare Tokens Attending Semantic Match Tokens": 0.35337243401759527,
    "All Tokens Attending Semantic Match Tokens": 0.35153958944281516,
    "Rare Tokens Attending Semantic Match Tokens": 0.3416422287390029,
    "All Tokens Attending Rare Semantic Match Tokens": 0.3390762463343108,
    "Rare Tokens Attending Rare Semantic Match Tokens": 0.3350439882697947,
    "All Tokens Attending Very Rare Semantic Match Tokens": 0.3192815249266862,
    "Very Rare Document Tokens Attending Very Rare Lexical Match Tokens": 0.31561583577712604,
    "Very Rare Document Tokens Attending Rare Lexical Match Tokens": 0.31561583577712604,
    "Very Rare Document Tokens Attending Lexical Match Tokens": 0.31561583577712604,
    "Rare Document Tokens Attending Very Rare Lexical Match Tokens": 0.31561583577712604,
    "Document Tokens Attending Very Rare Lexical Match Tokens": 0.31561583577712604,
    "Rare Tokens Attending Very Rare Semantic Match Tokens": 0.314882697947214,
    "Very Rare Tokens Attending Very Rare Semantic Match Tokens": 0.30901759530791784,
    "All Tokens Attending Rare Lexical Match Document Tokens": 0.29068914956011727,
    "Rare Tokens Attending Lexical Match Document Tokens": 0.29068914956011727,
    "Rare Document Tokens Attending Lexical Match Document Tokens": 0.29068914956011727,
    "Rare Tokens Attending Rare Lexical Match Document Tokens": 0.29068914956011727,
    "Rare Document Tokens Attending Rare Lexical Match Document Tokens": 0.29068914956011727,
    "Document Tokens Attending Rare Lexical Match Document Tokens": 0.29068914956011727,
    "Very Rare Tokens Attending Query Tokens": 0.28958944281524923,
    "Rare Document Tokens Attending Lexical Match Tokens": 0.2881231671554252,
    "Document Tokens Attending Rare Lexical Match Tokens": 0.2881231671554252,
    "Rare Document Tokens Attending Rare Lexical Match Tokens": 0.2881231671554252,
    "Document Tokens Attending Query Tokens": 0.2807917888563049,
    "All Tokens Attending Document Tokens": -0.28042521994134895,
    "Rare Tokens Attending Document Tokens": -0.28042521994134895,
    "Rare Document Tokens Attending Document Tokens": -0.28042521994134895,
    "All Tokens Attending Query Tokens": 0.28042521994134895,
    "Document Tokens Attending Document Tokens": -0.28042521994134895,
    "Rare Tokens Attending Query Tokens": 0.28005865102639294,
    "Rare Tokens Attending Very Rare Lexical Match Document Tokens": 0.26832844574780057,
    "Very Rare Document Tokens Attending Rare Lexical Match Document Tokens": 0.26832844574780057,
    "Very Rare Tokens Attending Rare Lexical Match Document Tokens": 0.26832844574780057,
    "Document Tokens Attending Very Rare Lexical Match Document Tokens": 0.26832844574780057,
    "Rare Document Tokens Attending Query Tokens": 0.26832844574780057,
    "Very Rare Tokens Attending Lexical Match Document Tokens": 0.26832844574780057,
    "All Tokens Attending Very Rare Lexical Match Document Tokens": 0.26832844574780057,
    "Very Rare Document Tokens Attending Lexical Match Document Tokens": 0.26832844574780057,
    "Rare Document Tokens Attending Very Rare Lexical Match Document Tokens": 0.26832844574780057,
    "Very Rare Tokens Attending Very Rare Lexical Match Document Tokens": 0.26832844574780057,
    "Very Rare Document Tokens Attending Very Rare Lexical Match Document Tokens": 0.26832844574780057,
    "Very Rare Tokens Attending Rare Query Tokens": 0.26722873900293254,
    "Very Rare Document Tokens Attending Query Tokens": 0.2661290322580645,
    "Rare Tokens Attending Rare Query Tokens": 0.2624633431085044,
    "Rare Tokens Attending Very Rare Query Tokens": 0.2591642228739003,
    "Rare Tokens Attending Rare Lexical Match Tokens": 0.2587976539589443,