{
    "All Tokens Attending Very Rare Document Tokens": 0.2893936872063046,
    "Document Tokens Attending Very Rare Document Tokens": 0.2893936872063046,
    "Document Tokens Attending Rare Document Tokens": 0.2833725995331355,
    "All Tokens Attending Rare Document Tokens": 0.2833725995331355,
    "Rare Document Tokens Attending Very Rare Document Tokens": 0.25957970263391883,
    "Rare Tokens Attending Very Rare Document Tokens": 0.25957970263391883,
    "Very Rare Tokens Attending All Tokens": -0.2551955791275976,
    "Rare Tokens Attending Rare Document Tokens": 0.25010787737160434,
    "Rare Document Tokens Attending Rare Document Tokens": 0.25010787737160434,
    "Very Rare Document Tokens Attending Very Rare Document Tokens": 0.24745786486175536,
    "Very Rare Tokens Attending Very Rare Document Tokens": 0.24745786486175536,
    "Very Rare Tokens Attending Rare Document Tokens": 0.23985428548130086,
    "Very Rare Document Tokens Attending Rare Document Tokens": 0.23985428548130086,
    "Document Tokens Attending Very Rare Semantic Match Tokens": 0.22857196970016627,
    "Very Rare Document Tokens Attending Semantic Match Tokens": 0.22832117539712646,
    "Very Rare Document Tokens Attending Rare Semantic Match Tokens": 0.2274335391645333,
    "Rare Document Tokens Attending Very Rare Semantic Match Tokens": 0.22734030356786936,
    "Document Tokens Attending Very Rare Semantic Match Document Tokens": 0.22569695740332474,
    "All Tokens Attending Very Rare Semantic Match Document Tokens": 0.22569695740332474,
    "Very Rare Document Tokens Attending Semantic Match Document Tokens": 0.22542581175498427,
    "Very Rare Tokens Attending Semantic Match Document Tokens": 0.22542581175498427,
    "Document Tokens Attending Rare Tokens": 0.22529736207096776,
    "Rare Tokens Attending Very Rare Semantic Match Document Tokens": 0.22467110179555771,
    "Rare Document Tokens Attending Very Rare Semantic Match Document Tokens": 0.22467110179555771,
    "Very Rare Document Tokens Attending Rare Semantic Match Document Tokens": 0.224403576148506,
    "Very Rare Tokens Attending Rare Semantic Match Document Tokens": 0.224403576148506,
    "Document Tokens Attending Very Rare Tokens": 0.22210064344060929,
    "Very Rare Document Tokens Attending Very Rare Semantic Match Tokens": 0.21796223999316883,
    "Document Tokens Attending Semantic Match Tokens": 0.2176194633012034,
    "Document Tokens Attending Rare Semantic Match Tokens": 0.21738133023150133,
    "Rare Document Tokens Attending Semantic Match Tokens": 0.21735065533272674,
    "Rare Document Tokens Attending Rare Semantic Match Tokens": 0.21547388562441439,
    "Very Rare Tokens Attending Very Rare Semantic Match Document Tokens": 0.2153934171971153,
    "Very Rare Document Tokens Attending Very Rare Semantic Match Document Tokens": 0.2153934171971153,
    "All Tokens Attending Semantic Match Document Tokens": 0.21510169104058124,
    "Document Tokens Attending Semantic Match Document Tokens": 0.21510169104058124,
    "Rare Document Tokens Attending Semantic Match Document Tokens": 0.21454742905058166,
    "Rare Tokens Attending Semantic Match Document Tokens": 0.21454742905058166,
    "Document Tokens Attending Rare Semantic Match Document Tokens": 0.2143724679475569,
    "All Tokens Attending Rare Semantic Match Document Tokens": 0.2143724679475569,
    "Very Rare Document Tokens Attending Very Rare Tokens": 0.21430293982193846,
    "Rare Tokens Attending Rare Semantic Match Document Tokens": 0.2124961834804595,
    "Rare Document Tokens Attending Rare Semantic Match Document Tokens": 0.2124961834804595,
    "All Tokens Attending Rare Tokens": 0.20887843213553592,
    "Document Tokens Attending Query Tokens": -0.20697949923363002,
    "Rare Tokens Attending All Tokens": -0.20503654670172194,
    "All Tokens Attending Very Rare Tokens": 0.20413142643021107,
    "Rare Document Tokens Attending Very Rare Tokens": 0.20348603145268834,
    "All Tokens Attending Document Tokens": 0.2027654502012433,
    "Document Tokens Attending Document Tokens": 0.2027654502012433,
    "All Tokens Attending Query Tokens": -0.20276465870785898,
    "Rare Document Tokens Attending Rare Tokens": 0.1996116370242776,
    "Very Rare Document Tokens Attending Rare Tokens": 0.1974980900443975,
    "Very Rare Document Tokens Attending Very Rare Lexical Match Tokens": 0.19165207897364284,
    "Very Rare Document Tokens Attending Rare Lexical Match Tokens": 0.19165207897364284,
    "Very Rare Document Tokens Attending Lexical Match Tokens": 0.19165207897364284,
    "Rare Document Tokens Attending Very Rare Lexical Match Tokens": 0.19165207897364284,
    "Document Tokens Attending Very Rare Lexical Match Tokens": 0.19165207897364284,
    "All Tokens Attending Very Rare Semantic Match Tokens": 0.18996153807594368,
    "Very Rare Tokens Attending Semantic Match Tokens": 0.189898732452491,
    "Very Rare Tokens Attending Rare Semantic Match Tokens": 0.18895931065201926,
    "Rare Tokens Attending Very Rare Semantic Match Tokens": 0.18883426151959182,
    "Rare Document Tokens Attending Query Tokens": -0.18725501741462547,
    "Rare Tokens Attending Query Tokens": -0.1864460699761304,
    "Very Rare Tokens Attending Query Tokens": -0.18496472036679262,
    "Rare Tokens Attending Very Rare Lexical Match Document Tokens": 0.18491853851859613,
    "Very Rare Document Tokens Attending Rare Lexical Match Document Tokens": 0.18491853851859613,
    "Very Rare Tokens Attending Rare Lexical Match Document Tokens": 0.18491853851859613,
    "Document Tokens Attending Very Rare Lexical Match Document Tokens": 0.18491853851859613,
    "Very Rare Tokens Attending Lexical Match Document Tokens": 0.18491853851859613,
    "All Tokens Attending Very Rare Lexical Match Document Tokens": 0.18491853851859613,
    "Very Rare Document Tokens Attending Lexical Match Document Tokens": 0.18491853851859613,
    "Rare Document Tokens Attending Very Rare Lexical Match Document Tokens": 0.18491853851859613,
    "Very Rare Tokens Attending Very Rare Lexical Match Document Tokens": 0.18491853851859613,
    "Very Rare Document Tokens Attending Very Rare Lexical Match Document Tokens": 0.18491853851859613,
    "Very Rare Query Tokens Attending All Tokens": -0.184316533245278,
    "Very Rare Query Tokens Attending Query Tokens": -0.184316533245278,
    "All Tokens Attending Semantic Match Tokens": 0.18323763911757693,
    "Very Rare Tokens Attending Very Rare Tokens": 0.18296789866332797,
    "Rare Document Tokens Attending Lexical Match Tokens": 0.1828197703899988,
    "Document Tokens Attending Rare Lexical Match Tokens": 0.1828197703899988,
    "Rare Document Tokens Attending Rare Lexical Match Tokens": 0.1828197703899988,
    "Document Tokens Attending Lexical Match Document Tokens": 0.1826711710740966,
    "All Tokens Attending Lexical Match Document Tokens": 0.1826711710740966,
    "Rare Tokens Attending Semantic Match Tokens": 0.18209723422600543,
    "All Tokens Attending Rare Semantic Match Tokens": 0.18207662511860292,
    "Rare Tokens Attending Rare Semantic Match Tokens": 0.1803603298512082,
    "Document Tokens Attending All Tokens": 0.18034270821132023,
    "Query Tokens Attending All Tokens": -0.18033409306305537,
    "Query Tokens Attending Query Tokens": -0.18033409306305537,
    "Very Rare Tokens Attending Very Rare Semantic Match Tokens": 0.18029245566869315,
    "Document Tokens Attending Lexical Match Tokens": 0.1799903733104324,
    "Very Rare Document Tokens Attending Query Tokens": -0.17936175049888203,
    "Rare Tokens Attending Very Rare Tokens": 0.17836035067688455,
    "All Tokens Attending Rare Lexical Match Document Tokens": 0.17797779368032607,
    "Rare Tokens Attending Lexical Match Document Tokens": 0.17797779368032607,
    "Rare Document Tokens Attending Lexical Match Document Tokens": 0.17797779368032607,