{
    "Document Tokens Attending Rare Document Tokens": 0.508386379355846,
    "All Tokens Attending Rare Document Tokens": 0.508386379355846,
    "Document Tokens Attending Rare Tokens": 0.47564407411001086,
    "All Tokens Attending Rare Tokens": 0.45457065211223147,
    "All Tokens Attending Very Rare Document Tokens": 0.4517481972009928,
    "Document Tokens Attending Very Rare Document Tokens": 0.4517481972009928,
    "Rare Tokens Attending Rare Document Tokens": 0.43823542865329695,
    "Rare Document Tokens Attending Rare Document Tokens": 0.43823542865329695,
    "Very Rare Document Tokens Attending Rare Tokens": 0.43452821485371346,
    "Very Rare Tokens Attending Rare Document Tokens": 0.4311144419198135,
    "Very Rare Document Tokens Attending Rare Document Tokens": 0.4311144419198135,
    "Rare Document Tokens Attending Rare Tokens": 0.43028090439140254,
    "Document Tokens Attending Very Rare Tokens": 0.4152777801180442,
    "Document Tokens Attending Very Rare Lexical Match Query Tokens": 0.40884331582879774,
    "Rare Document Tokens Attending Very Rare Lexical Match Query Tokens": 0.40884331582879774,
    "Very Rare Document Tokens Attending Lexical Match Query Tokens": 0.40884331582879774,
    "Very Rare Document Tokens Attending Very Rare Lexical Match Query Tokens": 0.40884331582879774,
    "Very Rare Document Tokens Attending Rare Lexical Match Query Tokens": 0.40884331582879774,
    "Rare Document Tokens Attending Very Rare Document Tokens": 0.4039955558470624,
    "Rare Tokens Attending Very Rare Document Tokens": 0.4039955558470624,
    "Rare Document Tokens Attending Lexical Match Query Tokens": 0.4013316092601289,
    "Rare Document Tokens Attending Rare Lexical Match Query Tokens": 0.4013316092601289,
    "Document Tokens Attending Rare Lexical Match Query Tokens": 0.4013316092601289,
    "Rare Tokens Attending Rare Tokens": 0.3999460246611388,
    "Rare Document Tokens Attending Very Rare Tokens": 0.3988229461941306,
    "Very Rare Tokens Attending Rare Tokens": 0.3983322663311494,
    "All Tokens Attending Very Rare Tokens": 0.39249440939295893,
    "Rare Document Tokens Attending Rare Semantic Match Query Tokens": 0.3854913785972231,
    "Document Tokens Attending Rare Semantic Match Query Tokens": 0.3850573456574925,
    "Rare Document Tokens Attending Semantic Match Query Tokens": 0.38440108691706143,
    "Very Rare Document Tokens Attending Very Rare Tokens": 0.3793966900676372,
    "Document Tokens Attending Semantic Match Query Tokens": 0.3785339628180774,
    "Very Rare Document Tokens Attending Rare Semantic Match Query Tokens": 0.37468307817969226,
    "Very Rare Document Tokens Attending Semantic Match Query Tokens": 0.3741930593792381,
    "Document Tokens Attending Very Rare Semantic Match Query Tokens": 0.3696131904505286,
    "Rare Document Tokens Attending Very Rare Semantic Match Query Tokens": 0.36867477036630064,
    "Rare Tokens Attending Very Rare Tokens": 0.3646664058129812,
    "Very Rare Document Tokens Attending Very Rare Semantic Match Query Tokens": 0.35860136825667244,
    "Very Rare Document Tokens Attending Very Rare Document Tokens": 0.3556961390435796,
    "Very Rare Tokens Attending Very Rare Document Tokens": 0.3556961390435796,
    "Very Rare Tokens Attending Very Rare Tokens": 0.3344614850784185,
    "Very Rare Document Tokens Attending Rare Query Tokens": 0.2813715967822101,
    "Very Rare Tokens Attending All Tokens": -0.2787042247141218,
    "Very Rare Document Tokens Attending Very Rare Query Tokens": 0.2716453551173043,
    "Rare Document Tokens Attending Rare Query Tokens": 0.23013337556873142,
    "Rare Document Tokens Attending Semantic Match Tokens": 0.22793446724137786,
    "Document Tokens Attending Rare Semantic Match Tokens": 0.22597957061452234,
    "Document Tokens Attending Lexical Match Query Tokens": 0.22476757131120617,
    "Document Tokens Attending Semantic Match Tokens": 0.22327239010655472,
    "Rare Document Tokens Attending Rare Semantic Match Tokens": 0.2214479582551165,
    "Very Rare Document Tokens Attending Semantic Match Tokens": 0.21903280384922197,
    "Rare Tokens Attending All Tokens": -0.21634500371022725,
    "Very Rare Document Tokens Attending Rare Semantic Match Tokens": 0.21574400489919132,
    "Document Tokens Attending Very Rare Semantic Match Tokens": 0.2102408919189135,
    "Rare Document Tokens Attending Very Rare Semantic Match Tokens": 0.2096583612620287,
    "Rare Document Tokens Attending Very Rare Query Tokens": 0.19954521708502682,
    "Rare Document Tokens Attending Semantic Match Document Tokens": 0.19214459871278078,
    "Rare Tokens Attending Semantic Match Document Tokens": 0.19214459871278078,
    "All Tokens Attending Semantic Match Document Tokens": 0.18998111473082896,
    "Document Tokens Attending Semantic Match Document Tokens": 0.18998111473082896,
    "Document Tokens Attending Rare Semantic Match Document Tokens": 0.18986805858455721,
    "All Tokens Attending Rare Semantic Match Document Tokens": 0.18986805858455721,
    "Rare Tokens Attending Semantic Match Tokens": 0.18937217159198372,
    "Very Rare Tokens Attending Rare Query Tokens": 0.1888787710470799,
    "All Tokens Attending Rare Semantic Match Tokens": 0.18749842789777302,
    "All Tokens Attending Semantic Match Tokens": 0.18666104455644167,
    "Rare Tokens Attending Rare Semantic Match Document Tokens": 0.1857952999429351,
    "Rare Document Tokens Attending Rare Semantic Match Document Tokens": 0.1857952999429351,
    "Very Rare Document Tokens Attending Very Rare Semantic Match Tokens": 0.18538273778579595,
    "Rare Tokens Attending Rare Semantic Match Tokens": 0.18333413218067468,
    "Very Rare Document Tokens Attending Semantic Match Document Tokens": 0.17914268056474866,
    "Very Rare Tokens Attending Semantic Match Document Tokens": 0.17914268056474866,
    "Very Rare Tokens Attending Semantic Match Tokens": 0.17603964404342698,
    "Very Rare Document Tokens Attending Rare Semantic Match Document Tokens": 0.1759401930343428,
    "Very Rare Tokens Attending Rare Semantic Match Document Tokens": 0.1759401930343428,
    "Very Rare Document Tokens Attending All Tokens": -0.17414951080844504,
    "Very Rare Tokens Attending Rare Semantic Match Tokens": 0.17275452504866046,
    "Document Tokens Attending Rare Query Tokens": 0.170789664466775,
    "Document Tokens Attending Very Rare Semantic Match Document Tokens": 0.17070611394702323,
    "All Tokens Attending Very Rare Semantic Match Document Tokens": 0.17070611394702323,
    "Rare Tokens Attending Very Rare Semantic Match Document Tokens": 0.17049693980119893,
    "Rare Document Tokens Attending Very Rare Semantic Match Document Tokens": 0.17049693980119893,
    "Rare Tokens Attending Rare Query Tokens": 0.16844022357234495,
    "All Tokens Attending Very Rare Semantic Match Tokens": 0.16837506620692355,
    "Rare Tokens Attending Very Rare Semantic Match Tokens": 0.16780347378757857,
    "Query Tokens Attending Very Rare Lexical Match Tokens": -0.16499190172911954,
    "Rare Query Tokens Attending Very Rare Lexical Match Tokens": -0.16499190172911954,
    "Very Rare Query Tokens Attending Lexical Match Query Tokens": -0.16499190172911954,
    "Very Rare Query Tokens Attending Lexical Match Tokens": -0.16499190172911954,
    "Very Rare Query Tokens Attending Very Rare Lexical Match Tokens": -0.16499190172911954,
    "Very Rare Query Tokens Attending Rare Lexical Match Query Tokens": -0.16499190172911954,
    "Very Rare Query Tokens Attending Very Rare Lexical Match Query Tokens": -0.16499190172911954,
    "Very Rare Query Tokens Attending Rare Lexical Match Tokens": -0.16499190172911954,
    "Rare Query Tokens Attending Very Rare Lexical Match Query Tokens": -0.16499190172911954,