{
    "Document Tokens Attending Matching Word Query Tokens": -0.6449388209121245,
    "All Tokens Attending Rare Tokens": -0.6395995550611792,
    "Rare Document Tokens Attending Rare Tokens": -0.6333704115684093,
    "Rare Document Tokens Attending All Tokens": -0.6320355951056729,
    "Document Tokens Attending Rare Tokens": -0.6302558398220245,
    "Very Rare Document Tokens Attending All Tokens": -0.6284760845383759,
    "Very Rare Document Tokens Attending Rare Tokens": -0.6271412680756396,
    "Rare Tokens Attending Rare Tokens": -0.6244716351501668,
    "Very Rare Tokens Attending Rare Tokens": -0.6093437152391545,
    "Very Rare Document Tokens Attending Very Rare Query Tokens": -0.6031145717463848,
    "Rare Document Tokens Attending Very Rare Query Tokens": -0.6004449388209121,
    "Rare Document Tokens Attending Rare Query Tokens": -0.5968854282536151,
    "Very Rare Document Tokens Attending Rare Query Tokens": -0.5955506117908788,
    "Very Rare Tokens Attending Rare Query Tokens": -0.592880978865406,
    "Rare Tokens Attending Rare Query Tokens": -0.5919911012235817,
    "Rare Tokens Attending Very Rare Query Tokens": -0.5888765294771968,
    "All Tokens Attending Rare Query Tokens": -0.5888765294771968,
    "Document Tokens Attending Very Rare Query Tokens": -0.5813125695216907,
    "All Tokens Attending Very Rare Query Tokens": -0.578642936596218,
    "Very Rare Document Tokens Attending Query Tokens": -0.5759733036707452,
    "Rare Tokens Attending Query Tokens": -0.5741935483870967,
    "Very Rare Tokens Attending Query Tokens": -0.5728587319243604,
    "Document Tokens Attending Rare Query Tokens": -0.5675194660734149,
    "Rare Document Tokens Attending Query Tokens": -0.5604004449388209,
    "Very Rare Tokens Attending Very Rare Query Tokens": -0.5599555061179087,
    "All Tokens Attending Document Tokens": 0.5586206896551724,
    "All Tokens Attending Query Tokens": -0.5586206896551724,
    "Document Tokens Attending Document Tokens": 0.5586206896551724,
    "Document Tokens Attending Rare Matching Word Query Tokens": -0.5568409343715239,
    "Rare Document Tokens Attending Rare Matching Word Query Tokens": -0.5568409343715239,
    "Rare Document Tokens Attending Matching Word Query Tokens": -0.5568409343715239,
    "Very Rare Document Tokens Attending Rare Matching Word Query Tokens": -0.5563959955506118,
    "Very Rare Document Tokens Attending Matching Word Query Tokens": -0.5563959955506118,
    "Very Rare Document Tokens Attending Very Rare Matching Word Query Tokens": -0.5563959955506118,
    "Document Tokens Attending Very Rare Matching Word Query Tokens": -0.5563959955506118,
    "Rare Document Tokens Attending Very Rare Matching Word Query Tokens": -0.5563959955506118,
    "Document Tokens Attending Query Tokens": -0.5474972191323693,
    "Rare Document Tokens Attending Rare Synonymous Query Tokens": -0.5474972191323693,
    "Document Tokens Attending Synonymous Query Tokens": -0.5474972191323693,
    "Document Tokens Attending Rare Synonymous Query Tokens": -0.5474972191323693,
    "Rare Document Tokens Attending Synonymous Query Tokens": -0.5474972191323693,
    "Very Rare Document Tokens Attending Rare Synonymous Query Tokens": -0.5421579532814237,
    "Very Rare Document Tokens Attending Synonymous Query Tokens": -0.5421579532814237,
    "Rare Tokens Attending Document Tokens": 0.5421579532814237,
    "Rare Document Tokens Attending Document Tokens": 0.5421579532814237,
    "Very Rare Document Tokens Attending Very Rare Synonymous Query Tokens": -0.5385984427141268,
    "Document Tokens Attending Very Rare Synonymous Query Tokens": -0.5385984427141268,
    "Rare Document Tokens Attending Very Rare Synonymous Query Tokens": -0.5385984427141268,
    "Very Rare Document Tokens Attending Document Tokens": 0.5341490545050055,
    "Very Rare Tokens Attending Document Tokens": 0.5341490545050055,
    "Rare Tokens Attending All Tokens": -0.4883203559510568,
    "Rare Tokens Attending Synonymous Query Tokens": -0.47986651835372635,
    "All Tokens Attending Synonymous Query Tokens": -0.4771968854282535,
    "Rare Tokens Attending Rare Synonymous Query Tokens": -0.47497219132369295,
    "All Tokens Attending Rare Synonymous Query Tokens": -0.47185761957730815,
    "Very Rare Tokens Attending All Tokens": -0.4687430478309232,
    "Very Rare Tokens Attending Rare Synonymous Query Tokens": -0.46117908787541706,
    "Very Rare Tokens Attending Synonymous Query Tokens": -0.46117908787541706,
    "Document Tokens Attending Very Rare Tokens": -0.4602892102335928,
    "All Tokens Attending Very Rare Synonymous Query Tokens": -0.4593993325917686,
    "Rare Tokens Attending Very Rare Synonymous Query Tokens": -0.4540600667408231,
    "Rare Document Tokens Attending Very Rare Tokens": -0.42246941045606223,
    "Very Rare Tokens Attending Very Rare Synonymous Query Tokens": -0.4100111234705228,
    "All Tokens Attending Rare Matching Word Query Tokens": -0.40956618464961064,
    "Rare Tokens Attending Rare Matching Word Query Tokens": -0.40956618464961064,
    "Rare Tokens Attending Matching Word Query Tokens": -0.40956618464961064,
    "All Tokens Attending Very Rare Tokens": -0.40289210233592887,
    "Rare Tokens Attending Very Rare Matching Word Query Tokens": -0.37708565072302563,
    "Very Rare Tokens Attending Rare Matching Word Query Tokens": -0.37708565072302563,
    "Very Rare Tokens Attending Very Rare Matching Word Query Tokens": -0.37708565072302563,
    "All Tokens Attending Very Rare Matching Word Query Tokens": -0.37708565072302563,
    "Very Rare Tokens Attending Matching Word Query Tokens": -0.37708565072302563,
    "All Tokens Attending Matching Word Query Tokens": -0.32947719688542826,
    "Rare Tokens Attending Very Rare Tokens": -0.31167964404894327,
    "Document Tokens Attending Matching Word Document Tokens": 0.2836484983314794,
    "All Tokens Attending Matching Word Document Tokens": 0.2836484983314794,
    "All Tokens Attending Very Rare Document Tokens": 0.2774193548387097,
    "Document Tokens Attending Very Rare Document Tokens": 0.2774193548387097,
    "Very Rare Document Tokens Attending Very Rare Tokens": -0.2453837597330367,
    "Very Rare Tokens Attending Very Rare Tokens": -0.2453837597330367,
    "Query Tokens Attending Very Rare Matching Word Tokens": 0.21913236929922134,
    "Rare Query Tokens Attending Very Rare Matching Word Tokens": 0.21913236929922134,
    "Very Rare Query Tokens Attending Rare Matching Word Query Tokens": 0.21913236929922134,
    "Very Rare Query Tokens Attending Very Rare Matching Word Query Tokens": 0.21913236929922134,
    "Query Tokens Attending Very Rare Matching Word Query Tokens": 0.21913236929922134,
    "Rare Query Tokens Attending Very Rare Matching Word Query Tokens": 0.21913236929922134,
    "Very Rare Query Tokens Attending Matching Word Tokens": 0.21913236929922134,
    "Very Rare Query Tokens Attending Matching Word Query Tokens": 0.21913236929922134,
    "Very Rare Query Tokens Attending Very Rare Matching Word Tokens": 0.21913236929922134,
    "Very Rare Query Tokens Attending Rare Matching Word Tokens": 0.21913236929922134,
    "Document Tokens Attending Matching Word Tokens": 0.21067853170189096,
    "All Tokens Attending Matching Word Tokens": 0.20622914349276972,
    "Very Rare Query Tokens Attending Rare Synonymous Query Tokens": 0.196440489432703,
    "Very Rare Query Tokens Attending Rare Synonymous Tokens": 0.196440489432703,
    "Very Rare Query Tokens Attending Very Rare Tokens": 0.19555061179087874,
    "Very Rare Query Tokens Attending Very Rare Query Tokens": 0.19555061179087874,
    "Very Rare Query Tokens Attending Synonymous Tokens": 0.18531701890989988,
    "Very Rare Query Tokens Attending Synonymous Query Tokens": 0.18531701890989988,
    "Rare Query Tokens Attending Very Rare Synonymous Query Tokens": 0.18442714126807563,
    "Query Tokens Attending Very Rare Synonymous Query Tokens": 0.18442714126807563,