{
    "Rare Document Tokens Attending All Tokens": -0.5492769744160179,
    "Very Rare Document Tokens Attending All Tokens": -0.5403781979977753,
    "Document Tokens Attending Matching Word Query Tokens": -0.5270300333704115,
    "All Tokens Attending Rare Tokens": -0.5243604004449388,
    "Document Tokens Attending Rare Tokens": -0.5194660734149055,
    "Rare Document Tokens Attending Rare Tokens": -0.5145717463848721,
    "Very Rare Document Tokens Attending Rare Tokens": -0.5092324805339266,
    "Rare Tokens Attending Rare Tokens": -0.5043381535038932,
    "Rare Document Tokens Attending Rare Query Tokens": -0.4896551724137932,
    "Very Rare Document Tokens Attending Very Rare Query Tokens": -0.48698553948832035,
    "Rare Document Tokens Attending Very Rare Query Tokens": -0.48698553948832035,
    "Very Rare Tokens Attending Rare Tokens": -0.4852057842046719,
    "Very Rare Document Tokens Attending Rare Query Tokens": -0.4834260289210234,
    "Very Rare Document Tokens Attending Query Tokens": -0.48031145717463847,
    "Document Tokens Attending Very Rare Query Tokens": -0.47274749721913245,
    "All Tokens Attending Rare Query Tokens": -0.47185761957730815,
    "Very Rare Tokens Attending Rare Query Tokens": -0.4687430478309232,
    "Rare Tokens Attending Rare Query Tokens": -0.4687430478309232,
    "Document Tokens Attending Rare Query Tokens": -0.4638487208008899,
    "Rare Document Tokens Attending Query Tokens": -0.4634037819799778,
    "Very Rare Tokens Attending Query Tokens": -0.46073414905450494,
    "All Tokens Attending Very Rare Query Tokens": -0.46073414905450494,
    "Rare Tokens Attending Query Tokens": -0.4602892102335928,
    "Rare Tokens Attending Very Rare Query Tokens": -0.4602892102335928,
    "Document Tokens Attending Query Tokens": -0.45494994438264746,
    "All Tokens Attending Document Tokens": 0.44916573971078977,
    "All Tokens Attending Query Tokens": -0.44916573971078977,
    "Document Tokens Attending Document Tokens": 0.44916573971078977,
    "Rare Tokens Attending Document Tokens": 0.44694104560622916,
    "Rare Document Tokens Attending Document Tokens": 0.44694104560622916,
    "Very Rare Document Tokens Attending Document Tokens": 0.4398220244716351,
    "Very Rare Tokens Attending Document Tokens": 0.4398220244716351,
    "Very Rare Tokens Attending Very Rare Query Tokens": -0.4269187986651835,
    "Very Rare Document Tokens Attending Rare Matching Word Query Tokens": -0.42602892102335926,
    "Very Rare Document Tokens Attending Matching Word Query Tokens": -0.42602892102335926,
    "Very Rare Document Tokens Attending Very Rare Matching Word Query Tokens": -0.42602892102335926,
    "Document Tokens Attending Very Rare Matching Word Query Tokens": -0.42602892102335926,
    "Rare Document Tokens Attending Very Rare Matching Word Query Tokens": -0.42602892102335926,
    "Document Tokens Attending Rare Matching Word Query Tokens": -0.4255839822024471,
    "Rare Document Tokens Attending Rare Matching Word Query Tokens": -0.4255839822024471,
    "Rare Document Tokens Attending Matching Word Query Tokens": -0.4255839822024471,
    "Rare Document Tokens Attending Rare Synonymous Query Tokens": -0.41935483870967744,
    "Document Tokens Attending Synonymous Query Tokens": -0.41935483870967744,
    "Document Tokens Attending Rare Synonymous Query Tokens": -0.41935483870967744,
    "Rare Document Tokens Attending Synonymous Query Tokens": -0.41935483870967744,
    "Very Rare Document Tokens Attending Rare Synonymous Query Tokens": -0.40956618464961064,
    "Very Rare Document Tokens Attending Synonymous Query Tokens": -0.40956618464961064,
    "Document Tokens Attending Very Rare Synonymous Query Tokens": -0.4064516129032258,
    "Rare Document Tokens Attending Very Rare Synonymous Query Tokens": -0.4064516129032258,
    "Very Rare Document Tokens Attending Very Rare Synonymous Query Tokens": -0.40600667408231367,
    "Document Tokens Attending Matching Word Document Tokens": 0.3890989988876529,
    "All Tokens Attending Matching Word Document Tokens": 0.3890989988876529,
    "Rare Tokens Attending All Tokens": -0.3650723025583982,
    "Very Rare Tokens Attending All Tokens": -0.3472747497219132,
    "All Tokens Attending Very Rare Document Tokens": 0.3459399332591768,
    "Document Tokens Attending Very Rare Document Tokens": 0.3459399332591768,
    "Rare Tokens Attending Synonymous Query Tokens": -0.3432703003337041,
    "All Tokens Attending Synonymous Query Tokens": -0.3410456062291435,
    "Rare Tokens Attending Rare Synonymous Query Tokens": -0.3388209121245828,
    "All Tokens Attending Rare Synonymous Query Tokens": -0.3348164627363737,
    "Document Tokens Attending Very Rare Tokens": -0.3343715239154616,
    "Document Tokens Attending Matching Word Tokens": 0.32769744160177977,
    "Very Rare Tokens Attending Rare Synonymous Query Tokens": -0.32547274749721916,
    "Very Rare Tokens Attending Synonymous Query Tokens": -0.32547274749721916,
    "All Tokens Attending Matching Word Tokens": 0.3236929922135706,
    "All Tokens Attending Very Rare Synonymous Query Tokens": -0.32235817575083425,
    "Rare Tokens Attending Very Rare Synonymous Query Tokens": -0.31568409343715237,
    "Query Tokens Attending Very Rare Matching Word Tokens": 0.3081201334816463,
    "Rare Query Tokens Attending Very Rare Matching Word Tokens": 0.3081201334816463,
    "Very Rare Query Tokens Attending Rare Matching Word Query Tokens": 0.3081201334816463,
    "Very Rare Query Tokens Attending Very Rare Matching Word Query Tokens": 0.3081201334816463,
    "Query Tokens Attending Very Rare Matching Word Query Tokens": 0.3081201334816463,
    "Rare Query Tokens Attending Very Rare Matching Word Query Tokens": 0.3081201334816463,
    "Very Rare Query Tokens Attending Matching Word Tokens": 0.3081201334816463,
    "Very Rare Query Tokens Attending Matching Word Query Tokens": 0.3081201334816463,
    "Very Rare Query Tokens Attending Very Rare Matching Word Tokens": 0.3081201334816463,
    "Very Rare Query Tokens Attending Rare Matching Word Tokens": 0.3081201334816463,
    "Rare Document Tokens Attending Very Rare Tokens": -0.2912124582869855,
    "Very Rare Query Tokens Attending Rare Synonymous Query Tokens": 0.29076751946607343,
    "Very Rare Query Tokens Attending Rare Synonymous Tokens": 0.29076751946607343,
    "Very Rare Query Tokens Attending Very Rare Tokens": 0.2876529477196885,
    "Very Rare Query Tokens Attending Very Rare Query Tokens": 0.2876529477196885,
    "Rare Query Tokens Attending Very Rare Synonymous Query Tokens": 0.28097886540600664,
    "Query Tokens Attending Very Rare Synonymous Query Tokens": 0.28097886540600664,
    "Very Rare Query Tokens Attending Very Rare Synonymous Tokens": 0.28097886540600664,
    "Query Tokens Attending Very Rare Synonymous Tokens": 0.28097886540600664,
    "Rare Query Tokens Attending Very Rare Synonymous Tokens": 0.28097886540600664,
    "Very Rare Query Tokens Attending Very Rare Synonymous Query Tokens": 0.28097886540600664,
    "Very Rare Query Tokens Attending Synonymous Tokens": 0.2796440489432703,
    "Very Rare Query Tokens Attending Synonymous Query Tokens": 0.2796440489432703,
    "Very Rare Document Tokens Attending Very Rare Synonymous Document Tokens": 0.27919911012235815,
    "Very Rare Tokens Attending Very Rare Synonymous Document Tokens": 0.27919911012235815,
    "All Tokens Attending Rare Matching Word Query Tokens": -0.27875417130144603,
    "Rare Tokens Attending Rare Matching Word Query Tokens": -0.27875417130144603,
    "Rare Tokens Attending Matching Word Query Tokens": -0.27875417130144603,
    "Very Rare Tokens Attending Very Rare Synonymous Query Tokens": -0.27608453837597335,
    "All Tokens Attending Very Rare Tokens": -0.2756395995550612,