{
    "Document Tokens Attending Matching Word Query Tokens": -0.6925472747497218,
    "All Tokens Attending Rare Tokens": -0.6867630700778643,
    "Rare Document Tokens Attending Rare Tokens": -0.6800889877641824,
    "Document Tokens Attending Rare Tokens": -0.6756395995550611,
    "Very Rare Document Tokens Attending Rare Tokens": -0.6756395995550611,
    "Rare Tokens Attending Rare Tokens": -0.6729699666295884,
    "Very Rare Tokens Attending Rare Tokens": -0.6622914349276974,
    "Rare Document Tokens Attending All Tokens": -0.657842046718576,
    "Very Rare Document Tokens Attending All Tokens": -0.657397107897664,
    "Very Rare Document Tokens Attending Very Rare Query Tokens": -0.6360400444938822,
    "Rare Document Tokens Attending Very Rare Query Tokens": -0.6302558398220245,
    "Rare Tokens Attending Very Rare Query Tokens": -0.6235817575083425,
    "Very Rare Tokens Attending Rare Query Tokens": -0.6226918798665184,
    "Rare Tokens Attending Rare Query Tokens": -0.6218020022246942,
    "Rare Document Tokens Attending Rare Query Tokens": -0.621357063403782,
    "Very Rare Document Tokens Attending Rare Query Tokens": -0.6204671857619577,
    "All Tokens Attending Rare Query Tokens": -0.6137931034482759,
    "All Tokens Attending Very Rare Query Tokens": -0.6120133481646273,
    "Document Tokens Attending Very Rare Query Tokens": -0.6102335928809789,
    "Very Rare Document Tokens Attending Rare Matching Word Query Tokens": -0.6093437152391545,
    "Very Rare Document Tokens Attending Matching Word Query Tokens": -0.6093437152391545,
    "Very Rare Document Tokens Attending Very Rare Matching Word Query Tokens": -0.6093437152391545,
    "Document Tokens Attending Very Rare Matching Word Query Tokens": -0.6093437152391545,
    "Rare Document Tokens Attending Very Rare Matching Word Query Tokens": -0.6093437152391545,
    "Document Tokens Attending Rare Matching Word Query Tokens": -0.607563959955506,
    "Rare Document Tokens Attending Rare Matching Word Query Tokens": -0.607563959955506,
    "Rare Document Tokens Attending Matching Word Query Tokens": -0.607563959955506,
    "Rare Tokens Attending Query Tokens": -0.5986651835372636,
    "Very Rare Tokens Attending Very Rare Query Tokens": -0.596440489432703,
    "Rare Document Tokens Attending Rare Synonymous Query Tokens": -0.5955506117908788,
    "Document Tokens Attending Synonymous Query Tokens": -0.5955506117908788,
    "Very Rare Tokens Attending Query Tokens": -0.5955506117908788,
    "Document Tokens Attending Rare Synonymous Query Tokens": -0.5955506117908788,
    "Rare Document Tokens Attending Synonymous Query Tokens": -0.5955506117908788,
    "Very Rare Document Tokens Attending Query Tokens": -0.592880978865406,
    "Very Rare Document Tokens Attending Rare Synonymous Query Tokens": -0.5906562847608453,
    "Very Rare Document Tokens Attending Synonymous Query Tokens": -0.5906562847608453,
    "Document Tokens Attending Rare Query Tokens": -0.5906562847608453,
    "Document Tokens Attending Very Rare Synonymous Query Tokens": -0.5870967741935484,
    "Rare Document Tokens Attending Very Rare Synonymous Query Tokens": -0.5870967741935484,
    "Very Rare Document Tokens Attending Very Rare Synonymous Query Tokens": -0.5866518353726363,
    "All Tokens Attending Document Tokens": 0.582202447163515,
    "All Tokens Attending Query Tokens": -0.582202447163515,
    "Document Tokens Attending Document Tokens": 0.582202447163515,
    "Rare Document Tokens Attending Query Tokens": -0.5799777530589544,
    "Document Tokens Attending Query Tokens": -0.5635150166852058,
    "Rare Tokens Attending Document Tokens": 0.5515016685205784,
    "Rare Document Tokens Attending Document Tokens": 0.5515016685205784,
    "Very Rare Document Tokens Attending Document Tokens": 0.5408231368186874,
    "Very Rare Tokens Attending Document Tokens": 0.5408231368186874,
    "Rare Tokens Attending All Tokens": -0.531924360400445,
    "Rare Tokens Attending Synonymous Query Tokens": -0.5261401557285873,
    "All Tokens Attending Synonymous Query Tokens": -0.5239154616240267,
    "Rare Tokens Attending Rare Synonymous Query Tokens": -0.5221357063403782,
    "All Tokens Attending Rare Synonymous Query Tokens": -0.5181312569521691,
    "Very Rare Tokens Attending All Tokens": -0.5159065628476084,
    "Document Tokens Attending Very Rare Tokens": -0.5105672969966629,
    "Very Rare Tokens Attending Rare Synonymous Query Tokens": -0.5087875417130144,
    "Very Rare Tokens Attending Synonymous Query Tokens": -0.5087875417130144,
    "All Tokens Attending Very Rare Synonymous Query Tokens": -0.507007786429366,
    "Rare Tokens Attending Very Rare Synonymous Query Tokens": -0.5012235817575084,
    "Rare Document Tokens Attending Very Rare Tokens": -0.4776418242491657,
    "All Tokens Attending Rare Matching Word Query Tokens": -0.46206896551724136,
    "Rare Tokens Attending Rare Matching Word Query Tokens": -0.46206896551724136,
    "Rare Tokens Attending Matching Word Query Tokens": -0.46206896551724136,
    "Very Rare Tokens Attending Very Rare Synonymous Query Tokens": -0.46073414905450494,
    "All Tokens Attending Very Rare Tokens": -0.45850945494994433,
    "Rare Tokens Attending Very Rare Matching Word Query Tokens": -0.4313681868743047,
    "Very Rare Tokens Attending Rare Matching Word Query Tokens": -0.4313681868743047,
    "Very Rare Tokens Attending Very Rare Matching Word Query Tokens": -0.4313681868743047,
    "All Tokens Attending Very Rare Matching Word Query Tokens": -0.4313681868743047,
    "Very Rare Tokens Attending Matching Word Query Tokens": -0.4313681868743047,
    "All Tokens Attending Matching Word Query Tokens": -0.3864293659621802,
    "Rare Tokens Attending Very Rare Tokens": -0.37708565072302563,
    "Very Rare Tokens Attending Very Rare Tokens": -0.31078976640711903,
    "Very Rare Document Tokens Attending Very Rare Tokens": -0.3098998887652948,
    "Document Tokens Attending Matching Word Document Tokens": 0.22803114571746386,
    "All Tokens Attending Matching Word Document Tokens": 0.22803114571746386,
    "All Tokens Attending Very Rare Document Tokens": 0.22180200222469412,
    "Document Tokens Attending Very Rare Document Tokens": 0.22180200222469412,
    "Rare Tokens Attending Rare Document Tokens": -0.18175750834260287,
    "Rare Document Tokens Attending Rare Document Tokens": -0.18175750834260287,
    "Query Tokens Attending Very Rare Matching Word Tokens": 0.16662958843159065,
    "Rare Query Tokens Attending Very Rare Matching Word Tokens": 0.16662958843159065,
    "Very Rare Query Tokens Attending Rare Matching Word Query Tokens": 0.16662958843159065,
    "Very Rare Query Tokens Attending Very Rare Matching Word Query Tokens": 0.16662958843159065,
    "Query Tokens Attending Very Rare Matching Word Query Tokens": 0.16662958843159065,
    "Rare Query Tokens Attending Very Rare Matching Word Query Tokens": 0.16662958843159065,
    "Very Rare Query Tokens Attending Matching Word Tokens": 0.16662958843159065,
    "Very Rare Query Tokens Attending Matching Word Query Tokens": 0.16662958843159065,
    "Very Rare Query Tokens Attending Very Rare Matching Word Tokens": 0.16662958843159065,
    "Very Rare Query Tokens Attending Rare Matching Word Tokens": 0.16662958843159065,
    "Document Tokens Attending Matching Word Tokens": 0.14883203559510566,
    "Very Rare Tokens Attending Rare Document Tokens": -0.1474972191323693,
    "Very Rare Document Tokens Attending Rare Document Tokens": -0.1474972191323693,
    "All Tokens Attending Matching Word Tokens": 0.14349276974416017,
    "Very Rare Query Tokens Attending Very Rare Tokens": 0.14260289210233593,
    "Very Rare Query Tokens Attending Very Rare Query Tokens": 0.14260289210233593,
    "Very Rare Query Tokens Attending Rare Synonymous Query Tokens": 0.13993325917686317,
    "Very Rare Query Tokens Attending Rare Synonymous Tokens": 0.13993325917686317,