{
    "Document Tokens Attending Matching Word Query Tokens": -0.7833147942157953,
    "Rare Tokens Attending Rare Query Tokens": -0.7646273637374861,
    "Very Rare Tokens Attending Rare Query Tokens": -0.7637374860956618,
    "All Tokens Attending Rare Query Tokens": -0.7624026696329255,
    "Rare Tokens Attending Very Rare Query Tokens": -0.7539488320355952,
    "Rare Document Tokens Attending Rare Query Tokens": -0.7486095661846496,
    "Very Rare Document Tokens Attending Very Rare Query Tokens": -0.7481646273637375,
    "All Tokens Attending Very Rare Query Tokens": -0.7477196885428253,
    "Rare Document Tokens Attending Very Rare Query Tokens": -0.7477196885428253,
    "Very Rare Document Tokens Attending Rare Query Tokens": -0.7472747497219132,
    "All Tokens Attending Rare Tokens": -0.746384872080089,
    "Rare Tokens Attending Query Tokens": -0.7454949944382647,
    "Rare Tokens Attending Rare Tokens": -0.7446051167964404,
    "Very Rare Tokens Attending Query Tokens": -0.7437152391546161,
    "Rare Document Tokens Attending Rare Tokens": -0.7423804226918799,
    "Very Rare Document Tokens Attending Rare Tokens": -0.7423804226918799,
    "Document Tokens Attending Very Rare Query Tokens": -0.7374860956618465,
    "Very Rare Tokens Attending Rare Tokens": -0.7374860956618465,
    "All Tokens Attending Document Tokens": 0.7365962180200223,
    "All Tokens Attending Query Tokens": -0.7365962180200223,
    "Document Tokens Attending Document Tokens": 0.7365962180200223,
    "Document Tokens Attending Rare Query Tokens": -0.7303670745272525,
    "Very Rare Tokens Attending Very Rare Query Tokens": -0.7290322580645161,
    "Document Tokens Attending Rare Tokens": -0.7272525027808675,
    "Very Rare Document Tokens Attending Query Tokens": -0.7254727474972191,
    "Rare Tokens Attending Document Tokens": 0.7210233592880979,
    "Rare Document Tokens Attending Document Tokens": 0.7210233592880979,
    "Document Tokens Attending Rare Matching Word Query Tokens": -0.7165739710789767,
    "Very Rare Document Tokens Attending Rare Matching Word Query Tokens": -0.7165739710789767,
    "Rare Document Tokens Attending Rare Matching Word Query Tokens": -0.7165739710789767,
    "Very Rare Document Tokens Attending Matching Word Query Tokens": -0.7165739710789767,
    "Very Rare Document Tokens Attending Very Rare Matching Word Query Tokens": -0.7165739710789767,
    "Rare Document Tokens Attending Matching Word Query Tokens": -0.7165739710789767,
    "Document Tokens Attending Very Rare Matching Word Query Tokens": -0.7165739710789767,
    "Rare Document Tokens Attending Very Rare Matching Word Query Tokens": -0.7165739710789767,
    "Rare Document Tokens Attending Query Tokens": -0.7156840934371523,
    "Rare Document Tokens Attending Rare Synonymous Query Tokens": -0.710789766407119,
    "Document Tokens Attending Synonymous Query Tokens": -0.710789766407119,
    "Document Tokens Attending Rare Synonymous Query Tokens": -0.710789766407119,
    "Rare Document Tokens Attending Synonymous Query Tokens": -0.710789766407119,
    "Document Tokens Attending Query Tokens": -0.7076751946607341,
    "Very Rare Document Tokens Attending Rare Synonymous Query Tokens": -0.7072302558398219,
    "Very Rare Document Tokens Attending Synonymous Query Tokens": -0.7072302558398219,
    "Very Rare Document Tokens Attending Very Rare Synonymous Query Tokens": -0.7054505005561735,
    "Rare Document Tokens Attending All Tokens": -0.7041156840934372,
    "Document Tokens Attending Very Rare Synonymous Query Tokens": -0.7032258064516129,
    "Rare Document Tokens Attending Very Rare Synonymous Query Tokens": -0.7032258064516129,
    "Very Rare Document Tokens Attending Document Tokens": 0.7027808676307008,
    "Very Rare Tokens Attending Document Tokens": 0.7027808676307008,
    "Very Rare Document Tokens Attending All Tokens": -0.7010011123470522,
    "Rare Tokens Attending Synonymous Query Tokens": -0.6529477196885429,
    "All Tokens Attending Synonymous Query Tokens": -0.6516129032258065,
    "Rare Tokens Attending Rare Synonymous Query Tokens": -0.6493882091212457,
    "All Tokens Attending Rare Synonymous Query Tokens": -0.6484983314794216,
    "Very Rare Tokens Attending Rare Synonymous Query Tokens": -0.6364849833147942,
    "Very Rare Tokens Attending Synonymous Query Tokens": -0.6364849833147942,
    "All Tokens Attending Very Rare Synonymous Query Tokens": -0.6347052280311457,
    "Rare Tokens Attending Very Rare Synonymous Query Tokens": -0.6311457174638487,
    "Rare Tokens Attending All Tokens": -0.625361512791991,
    "Document Tokens Attending Very Rare Tokens": -0.6062291434927697,
    "Very Rare Tokens Attending All Tokens": -0.6053392658509456,
    "Very Rare Tokens Attending Very Rare Synonymous Query Tokens": -0.5879866518353727,
    "All Tokens Attending Rare Matching Word Query Tokens": -0.5804226918798664,
    "Rare Tokens Attending Rare Matching Word Query Tokens": -0.5804226918798664,
    "Rare Tokens Attending Matching Word Query Tokens": -0.5804226918798664,
    "Rare Document Tokens Attending Very Rare Tokens": -0.5724137931034483,
    "All Tokens Attending Very Rare Tokens": -0.5488320355951056,
    "Rare Tokens Attending Very Rare Matching Word Query Tokens": -0.5452725250278087,
    "Very Rare Tokens Attending Rare Matching Word Query Tokens": -0.5452725250278087,
    "Very Rare Tokens Attending Very Rare Matching Word Query Tokens": -0.5452725250278087,
    "All Tokens Attending Very Rare Matching Word Query Tokens": -0.5452725250278087,
    "Very Rare Tokens Attending Matching Word Query Tokens": -0.5452725250278087,
    "All Tokens Attending Matching Word Query Tokens": -0.507007786429366,
    "Rare Tokens Attending Very Rare Tokens": -0.47497219132369295,
    "Very Rare Document Tokens Attending Very Rare Tokens": -0.42602892102335926,
    "Very Rare Tokens Attending Very Rare Tokens": -0.4202447163515017,
    "Query Tokens Attending Rare Query Tokens": -0.2293659621802002,
    "Query Tokens Attending Rare Tokens": -0.2293659621802002,
    "Rare Query Tokens Attending Rare Tokens": -0.217797552836485,
    "Rare Query Tokens Attending Rare Query Tokens": -0.217797552836485,
    "All Tokens Attending Very Rare Document Tokens": 0.21601779755283645,
    "Document Tokens Attending Very Rare Document Tokens": 0.21601779755283645,
    "Rare Tokens Attending Rare Document Tokens": -0.20489432703003335,
    "Rare Document Tokens Attending Rare Document Tokens": -0.20489432703003335,
    "Very Rare Tokens Attending Rare Document Tokens": -0.17552836484983317,
    "Very Rare Document Tokens Attending Rare Document Tokens": -0.17552836484983317,
    "Rare Tokens Attending Synonymous Tokens": -0.16262513904338155,
    "Rare Tokens Attending Rare Synonymous Tokens": -0.15773081201334815,
    "All Tokens Attending Rare Synonymous Tokens": -0.15773081201334815,
    "Document Tokens Attending Rare Synonymous Tokens": -0.1568409343715239,
    "Rare Document Tokens Attending Rare Synonymous Tokens": -0.1568409343715239,
    "Rare Document Tokens Attending Synonymous Tokens": -0.1568409343715239,
    "Rare Query Tokens Attending Query Tokens": -0.15417130144605118,
    "Rare Query Tokens Attending All Tokens": -0.15417130144605118,
    "Document Tokens Attending Synonymous Tokens": -0.15150166852057842,
    "All Tokens Attending Synonymous Tokens": -0.1510567296996663,
    "Query Tokens Attending Synonymous Tokens": -0.1474972191323693,
    "Query Tokens Attending Synonymous Query Tokens": -0.1474972191323693,
    "Rare Document Tokens Attending Matching Word Tokens": -0.14171301446051168,
    "Rare Document Tokens Attending Rare Matching Word Tokens": -0.14171301446051168,
    "Document Tokens Attending Rare Matching Word Tokens": -0.14171301446051168,
    "Query Tokens Attending All Tokens": -0.13993325917686317,
    "Document Tokens Attending All Tokens": 0.13993325917686317,
    "Query Tokens Attending Query Tokens": -0.13993325917686317,