{
    "Very Rare Tokens Attending Rare Document Tokens": 0.9346764346764347,
    "Very Rare Document Tokens Attending Rare Document Tokens": 0.9346764346764347,
    "Rare Document Tokens Attending Very Rare Document Tokens": 0.9169719169719169,
    "Rare Tokens Attending Very Rare Document Tokens": 0.9169719169719169,
    "Document Tokens Attending Rare Document Tokens": 0.9151404151404152,
    "All Tokens Attending Rare Document Tokens": 0.9151404151404152,
    "Very Rare Document Tokens Attending Rare Tokens": 0.9120879120879121,
    "Rare Tokens Attending Rare Document Tokens": 0.9065934065934066,
    "Rare Document Tokens Attending Rare Document Tokens": 0.9065934065934066,
    "Very Rare Tokens Attending Rare Tokens": 0.9004884004884004,
    "Rare Document Tokens Attending Rare Tokens": 0.8986568986568987,
    "Very Rare Document Tokens Attending Very Rare Document Tokens": 0.8956043956043956,
    "Very Rare Tokens Attending Very Rare Document Tokens": 0.8956043956043956,
    "All Tokens Attending Very Rare Document Tokens": 0.8925518925518925,
    "Document Tokens Attending Very Rare Document Tokens": 0.8925518925518925,
    "Very Rare Tokens Attending Very Rare Tokens": 0.8901098901098901,
    "Very Rare Document Tokens Attending Very Rare Tokens": 0.8894993894993894,
    "Rare Tokens Attending Rare Tokens": 0.8894993894993894,
    "Rare Document Tokens Attending Very Rare Tokens": 0.8846153846153846,
    "Rare Tokens Attending Very Rare Tokens": 0.884004884004884,
    "All Tokens Attending Rare Tokens": 0.8772893772893773,
    "Document Tokens Attending Rare Tokens": 0.8687423687423688,
    "Document Tokens Attending Synonymous Tokens": 0.8601953601953601,
    "Document Tokens Attending Rare Synonymous Tokens": 0.8577533577533577,
    "Rare Document Tokens Attending Synonymous Tokens": 0.8577533577533577,
    "Very Rare Document Tokens Attending Synonymous Tokens": 0.8577533577533577,
    "Rare Document Tokens Attending Rare Synonymous Tokens": 0.8571428571428571,
    "All Tokens Attending Very Rare Tokens": 0.8553113553113553,
    "Very Rare Document Tokens Attending Rare Synonymous Tokens": 0.854090354090354,
    "Very Rare Tokens Attending Synonymous Tokens": 0.8522588522588521,
    "Very Rare Tokens Attending Rare Synonymous Tokens": 0.8522588522588521,
    "Very Rare Document Tokens Attending Very Rare Synonymous Tokens": 0.8522588522588521,
    "Rare Document Tokens Attending Very Rare Synonymous Tokens": 0.8504273504273504,
    "Very Rare Tokens Attending Very Rare Synonymous Tokens": 0.8504273504273504,
    "All Tokens Attending Synonymous Tokens": 0.8504273504273504,
    "Document Tokens Attending Very Rare Synonymous Tokens": 0.8498168498168497,
    "Rare Tokens Attending Rare Synonymous Tokens": 0.8485958485958486,
    "All Tokens Attending Rare Synonymous Tokens": 0.8485958485958486,
    "Rare Tokens Attending Synonymous Tokens": 0.8485958485958486,
    "Rare Document Tokens Attending Matching Word Tokens": 0.847985347985348,
    "Rare Tokens Attending Very Rare Synonymous Tokens": 0.847985347985348,
    "Rare Document Tokens Attending Rare Matching Word Tokens": 0.847985347985348,
    "Document Tokens Attending Rare Matching Word Tokens": 0.847985347985348,
    "Document Tokens Attending Very Rare Tokens": 0.8467643467643468,
    "All Tokens Attending Very Rare Synonymous Tokens": 0.8443223443223443,
    "Very Rare Document Tokens Attending Rare Synonymous Document Tokens": 0.8424908424908425,
    "Very Rare Tokens Attending Rare Synonymous Document Tokens": 0.8424908424908425,
    "Document Tokens Attending Very Rare Synonymous Document Tokens": 0.8418803418803419,
    "All Tokens Attending Very Rare Synonymous Document Tokens": 0.8418803418803419,
    "Very Rare Document Tokens Attending Synonymous Document Tokens": 0.8412698412698412,
    "Very Rare Tokens Attending Synonymous Document Tokens": 0.8412698412698412,
    "Rare Tokens Attending Very Rare Synonymous Document Tokens": 0.8400488400488401,
    "Rare Document Tokens Attending Very Rare Synonymous Document Tokens": 0.8400488400488401,
    "Very Rare Document Tokens Attending Matching Word Tokens": 0.8388278388278387,
    "Very Rare Document Tokens Attending Very Rare Matching Word Tokens": 0.8388278388278387,
    "Very Rare Document Tokens Attending Rare Matching Word Tokens": 0.8388278388278387,
    "Rare Document Tokens Attending Very Rare Matching Word Tokens": 0.8388278388278387,
    "Document Tokens Attending Very Rare Matching Word Tokens": 0.8388278388278387,
    "Rare Document Tokens Attending Rare Synonymous Document Tokens": 0.832112332112332,
    "Rare Tokens Attending Rare Synonymous Document Tokens": 0.832112332112332,
    "Very Rare Document Tokens Attending Very Rare Synonymous Document Tokens": 0.8308913308913308,
    "All Tokens Attending Very Rare Matching Word Tokens": 0.8308913308913308,
    "Very Rare Tokens Attending Rare Matching Word Tokens": 0.8308913308913308,
    "Very Rare Tokens Attending Matching Word Tokens": 0.8308913308913308,
    "Document Tokens Attending Rare Synonymous Document Tokens": 0.8308913308913308,
    "Very Rare Tokens Attending Very Rare Matching Word Tokens": 0.8308913308913308,
    "Rare Tokens Attending Very Rare Matching Word Tokens": 0.8308913308913308,
    "Rare Tokens Attending Synonymous Document Tokens": 0.8308913308913308,
    "Rare Document Tokens Attending Synonymous Document Tokens": 0.8308913308913308,
    "Very Rare Tokens Attending Very Rare Synonymous Document Tokens": 0.8308913308913308,
    "All Tokens Attending Rare Synonymous Document Tokens": 0.8308913308913308,
    "All Tokens Attending Synonymous Document Tokens": 0.8272283272283273,
    "Document Tokens Attending Synonymous Document Tokens": 0.8272283272283273,
    "Rare Tokens Attending Rare Matching Word Tokens": 0.8229548229548229,
    "Rare Tokens Attending Matching Word Tokens": 0.8229548229548229,
    "All Tokens Attending Rare Matching Word Tokens": 0.8229548229548229,
    "All Tokens Attending Synonymous Query Tokens": 0.8223443223443224,
    "All Tokens Attending Rare Synonymous Query Tokens": 0.8223443223443224,
    "Rare Tokens Attending Rare Synonymous Query Tokens": 0.8223443223443224,
    "Rare Tokens Attending Synonymous Query Tokens": 0.8223443223443224,
    "Rare Tokens Attending Rare Matching Word Document Tokens": 0.8095238095238095,
    "Rare Document Tokens Attending Matching Word Document Tokens": 0.8095238095238095,
    "Rare Document Tokens Attending Rare Matching Word Document Tokens": 0.8095238095238095,
    "Document Tokens Attending Rare Matching Word Document Tokens": 0.8095238095238095,
    "Rare Tokens Attending Matching Word Document Tokens": 0.8095238095238095,
    "All Tokens Attending Rare Matching Word Document Tokens": 0.8095238095238095,
    "Rare Tokens Attending Very Rare Synonymous Query Tokens": 0.8076923076923076,
    "All Tokens Attending Very Rare Synonymous Query Tokens": 0.8076923076923076,
    "Very Rare Tokens Attending Synonymous Query Tokens": 0.8076923076923076,
    "Very Rare Tokens Attending Matching Word Document Tokens": 0.8070818070818071,
    "Very Rare Tokens Attending Very Rare Synonymous Query Tokens": 0.8070818070818071,
    "Rare Document Tokens Attending Very Rare Matching Word Document Tokens": 0.8070818070818071,
    "Very Rare Document Tokens Attending Matching Word Document Tokens": 0.8070818070818071,
    "All Tokens Attending Very Rare Matching Word Document Tokens": 0.8070818070818071,