{
    "Very Rare Document Tokens Attending Rare Tokens": 0.9084249084249084,
    "Very Rare Document Tokens Attending Very Rare Tokens": 0.9041514041514042,
    "Very Rare Tokens Attending Rare Document Tokens": 0.9029304029304028,
    "Very Rare Document Tokens Attending Rare Document Tokens": 0.9029304029304028,
    "Very Rare Tokens Attending Very Rare Tokens": 0.9029304029304028,
    "Very Rare Tokens Attending Rare Tokens": 0.8998778998778999,
    "Rare Document Tokens Attending Very Rare Tokens": 0.8803418803418803,
    "Rare Tokens Attending Very Rare Tokens": 0.8785103785103784,
    "Rare Tokens Attending Rare Tokens": 0.8669108669108669,
    "Rare Document Tokens Attending Very Rare Document Tokens": 0.8626373626373625,
    "Rare Tokens Attending Very Rare Document Tokens": 0.8626373626373625,
    "Very Rare Document Tokens Attending Synonymous Tokens": 0.8614163614163614,
    "Rare Document Tokens Attending Rare Tokens": 0.8601953601953601,
    "All Tokens Attending Synonymous Query Tokens": 0.8583638583638583,
    "All Tokens Attending Rare Synonymous Query Tokens": 0.8583638583638583,
    "Rare Tokens Attending Rare Synonymous Query Tokens": 0.8583638583638583,
    "Rare Tokens Attending Synonymous Query Tokens": 0.8583638583638583,
    "Very Rare Document Tokens Attending Very Rare Document Tokens": 0.8577533577533577,
    "Very Rare Tokens Attending Very Rare Document Tokens": 0.8577533577533577,
    "Document Tokens Attending Very Rare Synonymous Tokens": 0.854090354090354,
    "Very Rare Document Tokens Attending Rare Synonymous Tokens": 0.8534798534798536,
    "Rare Document Tokens Attending Very Rare Synonymous Tokens": 0.8492063492063492,
    "Document Tokens Attending Rare Synonymous Tokens": 0.8455433455433455,
    "Rare Document Tokens Attending Synonymous Tokens": 0.8455433455433455,
    "Rare Tokens Attending Rare Document Tokens": 0.8443223443223443,
    "Rare Document Tokens Attending Rare Document Tokens": 0.8443223443223443,
    "Rare Document Tokens Attending Rare Synonymous Query Tokens": 0.8431013431013431,
    "Document Tokens Attending Synonymous Query Tokens": 0.8431013431013431,
    "Document Tokens Attending Rare Synonymous Query Tokens": 0.8431013431013431,
    "Rare Document Tokens Attending Synonymous Query Tokens": 0.8431013431013431,
    "All Tokens Attending Rare Tokens": 0.8424908424908425,
    "Document Tokens Attending Synonymous Tokens": 0.8424908424908425,
    "Very Rare Document Tokens Attending Very Rare Synonymous Tokens": 0.8418803418803419,
    "Rare Tokens Attending Very Rare Synonymous Query Tokens": 0.8412698412698412,
    "All Tokens Attending Very Rare Synonymous Query Tokens": 0.8412698412698412,
    "Very Rare Tokens Attending Synonymous Query Tokens": 0.8412698412698412,
    "Rare Document Tokens Attending Rare Synonymous Tokens": 0.8412698412698412,
    "Rare Tokens Attending Very Rare Query Tokens": 0.8406593406593406,
    "Very Rare Tokens Attending Synonymous Tokens": 0.8394383394383393,
    "Very Rare Tokens Attending Rare Synonymous Tokens": 0.8394383394383393,
    "Very Rare Tokens Attending Very Rare Query Tokens": 0.8388278388278387,
    "Very Rare Document Tokens Attending Matching Word Tokens": 0.8382173382173382,
    "Very Rare Document Tokens Attending Very Rare Matching Word Tokens": 0.8382173382173382,
    "Very Rare Document Tokens Attending Rare Matching Word Tokens": 0.8382173382173382,
    "Rare Document Tokens Attending Very Rare Matching Word Tokens": 0.8382173382173382,
    "Document Tokens Attending Very Rare Matching Word Tokens": 0.8382173382173382,
    "Very Rare Tokens Attending Very Rare Synonymous Query Tokens": 0.8369963369963369,
    "Very Rare Tokens Attending Rare Synonymous Query Tokens": 0.8369963369963369,
    "Very Rare Document Tokens Attending Rare Synonymous Query Tokens": 0.8363858363858363,
    "Document Tokens Attending Very Rare Synonymous Query Tokens": 0.8363858363858363,
    "Document Tokens Attending Rare Matching Word Query Tokens": 0.8363858363858363,
    "Rare Document Tokens Attending Very Rare Synonymous Query Tokens": 0.8363858363858363,
    "Rare Document Tokens Attending Rare Matching Word Query Tokens": 0.8363858363858363,
    "Very Rare Document Tokens Attending Synonymous Query Tokens": 0.8363858363858363,
    "Rare Document Tokens Attending Matching Word Query Tokens": 0.8363858363858363,
    "Rare Tokens Attending Very Rare Synonymous Tokens": 0.8357753357753357,
    "Very Rare Tokens Attending Very Rare Synonymous Tokens": 0.8345543345543345,
    "Very Rare Document Tokens Attending Very Rare Synonymous Query Tokens": 0.833943833943834,
    "Rare Tokens Attending Rare Query Tokens": 0.833943833943834,
    "Very Rare Tokens Attending Rare Query Tokens": 0.8327228327228328,
    "Document Tokens Attending Rare Document Tokens": 0.8315018315018315,
    "Very Rare Document Tokens Attending Synonymous Document Tokens": 0.8315018315018315,
    "All Tokens Attending Rare Document Tokens": 0.8315018315018315,
    "Very Rare Tokens Attending Synonymous Document Tokens": 0.8315018315018315,
    "All Tokens Attending Very Rare Synonymous Tokens": 0.8315018315018315,
    "Very Rare Document Tokens Attending Rare Matching Word Query Tokens": 0.8302808302808303,
    "Very Rare Document Tokens Attending Matching Word Query Tokens": 0.8302808302808303,
    "Very Rare Document Tokens Attending Very Rare Matching Word Query Tokens": 0.8302808302808303,
    "All Tokens Attending Rare Synonymous Tokens": 0.8302808302808303,
    "Rare Tokens Attending Synonymous Tokens": 0.8302808302808303,
    "Document Tokens Attending Very Rare Matching Word Query Tokens": 0.8302808302808303,
    "Rare Document Tokens Attending Very Rare Matching Word Query Tokens": 0.8302808302808303,
    "Rare Tokens Attending Rare Synonymous Tokens": 0.829059829059829,
    "Document Tokens Attending Very Rare Synonymous Document Tokens": 0.829059829059829,
    "All Tokens Attending Very Rare Synonymous Document Tokens": 0.829059829059829,
    "Document Tokens Attending Matching Word Query Tokens": 0.8284493284493284,
    "Document Tokens Attending Rare Tokens": 0.8278388278388277,
    "Rare Document Tokens Attending Matching Word Tokens": 0.8266178266178266,
    "Rare Document Tokens Attending Rare Matching Word Tokens": 0.8266178266178266,
    "Document Tokens Attending Rare Matching Word Tokens": 0.8266178266178266,
    "Very Rare Document Tokens Attending Rare Synonymous Document Tokens": 0.826007326007326,
    "Very Rare Tokens Attending Rare Synonymous Document Tokens": 0.826007326007326,
    "All Tokens Attending Synonymous Tokens": 0.8241758241758241,
    "Very Rare Document Tokens Attending Very Rare Query Tokens": 0.8235653235653235,
    "Rare Document Tokens Attending Very Rare Query Tokens": 0.8235653235653235,
    "All Tokens Attending Very Rare Matching Word Tokens": 0.8229548229548229,
    "Very Rare Tokens Attending Rare Matching Word Tokens": 0.8229548229548229,
    "Very Rare Tokens Attending Matching Word Tokens": 0.8229548229548229,
    "Very Rare Tokens Attending Very Rare Matching Word Tokens": 0.8229548229548229,
    "Rare Tokens Attending Very Rare Matching Word Tokens": 0.8229548229548229,
    "Rare Tokens Attending Very Rare Synonymous Document Tokens": 0.8205128205128205,
    "Rare Document Tokens Attending Very Rare Synonymous Document Tokens": 0.8205128205128205,
    "Rare Document Tokens Attending Rare Query Tokens": 0.8205128205128205,
    "Very Rare Document Tokens Attending Rare Query Tokens": 0.8119658119658119,
    "All Tokens Attending Very Rare Tokens": 0.8046398046398046,
    "Very Rare Document Tokens Attending Very Rare Synonymous Document Tokens": 0.804029304029304,
    "Very Rare Tokens Attending Very Rare Synonymous Document Tokens": 0.804029304029304,
    "Document Tokens Attending Rare Synonymous Document Tokens": 0.8003663003663004,
    "Rare Tokens Attending Synonymous Document Tokens": 0.8003663003663004,