{
    "Document Tokens Attending Rare Document Tokens": -0.8704433497536944,
    "All Tokens Attending Rare Document Tokens": -0.8704433497536944,
    "All Tokens Attending Very Rare Document Tokens": -0.8620689655172412,
    "Document Tokens Attending Very Rare Document Tokens": -0.8620689655172412,
    "Rare Tokens Attending Rare Document Tokens": -0.8497536945812806,
    "Rare Document Tokens Attending Rare Document Tokens": -0.8497536945812806,
    "Very Rare Tokens Attending Rare Document Tokens": -0.8344827586206895,
    "Very Rare Document Tokens Attending Rare Document Tokens": -0.8344827586206895,
    "Document Tokens Attending Rare Tokens": -0.8172413793103447,
    "All Tokens Attending Rare Tokens": -0.8172413793103447,
    "Rare Document Tokens Attending Rare Tokens": -0.8103448275862067,
    "Document Tokens Attending Very Rare Tokens": -0.8103448275862067,
    "Very Rare Document Tokens Attending Rare Tokens": -0.8103448275862067,
    "Rare Document Tokens Attending Very Rare Document Tokens": -0.7995073891625614,
    "All Tokens Attending Very Rare Tokens": -0.7995073891625614,
    "Rare Tokens Attending Very Rare Document Tokens": -0.7995073891625614,
    "Very Rare Tokens Attending Rare Tokens": -0.7985221674876846,
    "Rare Tokens Attending Rare Tokens": -0.7950738916256156,
    "Very Rare Document Tokens Attending Very Rare Tokens": -0.7876847290640392,
    "Rare Document Tokens Attending Very Rare Tokens": -0.7847290640394087,
    "Rare Tokens Attending Very Rare Tokens": -0.7832512315270934,
    "Very Rare Document Tokens Attending Very Rare Document Tokens": -0.7753694581280787,
    "Very Rare Tokens Attending Very Rare Document Tokens": -0.7753694581280787,
    "Very Rare Tokens Attending Very Rare Tokens": -0.7714285714285711,
    "Document Tokens Attending Rare Synonymous Tokens": -0.7187192118226599,
    "Rare Document Tokens Attending Synonymous Tokens": -0.7162561576354678,
    "Rare Document Tokens Attending Rare Synonymous Document Tokens": -0.7137931034482757,
    "Rare Tokens Attending Rare Synonymous Document Tokens": -0.7137931034482757,
    "Rare Document Tokens Attending Rare Synonymous Tokens": -0.7137931034482757,
    "All Tokens Attending Synonymous Document Tokens": -0.7133004926108373,
    "Document Tokens Attending Synonymous Document Tokens": -0.7133004926108373,
    "Document Tokens Attending Rare Synonymous Document Tokens": -0.7113300492610837,
    "Rare Tokens Attending Synonymous Document Tokens": -0.7113300492610837,
    "Rare Document Tokens Attending Synonymous Document Tokens": -0.7113300492610837,
    "All Tokens Attending Rare Synonymous Document Tokens": -0.7113300492610837,
    "Document Tokens Attending Synonymous Tokens": -0.7098522167487682,
    "Very Rare Document Tokens Attending Very Rare Synonymous Tokens": -0.7068965517241379,
    "Very Rare Document Tokens Attending Synonymous Document Tokens": -0.7064039408866993,
    "Very Rare Document Tokens Attending Rare Synonymous Document Tokens": -0.7064039408866993,
    "Very Rare Tokens Attending Rare Synonymous Document Tokens": -0.7064039408866993,
    "Rare Tokens Attending Very Rare Synonymous Document Tokens": -0.7064039408866993,
    "Rare Document Tokens Attending Very Rare Synonymous Document Tokens": -0.7064039408866993,
    "Very Rare Tokens Attending Synonymous Document Tokens": -0.7064039408866993,
    "Very Rare Document Tokens Attending Rare Synonymous Tokens": -0.7039408866995073,
    "Document Tokens Attending Very Rare Synonymous Tokens": -0.702463054187192,
    "Document Tokens Attending Very Rare Synonymous Document Tokens": -0.702463054187192,
    "All Tokens Attending Very Rare Synonymous Document Tokens": -0.702463054187192,
    "Rare Document Tokens Attending Very Rare Synonymous Tokens": -0.7,
    "Very Rare Document Tokens Attending Synonymous Tokens": -0.7,
    "Rare Tokens Attending Rare Synonymous Tokens": -0.6985221674876845,
    "All Tokens Attending Synonymous Tokens": -0.6985221674876845,
    "All Tokens Attending Rare Synonymous Tokens": -0.6975369458128078,
    "Rare Tokens Attending Synonymous Tokens": -0.6975369458128078,
    "Very Rare Document Tokens Attending Very Rare Synonymous Document Tokens": -0.6935960591133004,
    "Very Rare Tokens Attending Very Rare Synonymous Document Tokens": -0.6935960591133004,
    "Very Rare Tokens Attending Synonymous Tokens": -0.692118226600985,
    "Very Rare Tokens Attending Rare Synonymous Tokens": -0.6916256157635466,
    "Very Rare Tokens Attending Very Rare Synonymous Tokens": -0.6906403940886698,
    "Rare Tokens Attending Very Rare Synonymous Tokens": -0.6866995073891624,
    "All Tokens Attending Very Rare Synonymous Tokens": -0.6842364532019704,
    "Rare Tokens Attending Rare Query Tokens": -0.6679802955665023,
    "Rare Document Tokens Attending Matching Word Tokens": -0.6669950738916255,
    "Rare Document Tokens Attending Rare Matching Word Tokens": -0.6669950738916255,
    "Document Tokens Attending Rare Matching Word Tokens": -0.6669950738916255,
    "Very Rare Tokens Attending Rare Query Tokens": -0.6660098522167487,
    "Very Rare Tokens Attending Very Rare Query Tokens": -0.6615763546798028,
    "Rare Tokens Attending Very Rare Query Tokens": -0.6556650246305418,
    "Very Rare Document Tokens Attending Matching Word Tokens": -0.6522167487684728,
    "Very Rare Document Tokens Attending Very Rare Matching Word Tokens": -0.6522167487684728,
    "Very Rare Document Tokens Attending Rare Matching Word Tokens": -0.6522167487684728,
    "Rare Document Tokens Attending Very Rare Matching Word Tokens": -0.6522167487684728,
    "Document Tokens Attending Very Rare Matching Word Tokens": -0.6522167487684728,
    "All Tokens Attending Very Rare Query Tokens": -0.6487684729064038,
    "All Tokens Attending Rare Query Tokens": -0.6467980295566501,
    "All Tokens Attending Rare Synonymous Query Tokens": -0.6458128078817732,
    "Rare Tokens Attending Synonymous Query Tokens": -0.6458128078817732,
    "Very Rare Tokens Attending Synonymous Query Tokens": -0.6399014778325122,
    "Rare Tokens Attending Rare Synonymous Query Tokens": -0.6399014778325122,
    "All Tokens Attending Synonymous Query Tokens": -0.6394088669950737,
    "Very Rare Tokens Attending Rare Synonymous Query Tokens": -0.6349753694581279,
    "Rare Tokens Attending Rare Matching Word Tokens": -0.6330049261083742,
    "Rare Tokens Attending Matching Word Tokens": -0.6330049261083742,
    "All Tokens Attending Rare Matching Word Tokens": -0.6330049261083742,
    "Rare Tokens Attending Very Rare Synonymous Query Tokens": -0.6315270935960591,
    "All Tokens Attending Very Rare Synonymous Query Tokens": -0.6315270935960591,
    "Rare Document Tokens Attending Rare Query Tokens": -0.630541871921182,
    "Document Tokens Attending Rare Query Tokens": -0.6295566502463052,
    "Very Rare Document Tokens Attending Rare Query Tokens": -0.6290640394088669,
    "Document Tokens Attending Very Rare Query Tokens": -0.6216748768472905,
    "Rare Document Tokens Attending Very Rare Query Tokens": -0.6216748768472905,
    "Very Rare Document Tokens Attending Very Rare Query Tokens": -0.6201970443349754,
    "Very Rare Tokens Attending Very Rare Synonymous Query Tokens": -0.6147783251231526,
    "Rare Tokens Attending Rare Matching Word Document Tokens": -0.6068965517241378,
    "Rare Document Tokens Attending Matching Word Document Tokens": -0.6068965517241378,
    "Rare Document Tokens Attending Rare Matching Word Document Tokens": -0.6068965517241378,
    "Document Tokens Attending Rare Matching Word Document Tokens": -0.6068965517241378,
    "Rare Tokens Attending Matching Word Document Tokens": -0.6068965517241378,
    "All Tokens Attending Rare Matching Word Document Tokens": -0.6068965517241378,
    "Very Rare Document Tokens Attending Query Tokens": -0.6039408866995073,
    "Rare Document Tokens Attending Query Tokens": -0.5980295566502462,