{
    "All Tokens Attending Very Rare Document Tokens": -0.8290640394088667,
    "Document Tokens Attending Very Rare Document Tokens": -0.8290640394088667,
    "Document Tokens Attending Rare Document Tokens": -0.8261083743842362,
    "All Tokens Attending Rare Document Tokens": -0.8261083743842362,
    "Rare Tokens Attending Rare Document Tokens": -0.8029556650246303,
    "Rare Document Tokens Attending Rare Document Tokens": -0.8029556650246303,
    "Very Rare Tokens Attending Rare Document Tokens": -0.769950738916256,
    "Very Rare Document Tokens Attending Rare Document Tokens": -0.769950738916256,
    "Document Tokens Attending Very Rare Tokens": -0.7561576354679801,
    "Document Tokens Attending Rare Tokens": -0.7482758620689655,
    "All Tokens Attending Rare Tokens": -0.7482758620689655,
    "All Tokens Attending Very Rare Tokens": -0.7428571428571427,
    "Rare Document Tokens Attending Very Rare Document Tokens": -0.7399014778325121,
    "Rare Tokens Attending Very Rare Document Tokens": -0.7399014778325121,
    "Rare Document Tokens Attending Rare Tokens": -0.7261083743842363,
    "Very Rare Document Tokens Attending Rare Tokens": -0.7177339901477832,
    "Rare Tokens Attending Rare Tokens": -0.7128078817733988,
    "Very Rare Tokens Attending Rare Tokens": -0.7039408866995073,
    "Very Rare Document Tokens Attending Very Rare Document Tokens": -0.6970443349753693,
    "Very Rare Tokens Attending Very Rare Document Tokens": -0.6970443349753693,
    "Rare Tokens Attending Very Rare Tokens": -0.6857142857142855,
    "Rare Document Tokens Attending Very Rare Tokens": -0.6842364532019704,
    "Very Rare Document Tokens Attending Very Rare Tokens": -0.6793103448275861,
    "Very Rare Tokens Attending Very Rare Tokens": -0.6630541871921181,
    "Rare Document Tokens Attending Rare Synonymous Document Tokens": -0.6266009852216747,
    "Rare Tokens Attending Rare Synonymous Document Tokens": -0.6266009852216747,
    "All Tokens Attending Synonymous Document Tokens": -0.6251231527093595,
    "Document Tokens Attending Synonymous Document Tokens": -0.6251231527093595,
    "Document Tokens Attending Rare Synonymous Document Tokens": -0.6216748768472905,
    "Rare Tokens Attending Synonymous Document Tokens": -0.6216748768472905,
    "Rare Document Tokens Attending Synonymous Document Tokens": -0.6216748768472905,
    "All Tokens Attending Rare Synonymous Document Tokens": -0.6216748768472905,
    "Document Tokens Attending Rare Synonymous Tokens": -0.6088669950738915,
    "Rare Tokens Attending Very Rare Synonymous Document Tokens": -0.6078817733990146,
    "Rare Document Tokens Attending Very Rare Synonymous Document Tokens": -0.6078817733990146,
    "Very Rare Document Tokens Attending Synonymous Document Tokens": -0.6059113300492609,
    "Very Rare Document Tokens Attending Rare Synonymous Document Tokens": -0.6059113300492609,
    "Very Rare Tokens Attending Rare Synonymous Document Tokens": -0.6059113300492609,
    "Very Rare Tokens Attending Synonymous Document Tokens": -0.6059113300492609,
    "Rare Document Tokens Attending Synonymous Tokens": -0.6049261083743841,
    "Very Rare Document Tokens Attending Very Rare Synonymous Document Tokens": -0.6044334975369456,
    "Very Rare Tokens Attending Very Rare Synonymous Document Tokens": -0.6044334975369456,
    "Rare Document Tokens Attending Rare Synonymous Tokens": -0.6044334975369456,
    "Document Tokens Attending Very Rare Synonymous Document Tokens": -0.5995073891625615,
    "All Tokens Attending Very Rare Synonymous Document Tokens": -0.5995073891625615,
    "Document Tokens Attending Synonymous Tokens": -0.5970443349753694,
    "Very Rare Document Tokens Attending Very Rare Synonymous Tokens": -0.5935960591133004,
    "All Tokens Attending Synonymous Tokens": -0.5935960591133004,
    "Rare Tokens Attending Rare Synonymous Tokens": -0.5906403940886699,
    "All Tokens Attending Rare Synonymous Tokens": -0.5881773399014777,
    "Rare Tokens Attending Synonymous Tokens": -0.5881773399014777,
    "Very Rare Document Tokens Attending Rare Synonymous Tokens": -0.5832512315270935,
    "Very Rare Tokens Attending Rare Synonymous Tokens": -0.5822660098522167,
    "Very Rare Tokens Attending Synonymous Tokens": -0.5817733990147781,
    "Document Tokens Attending Very Rare Synonymous Tokens": -0.5807881773399014,
    "Rare Document Tokens Attending Very Rare Synonymous Tokens": -0.576847290640394,
    "Very Rare Tokens Attending Very Rare Synonymous Tokens": -0.576847290640394,
    "Very Rare Document Tokens Attending Synonymous Tokens": -0.576847290640394,
    "Rare Tokens Attending Very Rare Synonymous Tokens": -0.5753694581280787,
    "All Tokens Attending Very Rare Synonymous Tokens": -0.5694581280788177,
    "Rare Document Tokens Attending Matching Word Tokens": -0.5517241379310345,
    "Rare Document Tokens Attending Rare Matching Word Tokens": -0.5517241379310345,
    "Document Tokens Attending Rare Matching Word Tokens": -0.5517241379310345,
    "All Tokens Attending Very Rare Query Tokens": -0.5438423645320195,
    "Rare Tokens Attending Rare Query Tokens": -0.5438423645320195,
    "All Tokens Attending Rare Query Tokens": -0.5399014778325122,
    "Very Rare Tokens Attending Rare Query Tokens": -0.5389162561576353,
    "Rare Tokens Attending Rare Matching Word Document Tokens": -0.5379310344827586,
    "Rare Document Tokens Attending Matching Word Document Tokens": -0.5379310344827586,
    "Rare Document Tokens Attending Rare Matching Word Document Tokens": -0.5379310344827586,
    "Document Tokens Attending Rare Matching Word Document Tokens": -0.5379310344827586,
    "Rare Tokens Attending Matching Word Document Tokens": -0.5379310344827586,
    "All Tokens Attending Rare Matching Word Document Tokens": -0.5379310344827586,
    "Rare Tokens Attending Rare Matching Word Tokens": -0.5359605911330048,
    "Rare Tokens Attending Matching Word Tokens": -0.5359605911330048,
    "All Tokens Attending Rare Matching Word Tokens": -0.5359605911330048,
    "Document Tokens Attending Rare Query Tokens": -0.52807881773399,
    "Very Rare Document Tokens Attending Matching Word Tokens": -0.5266009852216748,
    "Rare Tokens Attending Very Rare Query Tokens": -0.5266009852216748,
    "Very Rare Document Tokens Attending Very Rare Matching Word Tokens": -0.5266009852216748,
    "Very Rare Document Tokens Attending Rare Matching Word Tokens": -0.5266009852216748,
    "Rare Document Tokens Attending Very Rare Matching Word Tokens": -0.5266009852216748,
    "Document Tokens Attending Very Rare Matching Word Tokens": -0.5266009852216748,
    "Very Rare Tokens Attending Very Rare Query Tokens": -0.524630541871921,
    "Document Tokens Attending Very Rare Query Tokens": -0.5182266009852216,
    "All Tokens Attending Rare Synonymous Query Tokens": -0.5147783251231526,
    "Rare Tokens Attending Synonymous Query Tokens": -0.5147783251231526,
    "Rare Tokens Attending Rare Synonymous Query Tokens": -0.5093596059113299,
    "All Tokens Attending Synonymous Query Tokens": -0.5073891625615763,
    "Very Rare Tokens Attending Synonymous Query Tokens": -0.5073891625615763,
    "Rare Document Tokens Attending Rare Query Tokens": -0.5049261083743841,
    "Very Rare Tokens Attending Rare Synonymous Query Tokens": -0.5034482758620689,
    "Very Rare Document Tokens Attending Rare Query Tokens": -0.49655172413793097,
    "Very Rare Document Tokens Attending Query Tokens": -0.495566502463054,
    "Rare Tokens Attending Very Rare Synonymous Query Tokens": -0.4935960591133004,
    "All Tokens Attending Very Rare Synonymous Query Tokens": -0.4935960591133004,
    "Rare Document Tokens Attending Query Tokens": -0.49064039408866983,
    "Rare Document Tokens Attending Very Rare Query Tokens": -0.4891625615763546,
    "Very Rare Tokens Attending Very Rare Synonymous Query Tokens": -0.48078817733990137,
    "Very Rare Document Tokens Attending Very Rare Query Tokens": -0.4793103448275861,