{
    "Document Tokens Attending Rare Document Tokens": -0.8591133004926107,
    "All Tokens Attending Rare Document Tokens": -0.8591133004926107,
    "Rare Tokens Attending Rare Document Tokens": -0.8408866995073889,
    "Rare Document Tokens Attending Rare Document Tokens": -0.8408866995073889,
    "All Tokens Attending Very Rare Document Tokens": -0.8389162561576353,
    "Document Tokens Attending Very Rare Document Tokens": -0.8389162561576353,
    "Very Rare Tokens Attending Rare Document Tokens": -0.8325123152709358,
    "Very Rare Document Tokens Attending Rare Document Tokens": -0.8325123152709358,
    "Very Rare Document Tokens Attending Rare Tokens": -0.8167487684729062,
    "Rare Document Tokens Attending Rare Tokens": -0.8113300492610835,
    "Document Tokens Attending Rare Tokens": -0.808374384236453,
    "All Tokens Attending Rare Tokens": -0.808374384236453,
    "Very Rare Tokens Attending Rare Tokens": -0.8034482758620688,
    "Rare Tokens Attending Rare Tokens": -0.795566502463054,
    "Very Rare Document Tokens Attending Very Rare Tokens": -0.7935960591133003,
    "Rare Document Tokens Attending Very Rare Document Tokens": -0.792118226600985,
    "Document Tokens Attending Very Rare Tokens": -0.792118226600985,
    "Rare Tokens Attending Very Rare Document Tokens": -0.792118226600985,
    "Rare Document Tokens Attending Very Rare Tokens": -0.7886699507389161,
    "All Tokens Attending Very Rare Tokens": -0.7857142857142855,
    "Rare Tokens Attending Very Rare Tokens": -0.7847290640394087,
    "Very Rare Tokens Attending Very Rare Tokens": -0.7748768472906402,
    "Very Rare Document Tokens Attending Very Rare Document Tokens": -0.7719211822660096,
    "Very Rare Tokens Attending Very Rare Document Tokens": -0.7719211822660096,
    "Document Tokens Attending Rare Synonymous Tokens": -0.7231527093596057,
    "Rare Document Tokens Attending Synonymous Tokens": -0.7201970443349752,
    "Rare Document Tokens Attending Rare Synonymous Document Tokens": -0.7187192118226599,
    "All Tokens Attending Synonymous Document Tokens": -0.7187192118226599,
    "Document Tokens Attending Synonymous Document Tokens": -0.7187192118226599,
    "Rare Tokens Attending Rare Synonymous Document Tokens": -0.7187192118226599,
    "Rare Document Tokens Attending Rare Synonymous Tokens": -0.7172413793103447,
    "Document Tokens Attending Rare Synonymous Document Tokens": -0.7167487684729061,
    "Rare Tokens Attending Synonymous Document Tokens": -0.7167487684729061,
    "Rare Document Tokens Attending Synonymous Document Tokens": -0.7167487684729061,
    "All Tokens Attending Rare Synonymous Document Tokens": -0.7167487684729061,
    "Very Rare Document Tokens Attending Synonymous Document Tokens": -0.7157635467980294,
    "Very Rare Document Tokens Attending Rare Synonymous Document Tokens": -0.7157635467980294,
    "Very Rare Tokens Attending Rare Synonymous Document Tokens": -0.7157635467980294,
    "Rare Tokens Attending Very Rare Synonymous Document Tokens": -0.7157635467980294,
    "Rare Document Tokens Attending Very Rare Synonymous Document Tokens": -0.7157635467980294,
    "Very Rare Tokens Attending Synonymous Document Tokens": -0.7157635467980294,
    "Very Rare Document Tokens Attending Very Rare Synonymous Tokens": -0.7142857142857141,
    "Very Rare Document Tokens Attending Rare Synonymous Tokens": -0.7133004926108373,
    "Document Tokens Attending Synonymous Tokens": -0.7133004926108373,
    "Document Tokens Attending Very Rare Synonymous Tokens": -0.7118226600985219,
    "Document Tokens Attending Very Rare Synonymous Document Tokens": -0.7118226600985219,
    "All Tokens Attending Very Rare Synonymous Document Tokens": -0.7118226600985219,
    "Rare Document Tokens Attending Very Rare Synonymous Tokens": -0.7098522167487682,
    "Very Rare Document Tokens Attending Synonymous Tokens": -0.7098522167487682,
    "Very Rare Document Tokens Attending Very Rare Synonymous Document Tokens": -0.702463054187192,
    "Very Rare Tokens Attending Very Rare Synonymous Document Tokens": -0.702463054187192,
    "All Tokens Attending Synonymous Tokens": -0.7014778325123151,
    "All Tokens Attending Rare Synonymous Tokens": -0.7,
    "Rare Tokens Attending Synonymous Tokens": -0.7,
    "Rare Tokens Attending Rare Synonymous Tokens": -0.6995073891625614,
    "Very Rare Tokens Attending Synonymous Tokens": -0.6970443349753693,
    "Very Rare Tokens Attending Rare Synonymous Tokens": -0.6955665024630541,
    "Very Rare Tokens Attending Very Rare Synonymous Tokens": -0.6926108374384234,
    "Rare Tokens Attending Very Rare Synonymous Tokens": -0.6901477832512314,
    "All Tokens Attending Very Rare Synonymous Tokens": -0.6886699507389161,
    "Rare Document Tokens Attending Matching Word Tokens": -0.6758620689655171,
    "Rare Document Tokens Attending Rare Matching Word Tokens": -0.6758620689655171,
    "Document Tokens Attending Rare Matching Word Tokens": -0.6758620689655171,
    "Rare Tokens Attending Rare Query Tokens": -0.6714285714285713,
    "Very Rare Tokens Attending Rare Query Tokens": -0.6689655172413792,
    "Very Rare Tokens Attending Very Rare Query Tokens": -0.6655172413793102,
    "Rare Tokens Attending Very Rare Query Tokens": -0.6625615763546797,
    "Very Rare Document Tokens Attending Matching Word Tokens": -0.6610837438423643,
    "Very Rare Document Tokens Attending Very Rare Matching Word Tokens": -0.6610837438423643,
    "Very Rare Document Tokens Attending Rare Matching Word Tokens": -0.6610837438423643,
    "Rare Document Tokens Attending Very Rare Matching Word Tokens": -0.6610837438423643,
    "Document Tokens Attending Very Rare Matching Word Tokens": -0.6610837438423643,
    "All Tokens Attending Rare Synonymous Query Tokens": -0.6477832512315269,
    "Rare Tokens Attending Synonymous Query Tokens": -0.6477832512315269,
    "All Tokens Attending Rare Query Tokens": -0.6453201970443349,
    "All Tokens Attending Very Rare Query Tokens": -0.6443349753694579,
    "Rare Document Tokens Attending Rare Query Tokens": -0.6418719211822659,
    "Very Rare Document Tokens Attending Rare Query Tokens": -0.6418719211822659,
    "All Tokens Attending Synonymous Query Tokens": -0.6413793103448274,
    "Rare Tokens Attending Rare Synonymous Query Tokens": -0.640886699507389,
    "Rare Tokens Attending Rare Matching Word Tokens": -0.6389162561576353,
    "Rare Tokens Attending Matching Word Tokens": -0.6389162561576353,
    "All Tokens Attending Rare Matching Word Tokens": -0.6389162561576353,
    "Very Rare Tokens Attending Synonymous Query Tokens": -0.63743842364532,
    "Rare Document Tokens Attending Very Rare Query Tokens": -0.6364532019704431,
    "Very Rare Document Tokens Attending Very Rare Query Tokens": -0.6349753694581279,
    "Very Rare Tokens Attending Rare Synonymous Query Tokens": -0.6334975369458127,
    "Rare Tokens Attending Very Rare Synonymous Query Tokens": -0.6300492610837436,
    "All Tokens Attending Very Rare Synonymous Query Tokens": -0.6300492610837436,
    "Document Tokens Attending Rare Query Tokens": -0.6285714285714284,
    "Document Tokens Attending Very Rare Query Tokens": -0.6241379310344827,
    "Rare Document Tokens Attending Rare Synonymous Query Tokens": -0.621182266009852,
    "Document Tokens Attending Synonymous Query Tokens": -0.621182266009852,
    "Document Tokens Attending Rare Synonymous Query Tokens": -0.621182266009852,
    "Rare Document Tokens Attending Synonymous Query Tokens": -0.621182266009852,
    "Very Rare Document Tokens Attending Synonymous Query Tokens": -0.6192118226600983,
    "Rare Tokens Attending Rare Matching Word Document Tokens": -0.6162561576354678,
    "Rare Document Tokens Attending Matching Word Document Tokens": -0.6162561576354678,
    "Rare Document Tokens Attending Rare Matching Word Document Tokens": -0.6162561576354678,
    "Document Tokens Attending Rare Matching Word Document Tokens": -0.6162561576354678,