{
    "Document Tokens Attending Rare Document Tokens": -0.8786796470147251,
    "All Tokens Attending Rare Document Tokens": -0.8786796470147251,
    "All Tokens Attending Very Rare Document Tokens": -0.8784333112572217,
    "Document Tokens Attending Very Rare Document Tokens": -0.8784333112572217,
    "Document Tokens Attending Rare Tokens": -0.8683335451995813,
    "All Tokens Attending Rare Tokens": -0.8683335451995813,
    "Very Rare Document Tokens Attending Rare Tokens": -0.8619288155044921,
    "Rare Document Tokens Attending Rare Tokens": -0.8604508009594716,
    "Very Rare Tokens Attending Rare Document Tokens": -0.8599581294444646,
    "Very Rare Document Tokens Attending Rare Document Tokens": -0.8599581294444646,
    "Rare Tokens Attending Rare Document Tokens": -0.8579874433844372,
    "Rare Document Tokens Attending Rare Document Tokens": -0.8579874433844372,
    "Very Rare Tokens Attending Rare Tokens": -0.8535533997493756,
    "Document Tokens Attending Very Rare Tokens": -0.8533070639918722,
    "Rare Document Tokens Attending Very Rare Tokens": -0.8528143924768653,
    "All Tokens Attending Very Rare Tokens": -0.8523217209618584,
    "Rare Tokens Attending Very Rare Tokens": -0.850351034901831,
    "Very Rare Document Tokens Attending Very Rare Tokens": -0.8498583633868241,
    "Rare Tokens Attending Rare Tokens": -0.8471486700542865,
    "Very Rare Tokens Attending Very Rare Tokens": -0.8375415755116528,
    "Rare Document Tokens Attending Very Rare Document Tokens": -0.8348318821791151,
    "Rare Tokens Attending Very Rare Document Tokens": -0.8348318821791151,
    "Very Rare Document Tokens Attending Very Rare Document Tokens": -0.8212834155164267,
    "Very Rare Tokens Attending Very Rare Document Tokens": -0.8212834155164267,
    "Document Tokens Attending Rare Synonymous Tokens": -0.7870427452234502,
    "Rare Document Tokens Attending Synonymous Tokens": -0.785811066435933,
    "Document Tokens Attending Synonymous Tokens": -0.7843330518909125,
    "Rare Document Tokens Attending Rare Synonymous Tokens": -0.7835940446184022,
    "All Tokens Attending Synonymous Document Tokens": -0.7828550373458919,
    "Document Tokens Attending Synonymous Document Tokens": -0.7828550373458919,
    "Very Rare Document Tokens Attending Very Rare Synonymous Tokens": -0.781130687043368,
    "Document Tokens Attending Rare Synonymous Document Tokens": -0.7808843512858644,
    "Rare Tokens Attending Synonymous Document Tokens": -0.7808843512858644,
    "Rare Document Tokens Attending Synonymous Document Tokens": -0.7808843512858644,
    "All Tokens Attending Rare Synonymous Document Tokens": -0.7808843512858644,
    "Very Rare Document Tokens Attending Rare Synonymous Tokens": -0.7803916797708577,
    "All Tokens Attending Synonymous Tokens": -0.779406336740844,
    "Rare Document Tokens Attending Very Rare Synonymous Tokens": -0.778913665225837,
    "Very Rare Document Tokens Attending Synonymous Tokens": -0.778913665225837,
    "Document Tokens Attending Very Rare Synonymous Tokens": -0.7784209937108302,
    "Rare Document Tokens Attending Rare Synonymous Document Tokens": -0.7784209937108302,
    "Rare Tokens Attending Rare Synonymous Document Tokens": -0.7784209937108302,
    "Rare Tokens Attending Rare Synonymous Tokens": -0.77768198643832,
    "All Tokens Attending Rare Synonymous Tokens": -0.7752186288632856,
    "Rare Tokens Attending Synonymous Tokens": -0.7752186288632856,
    "Rare Tokens Attending Very Rare Synonymous Document Tokens": -0.7720162640157411,
    "Rare Document Tokens Attending Very Rare Synonymous Document Tokens": -0.7720162640157411,
    "Very Rare Document Tokens Attending Synonymous Document Tokens": -0.7700455779557137,
    "Very Rare Document Tokens Attending Rare Synonymous Document Tokens": -0.7700455779557137,
    "Very Rare Tokens Attending Rare Synonymous Document Tokens": -0.7700455779557137,
    "Very Rare Tokens Attending Synonymous Document Tokens": -0.7700455779557137,
    "Very Rare Tokens Attending Rare Synonymous Tokens": -0.7690602349257,
    "Very Rare Tokens Attending Synonymous Tokens": -0.7685675634106931,
    "Very Rare Tokens Attending Very Rare Synonymous Tokens": -0.7675822203806794,
    "Very Rare Document Tokens Attending Very Rare Synonymous Document Tokens": -0.7670895488656725,
    "Very Rare Tokens Attending Very Rare Synonymous Document Tokens": -0.7670895488656725,
    "Document Tokens Attending Very Rare Synonymous Document Tokens": -0.7665968773506657,
    "All Tokens Attending Very Rare Synonymous Document Tokens": -0.7665968773506657,
    "Rare Tokens Attending Very Rare Synonymous Tokens": -0.766104205835659,
    "Rare Tokens Attending Rare Query Tokens": -0.763887184018128,
    "All Tokens Attending Very Rare Synonymous Tokens": -0.7626555052306109,
    "Very Rare Tokens Attending Rare Query Tokens": -0.7594531403830663,
    "All Tokens Attending Rare Synonymous Query Tokens": -0.7562507755355218,
    "Rare Document Tokens Attending Matching Word Tokens": -0.7562507755355218,
    "Rare Document Tokens Attending Rare Matching Word Tokens": -0.7562507755355218,
    "Rare Tokens Attending Synonymous Query Tokens": -0.7562507755355218,
    "Document Tokens Attending Rare Matching Word Tokens": -0.7562507755355218,
    "Very Rare Tokens Attending Very Rare Query Tokens": -0.7560044397780183,
    "Rare Tokens Attending Very Rare Query Tokens": -0.7550190967480046,
    "Very Rare Tokens Attending Synonymous Query Tokens": -0.7528020749304738,
    "All Tokens Attending Rare Query Tokens": -0.7520630676579635,
    "Rare Tokens Attending Rare Synonymous Query Tokens": -0.7503387173554396,
    "All Tokens Attending Synonymous Query Tokens": -0.7493533743254258,
    "All Tokens Attending Very Rare Query Tokens": -0.7491070385679224,
    "Very Rare Tokens Attending Rare Synonymous Query Tokens": -0.7473826882653983,
    "Rare Tokens Attending Very Rare Synonymous Query Tokens": -0.7463973452353846,
    "All Tokens Attending Very Rare Synonymous Query Tokens": -0.7463973452353846,
    "Very Rare Document Tokens Attending Matching Word Tokens": -0.7335878858452064,
    "Very Rare Document Tokens Attending Very Rare Matching Word Tokens": -0.7335878858452064,
    "Very Rare Document Tokens Attending Rare Matching Word Tokens": -0.7335878858452064,
    "Rare Document Tokens Attending Very Rare Matching Word Tokens": -0.7335878858452064,
    "Document Tokens Attending Very Rare Matching Word Tokens": -0.7335878858452064,
    "Very Rare Tokens Attending Very Rare Synonymous Query Tokens": -0.7306318567551653,
    "Document Tokens Attending Rare Query Tokens": -0.7259514773626002,
    "Rare Tokens Attending Rare Matching Word Tokens": -0.7229954482725591,
    "Rare Tokens Attending Matching Word Tokens": -0.7229954482725591,
    "All Tokens Attending Rare Matching Word Tokens": -0.7229954482725591,
    "Rare Document Tokens Attending Rare Query Tokens": -0.7220101052425454,
    "Very Rare Document Tokens Attending Rare Query Tokens": -0.7185614046374973,
    "All Tokens Attending Rare Matching Word Query Tokens": -0.7099396531248774,
    "Rare Tokens Attending Rare Matching Word Query Tokens": -0.7099396531248774,
    "Rare Tokens Attending Matching Word Query Tokens": -0.7099396531248774,
    "Rare Document Tokens Attending Very Rare Query Tokens": -0.7082153028223535,
    "Document Tokens Attending Very Rare Query Tokens": -0.7077226313073466,
    "Very Rare Document Tokens Attending Very Rare Query Tokens": -0.7047666022173054,
    "Very Rare Document Tokens Attending Query Tokens": -0.7047666022173054,
    "Rare Document Tokens Attending Query Tokens": -0.7042739307022986,
    "Rare Tokens Attending Very Rare Matching Word Query Tokens": -0.6914644713121204,
    "Very Rare Tokens Attending Rare Matching Word Query Tokens": -0.6914644713121204,
    "Very Rare Tokens Attending Very Rare Matching Word Query Tokens": -0.6914644713121204,