{
    "Document Tokens Attending Rare Tokens": -0.7459399332591768,
    "Document Tokens Attending Very Rare Tokens": -0.742825361512792,
    "All Tokens Attending Rare Tokens": -0.7414905450500555,
    "All Tokens Attending Very Rare Tokens": -0.739265850945495,
    "Rare Document Tokens Attending Rare Tokens": -0.7388209121245829,
    "Very Rare Document Tokens Attending Rare Tokens": -0.7187986651835372,
    "Document Tokens Attending Rare Document Tokens": -0.7147942157953281,
    "All Tokens Attending Rare Document Tokens": -0.7147942157953281,
    "All Tokens Attending Very Rare Document Tokens": -0.7139043381535038,
    "Document Tokens Attending Very Rare Document Tokens": -0.7139043381535038,
    "Rare Tokens Attending Rare Tokens": -0.7067853170189099,
    "Rare Document Tokens Attending Very Rare Tokens": -0.7063403781979978,
    "Very Rare Tokens Attending Rare Document Tokens": -0.7041156840934372,
    "Very Rare Document Tokens Attending Rare Document Tokens": -0.7041156840934372,
    "Rare Document Tokens Attending Very Rare Document Tokens": -0.7023359288097887,
    "Rare Tokens Attending Very Rare Document Tokens": -0.7023359288097887,
    "Rare Tokens Attending Rare Document Tokens": -0.696551724137931,
    "Rare Document Tokens Attending Rare Document Tokens": -0.696551724137931,
    "Very Rare Tokens Attending Rare Tokens": -0.6743047830923248,
    "Rare Tokens Attending Very Rare Tokens": -0.6547274749721913,
    "Very Rare Document Tokens Attending Very Rare Document Tokens": -0.6542825361512792,
    "Very Rare Tokens Attending Very Rare Document Tokens": -0.6542825361512792,
    "Very Rare Document Tokens Attending Very Rare Tokens": -0.643159065628476,
    "Very Rare Tokens Attending Very Rare Tokens": -0.6102335928809789,
    "Rare Document Tokens Attending Rare Synonymous Tokens": -0.5768631813125694,
    "Document Tokens Attending Synonymous Tokens": -0.5759733036707452,
    "All Tokens Attending Synonymous Tokens": -0.5675194660734149,
    "Very Rare Document Tokens Attending Synonymous Tokens": -0.5670745272525028,
    "Very Rare Document Tokens Attending Rare Synonymous Tokens": -0.5666295884315907,
    "Document Tokens Attending Rare Synonymous Tokens": -0.5661846496106785,
    "Rare Document Tokens Attending Synonymous Tokens": -0.5661846496106785,
    "Document Tokens Attending Rare Query Tokens": -0.5657397107897664,
    "Rare Tokens Attending Rare Synonymous Tokens": -0.5639599555061179,
    "All Tokens Attending Rare Synonymous Tokens": -0.5635150166852058,
    "Rare Tokens Attending Synonymous Tokens": -0.5635150166852058,
    "Rare Document Tokens Attending Rare Query Tokens": -0.5626251390433815,
    "Very Rare Document Tokens Attending Rare Query Tokens": -0.5626251390433815,
    "Rare Document Tokens Attending Very Rare Query Tokens": -0.5621802002224694,
    "All Tokens Attending Synonymous Document Tokens": -0.5617352614015573,
    "Document Tokens Attending Synonymous Document Tokens": -0.5617352614015573,
    "Rare Document Tokens Attending Very Rare Synonymous Tokens": -0.5612903225806452,
    "Document Tokens Attending Very Rare Synonymous Tokens": -0.5612903225806452,
    "Rare Document Tokens Attending Rare Synonymous Document Tokens": -0.5595105672969966,
    "Rare Tokens Attending Rare Synonymous Document Tokens": -0.5595105672969966,
    "Document Tokens Attending Very Rare Query Tokens": -0.5581757508342603,
    "Very Rare Tokens Attending Rare Query Tokens": -0.5555061179087876,
    "Document Tokens Attending Rare Synonymous Document Tokens": -0.5555061179087876,
    "Rare Tokens Attending Synonymous Document Tokens": -0.5555061179087876,
    "Rare Document Tokens Attending Synonymous Document Tokens": -0.5555061179087876,
    "All Tokens Attending Rare Synonymous Document Tokens": -0.5555061179087876,
    "Rare Tokens Attending Rare Query Tokens": -0.553281423804227,
    "Very Rare Document Tokens Attending Very Rare Query Tokens": -0.5510567296996662,
    "Very Rare Tokens Attending Rare Synonymous Tokens": -0.5479421579532814,
    "All Tokens Attending Rare Query Tokens": -0.5474972191323693,
    "Very Rare Document Tokens Attending Very Rare Synonymous Tokens": -0.5457174638487208,
    "Very Rare Tokens Attending Synonymous Tokens": -0.5399332591768632,
    "Rare Tokens Attending Very Rare Synonymous Tokens": -0.5399332591768632,
    "Rare Tokens Attending Very Rare Query Tokens": -0.535483870967742,
    "Very Rare Tokens Attending Very Rare Query Tokens": -0.5350389321468298,
    "All Tokens Attending Very Rare Synonymous Tokens": -0.5345939933259177,
    "All Tokens Attending Very Rare Query Tokens": -0.5296996662958843,
    "Very Rare Tokens Attending Very Rare Synonymous Tokens": -0.52880978865406,
    "Very Rare Document Tokens Attending Rare Synonymous Document Tokens": -0.5101223581757508,
    "Very Rare Tokens Attending Rare Synonymous Document Tokens": -0.5101223581757508,
    "Document Tokens Attending Very Rare Synonymous Document Tokens": -0.5101223581757508,
    "All Tokens Attending Very Rare Synonymous Document Tokens": -0.5101223581757508,
    "Very Rare Document Tokens Attending Very Rare Synonymous Document Tokens": -0.5056729699666296,
    "Very Rare Tokens Attending Very Rare Synonymous Document Tokens": -0.5056729699666296,
    "Very Rare Document Tokens Attending Synonymous Document Tokens": -0.5021134593993326,
    "Rare Tokens Attending Very Rare Synonymous Document Tokens": -0.5021134593993326,
    "Rare Document Tokens Attending Very Rare Synonymous Document Tokens": -0.5021134593993326,
    "Very Rare Tokens Attending Synonymous Document Tokens": -0.5021134593993326,
    "Rare Document Tokens Attending Matching Word Tokens": -0.49276974416017794,
    "Rare Document Tokens Attending Rare Matching Word Tokens": -0.49276974416017794,
    "Document Tokens Attending Rare Matching Word Tokens": -0.49276974416017794,
    "Document Tokens Attending Query Tokens": -0.4909899888765294,
    "Rare Document Tokens Attending Rare Synonymous Query Tokens": -0.4825361512791991,
    "Document Tokens Attending Synonymous Query Tokens": -0.4825361512791991,
    "Document Tokens Attending Rare Synonymous Query Tokens": -0.4825361512791991,
    "Rare Document Tokens Attending Synonymous Query Tokens": -0.4825361512791991,
    "Very Rare Document Tokens Attending Synonymous Query Tokens": -0.47497219132369295,
    "Very Rare Document Tokens Attending Rare Synonymous Query Tokens": -0.4682981090100112,
    "Very Rare Document Tokens Attending Query Tokens": -0.46785317018909905,
    "Document Tokens Attending Very Rare Synonymous Query Tokens": -0.4651835372636262,
    "Document Tokens Attending Rare Matching Word Query Tokens": -0.4651835372636262,
    "Rare Document Tokens Attending Very Rare Synonymous Query Tokens": -0.4651835372636262,
    "Rare Document Tokens Attending Rare Matching Word Query Tokens": -0.4651835372636262,
    "Rare Document Tokens Attending Matching Word Query Tokens": -0.4651835372636262,
    "Very Rare Document Tokens Attending Rare Matching Word Query Tokens": -0.45984427141268075,
    "Very Rare Document Tokens Attending Matching Word Query Tokens": -0.45984427141268075,
    "Very Rare Document Tokens Attending Very Rare Matching Word Query Tokens": -0.45984427141268075,
    "Document Tokens Attending Very Rare Matching Word Query Tokens": -0.45984427141268075,
    "Rare Document Tokens Attending Very Rare Matching Word Query Tokens": -0.45984427141268075,
    "Rare Document Tokens Attending Query Tokens": -0.4589543937708565,
    "Very Rare Document Tokens Attending Very Rare Synonymous Query Tokens": -0.45850945494994433,
    "All Tokens Attending Rare Synonymous Query Tokens": -0.45494994438264746,
    "Rare Tokens Attending Rare Synonymous Query Tokens": -0.45494994438264746,
    "Rare Tokens Attending Synonymous Query Tokens": -0.45494994438264746,
    "All Tokens Attending Synonymous Query Tokens": -0.4522803114571746,