{
    "Document Tokens Attending Very Rare Tokens": -0.6703003337041158,
    "Document Tokens Attending Rare Tokens": -0.6658509454949945,
    "All Tokens Attending Very Rare Tokens": -0.6614015572858732,
    "All Tokens Attending Very Rare Document Tokens": -0.6582869855394883,
    "Document Tokens Attending Very Rare Document Tokens": -0.6582869855394883,
    "All Tokens Attending Rare Tokens": -0.657842046718576,
    "Document Tokens Attending Rare Document Tokens": -0.6529477196885429,
    "All Tokens Attending Rare Document Tokens": -0.6529477196885429,
    "Rare Document Tokens Attending Rare Tokens": -0.6511679644048943,
    "Rare Document Tokens Attending Very Rare Document Tokens": -0.6320355951056729,
    "Rare Tokens Attending Very Rare Document Tokens": -0.6320355951056729,
    "Very Rare Tokens Attending Rare Document Tokens": -0.6311457174638487,
    "Very Rare Document Tokens Attending Rare Document Tokens": -0.6311457174638487,
    "Rare Tokens Attending Rare Document Tokens": -0.6284760845383759,
    "Rare Document Tokens Attending Rare Document Tokens": -0.6284760845383759,
    "Very Rare Document Tokens Attending Rare Tokens": -0.625361512791991,
    "Rare Tokens Attending Rare Tokens": -0.6169076751946607,
    "Rare Document Tokens Attending Very Rare Tokens": -0.6102335928809789,
    "Very Rare Tokens Attending Rare Tokens": -0.5790878754171301,
    "Very Rare Document Tokens Attending Very Rare Document Tokens": -0.5755283648498332,
    "Very Rare Tokens Attending Very Rare Document Tokens": -0.5755283648498332,
    "Rare Tokens Attending Very Rare Tokens": -0.5590656284760844,
    "Very Rare Document Tokens Attending Very Rare Tokens": -0.5408231368186874,
    "Very Rare Tokens Attending Very Rare Tokens": -0.5087875417130144,
    "All Tokens Attending Synonymous Document Tokens": -0.4874304783092325,
    "Document Tokens Attending Synonymous Document Tokens": -0.4874304783092325,
    "Rare Document Tokens Attending Rare Synonymous Document Tokens": -0.4829810901001112,
    "Rare Tokens Attending Rare Synonymous Document Tokens": -0.4829810901001112,
    "All Tokens Attending Synonymous Tokens": -0.4829810901001112,
    "Rare Document Tokens Attending Rare Synonymous Tokens": -0.4829810901001112,
    "Document Tokens Attending Synonymous Tokens": -0.48031145717463847,
    "Document Tokens Attending Rare Synonymous Document Tokens": -0.47897664071190205,
    "Rare Tokens Attending Synonymous Document Tokens": -0.47897664071190205,
    "Rare Document Tokens Attending Synonymous Document Tokens": -0.47897664071190205,
    "All Tokens Attending Rare Synonymous Document Tokens": -0.47897664071190205,
    "Rare Tokens Attending Rare Synonymous Tokens": -0.4780867630700778,
    "All Tokens Attending Rare Synonymous Tokens": -0.4767519466073415,
    "Rare Tokens Attending Synonymous Tokens": -0.4767519466073415,
    "Very Rare Document Tokens Attending Rare Synonymous Tokens": -0.47274749721913245,
    "Very Rare Document Tokens Attending Synonymous Tokens": -0.47141268075639603,
    "Document Tokens Attending Rare Synonymous Tokens": -0.4709677419354839,
    "Rare Document Tokens Attending Synonymous Tokens": -0.4709677419354839,
    "Rare Document Tokens Attending Very Rare Synonymous Tokens": -0.46651835372636263,
    "Document Tokens Attending Very Rare Synonymous Tokens": -0.46651835372636263,
    "Very Rare Tokens Attending Rare Synonymous Tokens": -0.46206896551724136,
    "Document Tokens Attending Rare Query Tokens": -0.46206896551724136,
    "Document Tokens Attending Very Rare Query Tokens": -0.457174638487208,
    "Very Rare Document Tokens Attending Very Rare Synonymous Tokens": -0.45317018909899887,
    "Very Rare Tokens Attending Synonymous Tokens": -0.4522803114571746,
    "Rare Tokens Attending Very Rare Synonymous Tokens": -0.4522803114571746,
    "All Tokens Attending Very Rare Synonymous Tokens": -0.4460511679644049,
    "Rare Document Tokens Attending Rare Query Tokens": -0.44560622914349274,
    "Very Rare Tokens Attending Very Rare Synonymous Tokens": -0.4451612903225806,
    "Very Rare Document Tokens Attending Rare Query Tokens": -0.44471635150166855,
    "Rare Document Tokens Attending Very Rare Query Tokens": -0.44382647385984425,
    "All Tokens Attending Rare Query Tokens": -0.4398220244716351,
    "Very Rare Tokens Attending Rare Query Tokens": -0.435817575083426,
    "Rare Tokens Attending Rare Query Tokens": -0.43403781979977757,
    "Very Rare Document Tokens Attending Very Rare Query Tokens": -0.4309232480533926,
    "Very Rare Document Tokens Attending Rare Synonymous Document Tokens": -0.4304783092324805,
    "Very Rare Tokens Attending Rare Synonymous Document Tokens": -0.4304783092324805,
    "Document Tokens Attending Very Rare Synonymous Document Tokens": -0.4304783092324805,
    "All Tokens Attending Very Rare Synonymous Document Tokens": -0.4304783092324805,
    "Very Rare Document Tokens Attending Very Rare Synonymous Document Tokens": -0.4291434927697442,
    "Very Rare Tokens Attending Very Rare Synonymous Document Tokens": -0.4291434927697442,
    "All Tokens Attending Very Rare Query Tokens": -0.4282536151279199,
    "Very Rare Document Tokens Attending Synonymous Document Tokens": -0.4206896551724138,
    "Rare Tokens Attending Very Rare Synonymous Document Tokens": -0.4206896551724138,
    "Rare Document Tokens Attending Very Rare Synonymous Document Tokens": -0.4206896551724138,
    "Very Rare Tokens Attending Synonymous Document Tokens": -0.4206896551724138,
    "Rare Tokens Attending Very Rare Query Tokens": -0.4162402669632926,
    "Very Rare Tokens Attending Very Rare Query Tokens": -0.4126807563959955,
    "Rare Document Tokens Attending Matching Word Tokens": -0.4113459399332592,
    "Rare Document Tokens Attending Rare Matching Word Tokens": -0.4113459399332592,
    "Document Tokens Attending Rare Matching Word Tokens": -0.4113459399332592,
    "Document Tokens Attending Query Tokens": -0.3935483870967742,
    "Rare Tokens Attending Rare Matching Word Tokens": -0.3681868743047831,
    "Rare Tokens Attending Matching Word Tokens": -0.3681868743047831,
    "All Tokens Attending Rare Matching Word Tokens": -0.3681868743047831,
    "Rare Tokens Attending Rare Matching Word Document Tokens": -0.36062291434927696,
    "Rare Document Tokens Attending Matching Word Document Tokens": -0.36062291434927696,
    "Rare Document Tokens Attending Rare Matching Word Document Tokens": -0.36062291434927696,
    "Document Tokens Attending Rare Matching Word Document Tokens": -0.36062291434927696,
    "Very Rare Document Tokens Attending Query Tokens": -0.36062291434927696,
    "Rare Tokens Attending Matching Word Document Tokens": -0.36062291434927696,
    "All Tokens Attending Rare Matching Word Document Tokens": -0.36062291434927696,
    "Rare Document Tokens Attending Query Tokens": -0.35261401557285876,
    "Rare Document Tokens Attending Rare Synonymous Query Tokens": -0.3521690767519466,
    "Document Tokens Attending Synonymous Query Tokens": -0.3521690767519466,
    "Document Tokens Attending Rare Synonymous Query Tokens": -0.3521690767519466,
    "Rare Document Tokens Attending Synonymous Query Tokens": -0.3521690767519466,
    "Very Rare Document Tokens Attending Synonymous Query Tokens": -0.3454949944382647,
    "Very Rare Document Tokens Attending Rare Synonymous Query Tokens": -0.3388209121245828,
    "Document Tokens Attending Rare Matching Word Query Tokens": -0.33837597330367075,
    "Rare Document Tokens Attending Rare Matching Word Query Tokens": -0.33837597330367075,
    "Rare Document Tokens Attending Matching Word Query Tokens": -0.33837597330367075,