{
    "Document Tokens Attending Rare Tokens": -0.7508342602892103,
    "Rare Document Tokens Attending Rare Tokens": -0.7503893214682981,
    "All Tokens Attending Rare Tokens": -0.7472747497219132,
    "Document Tokens Attending Very Rare Tokens": -0.7441601779755282,
    "All Tokens Attending Very Rare Tokens": -0.7401557285873193,
    "Very Rare Document Tokens Attending Rare Tokens": -0.7383759733036708,
    "Rare Document Tokens Attending Very Rare Tokens": -0.7210233592880979,
    "Rare Tokens Attending Rare Tokens": -0.7192436040044494,
    "Very Rare Tokens Attending Rare Document Tokens": -0.7147942157953281,
    "Very Rare Document Tokens Attending Rare Document Tokens": -0.7147942157953281,
    "Document Tokens Attending Rare Document Tokens": -0.7134593993325918,
    "All Tokens Attending Rare Document Tokens": -0.7134593993325918,
    "All Tokens Attending Very Rare Document Tokens": -0.7085650723025584,
    "Document Tokens Attending Very Rare Document Tokens": -0.7085650723025584,
    "Rare Document Tokens Attending Very Rare Document Tokens": -0.7085650723025584,
    "Rare Tokens Attending Very Rare Document Tokens": -0.7085650723025584,
    "Rare Tokens Attending Rare Document Tokens": -0.7023359288097887,
    "Rare Document Tokens Attending Rare Document Tokens": -0.7023359288097887,
    "Very Rare Tokens Attending Rare Tokens": -0.6921023359288097,
    "Very Rare Document Tokens Attending Very Rare Document Tokens": -0.6694104560622914,
    "Very Rare Tokens Attending Very Rare Document Tokens": -0.6694104560622914,
    "Rare Tokens Attending Very Rare Tokens": -0.6694104560622914,
    "Very Rare Document Tokens Attending Very Rare Tokens": -0.6658509454949945,
    "Very Rare Tokens Attending Very Rare Tokens": -0.6307007786429366,
    "Document Tokens Attending Synonymous Tokens": -0.607119021134594,
    "Rare Document Tokens Attending Rare Synonymous Tokens": -0.6057842046718577,
    "Very Rare Document Tokens Attending Synonymous Tokens": -0.5995550611790879,
    "Very Rare Document Tokens Attending Rare Synonymous Tokens": -0.5991101223581757,
    "Document Tokens Attending Rare Synonymous Tokens": -0.5977753058954393,
    "Rare Document Tokens Attending Synonymous Tokens": -0.5977753058954393,
    "Rare Document Tokens Attending Very Rare Synonymous Tokens": -0.593325917686318,
    "Document Tokens Attending Very Rare Synonymous Tokens": -0.593325917686318,
    "All Tokens Attending Synonymous Tokens": -0.5919911012235817,
    "Rare Tokens Attending Rare Synonymous Tokens": -0.589321468298109,
    "All Tokens Attending Rare Synonymous Tokens": -0.5888765294771968,
    "Rare Tokens Attending Synonymous Tokens": -0.5888765294771968,
    "Rare Document Tokens Attending Very Rare Query Tokens": -0.5888765294771968,
    "Rare Document Tokens Attending Rare Query Tokens": -0.5870967741935484,
    "Very Rare Document Tokens Attending Rare Query Tokens": -0.585761957730812,
    "All Tokens Attending Synonymous Document Tokens": -0.5848720800889877,
    "Document Tokens Attending Synonymous Document Tokens": -0.5848720800889877,
    "Rare Document Tokens Attending Rare Synonymous Document Tokens": -0.5830923248053392,
    "Rare Tokens Attending Rare Synonymous Document Tokens": -0.5830923248053392,
    "Document Tokens Attending Rare Synonymous Document Tokens": -0.5790878754171301,
    "Rare Tokens Attending Synonymous Document Tokens": -0.5790878754171301,
    "Rare Document Tokens Attending Synonymous Document Tokens": -0.5790878754171301,
    "All Tokens Attending Rare Synonymous Document Tokens": -0.5790878754171301,
    "Very Rare Tokens Attending Rare Query Tokens": -0.578642936596218,
    "Document Tokens Attending Rare Query Tokens": -0.5781979977753059,
    "Very Rare Document Tokens Attending Very Rare Query Tokens": -0.5777530589543938,
    "Very Rare Document Tokens Attending Very Rare Synonymous Tokens": -0.5773081201334815,
    "Rare Tokens Attending Rare Query Tokens": -0.5764182424916573,
    "Very Rare Tokens Attending Rare Synonymous Tokens": -0.575083426028921,
    "Document Tokens Attending Very Rare Query Tokens": -0.5719688542825361,
    "Very Rare Tokens Attending Synonymous Tokens": -0.567964404894327,
    "Rare Tokens Attending Very Rare Synonymous Tokens": -0.567964404894327,
    "All Tokens Attending Rare Query Tokens": -0.5652947719688542,
    "All Tokens Attending Very Rare Synonymous Tokens": -0.5621802002224694,
    "Very Rare Tokens Attending Very Rare Query Tokens": -0.5617352614015573,
    "Rare Tokens Attending Very Rare Query Tokens": -0.5612903225806452,
    "Very Rare Tokens Attending Very Rare Synonymous Tokens": -0.5559510567296997,
    "All Tokens Attending Very Rare Query Tokens": -0.5439377085650723,
    "Very Rare Document Tokens Attending Rare Synonymous Document Tokens": -0.5381535038932147,
    "Very Rare Tokens Attending Rare Synonymous Document Tokens": -0.5381535038932147,
    "Document Tokens Attending Very Rare Synonymous Document Tokens": -0.5381535038932147,
    "All Tokens Attending Very Rare Synonymous Document Tokens": -0.5381535038932147,
    "Very Rare Document Tokens Attending Very Rare Synonymous Document Tokens": -0.5314794215795328,
    "Very Rare Tokens Attending Very Rare Synonymous Document Tokens": -0.5314794215795328,
    "Very Rare Document Tokens Attending Synonymous Document Tokens": -0.5310344827586206,
    "Rare Tokens Attending Very Rare Synonymous Document Tokens": -0.5310344827586206,
    "Rare Document Tokens Attending Very Rare Synonymous Document Tokens": -0.5310344827586206,
    "Very Rare Tokens Attending Synonymous Document Tokens": -0.5310344827586206,
    "Rare Document Tokens Attending Rare Synonymous Query Tokens": -0.5270300333704115,
    "Document Tokens Attending Synonymous Query Tokens": -0.5270300333704115,
    "Document Tokens Attending Rare Synonymous Query Tokens": -0.5270300333704115,
    "Rare Document Tokens Attending Synonymous Query Tokens": -0.5270300333704115,
    "Rare Document Tokens Attending Matching Word Tokens": -0.5221357063403782,
    "Rare Document Tokens Attending Rare Matching Word Tokens": -0.5221357063403782,
    "Document Tokens Attending Rare Matching Word Tokens": -0.5221357063403782,
    "Very Rare Document Tokens Attending Synonymous Query Tokens": -0.5190211345939933,
    "Very Rare Document Tokens Attending Rare Synonymous Query Tokens": -0.5127919911012235,
    "Document Tokens Attending Very Rare Synonymous Query Tokens": -0.5101223581757508,
    "Rare Document Tokens Attending Very Rare Synonymous Query Tokens": -0.5101223581757508,
    "Document Tokens Attending Query Tokens": -0.5092324805339266,
    "Document Tokens Attending Rare Matching Word Query Tokens": -0.5087875417130144,
    "Rare Document Tokens Attending Rare Matching Word Query Tokens": -0.5087875417130144,
    "Rare Document Tokens Attending Matching Word Query Tokens": -0.5087875417130144,
    "Very Rare Document Tokens Attending Very Rare Synonymous Query Tokens": -0.5043381535038932,
    "Very Rare Document Tokens Attending Rare Matching Word Query Tokens": -0.49988876529477194,
    "Very Rare Document Tokens Attending Matching Word Query Tokens": -0.49988876529477194,
    "Very Rare Document Tokens Attending Very Rare Matching Word Query Tokens": -0.49988876529477194,
    "Document Tokens Attending Very Rare Matching Word Query Tokens": -0.49988876529477194,
    "Rare Document Tokens Attending Very Rare Matching Word Query Tokens": -0.49988876529477194,
    "Very Rare Document Tokens Attending Query Tokens": -0.4883203559510568,
    "Rare Document Tokens Attending Query Tokens": -0.48031145717463847,
    "All Tokens Attending Rare Synonymous Query Tokens": -0.4780867630700778,
    "Rare Tokens Attending Rare Synonymous Query Tokens": -0.4780867630700778,
    "Rare Tokens Attending Synonymous Query Tokens": -0.4780867630700778,
    "All Tokens Attending Synonymous Query Tokens": -0.47630700778642937,