{
    "All Tokens Attending Very Rare Tokens": -0.8189098998887653,
    "Document Tokens Attending Very Rare Tokens": -0.8157953281423804,
    "Document Tokens Attending Rare Tokens": -0.8095661846496106,
    "All Tokens Attending Rare Tokens": -0.8077864293659621,
    "Rare Document Tokens Attending Rare Tokens": -0.8024471635150167,
    "Rare Document Tokens Attending Very Rare Tokens": -0.8024471635150167,
    "Very Rare Document Tokens Attending Rare Tokens": -0.7997775305895439,
    "Rare Tokens Attending Rare Tokens": -0.7784204671857619,
    "Very Rare Tokens Attending Rare Tokens": -0.7597330367074527,
    "Very Rare Document Tokens Attending Very Rare Tokens": -0.7552836484983315,
    "Rare Document Tokens Attending Very Rare Document Tokens": -0.7508342602892103,
    "Rare Tokens Attending Very Rare Document Tokens": -0.7508342602892103,
    "Rare Tokens Attending Very Rare Tokens": -0.7503893214682981,
    "All Tokens Attending Very Rare Document Tokens": -0.7472747497219132,
    "Document Tokens Attending Very Rare Document Tokens": -0.7472747497219132,
    "Very Rare Tokens Attending Rare Document Tokens": -0.7459399332591768,
    "Very Rare Document Tokens Attending Rare Document Tokens": -0.7459399332591768,
    "Document Tokens Attending Rare Document Tokens": -0.7410456062291434,
    "All Tokens Attending Rare Document Tokens": -0.7410456062291434,
    "Very Rare Document Tokens Attending Very Rare Document Tokens": -0.732146829810901,
    "Very Rare Tokens Attending Very Rare Document Tokens": -0.732146829810901,
    "Rare Tokens Attending Rare Document Tokens": -0.7303670745272525,
    "Rare Document Tokens Attending Rare Document Tokens": -0.7303670745272525,
    "Very Rare Tokens Attending Very Rare Tokens": -0.7272525027808675,
    "Very Rare Document Tokens Attending Rare Query Tokens": -0.7232480533926585,
    "Very Rare Tokens Attending Rare Query Tokens": -0.7192436040044494,
    "Document Tokens Attending Rare Query Tokens": -0.717908787541713,
    "Rare Tokens Attending Rare Query Tokens": -0.7147942157953281,
    "Rare Document Tokens Attending Rare Query Tokens": -0.7139043381535038,
    "Rare Document Tokens Attending Very Rare Query Tokens": -0.7139043381535038,
    "Very Rare Document Tokens Attending Very Rare Query Tokens": -0.7103448275862069,
    "Rare Document Tokens Attending Rare Synonymous Tokens": -0.7098998887652946,
    "Document Tokens Attending Synonymous Tokens": -0.7081201334816463,
    "All Tokens Attending Rare Query Tokens": -0.703670745272525,
    "Document Tokens Attending Rare Synonymous Tokens": -0.699666295884316,
    "Rare Document Tokens Attending Synonymous Tokens": -0.699666295884316,
    "Document Tokens Attending Very Rare Query Tokens": -0.6992213570634038,
    "Very Rare Document Tokens Attending Synonymous Tokens": -0.6992213570634038,
    "Very Rare Document Tokens Attending Rare Synonymous Tokens": -0.6987764182424916,
    "Very Rare Tokens Attending Very Rare Query Tokens": -0.6969966629588431,
    "Rare Document Tokens Attending Very Rare Synonymous Tokens": -0.6956618464961067,
    "Document Tokens Attending Very Rare Synonymous Tokens": -0.6956618464961067,
    "Rare Tokens Attending Very Rare Query Tokens": -0.6938820912124583,
    "All Tokens Attending Synonymous Tokens": -0.6907675194660734,
    "Rare Tokens Attending Rare Synonymous Tokens": -0.6872080088987764,
    "All Tokens Attending Rare Synonymous Tokens": -0.6863181312569522,
    "Rare Tokens Attending Synonymous Tokens": -0.6863181312569522,
    "Very Rare Document Tokens Attending Very Rare Synonymous Tokens": -0.6791991101223581,
    "All Tokens Attending Very Rare Query Tokens": -0.6765294771968854,
    "Very Rare Tokens Attending Rare Synonymous Tokens": -0.671635150166852,
    "Very Rare Tokens Attending Synonymous Tokens": -0.6680756395995551,
    "Rare Tokens Attending Very Rare Synonymous Tokens": -0.6680756395995551,
    "Rare Document Tokens Attending Rare Synonymous Document Tokens": -0.6658509454949945,
    "Rare Tokens Attending Rare Synonymous Document Tokens": -0.6658509454949945,
    "All Tokens Attending Very Rare Synonymous Tokens": -0.6649610678531702,
    "All Tokens Attending Synonymous Document Tokens": -0.6645161290322581,
    "Document Tokens Attending Synonymous Document Tokens": -0.6645161290322581,
    "Document Tokens Attending Rare Synonymous Document Tokens": -0.6622914349276974,
    "Rare Tokens Attending Synonymous Document Tokens": -0.6622914349276974,
    "Rare Document Tokens Attending Synonymous Document Tokens": -0.6622914349276974,
    "All Tokens Attending Rare Synonymous Document Tokens": -0.6622914349276974,
    "Rare Document Tokens Attending Rare Synonymous Query Tokens": -0.6587319243604004,
    "Document Tokens Attending Synonymous Query Tokens": -0.6587319243604004,
    "Document Tokens Attending Rare Synonymous Query Tokens": -0.6587319243604004,
    "Rare Document Tokens Attending Synonymous Query Tokens": -0.6587319243604004,
    "Very Rare Document Tokens Attending Synonymous Query Tokens": -0.6542825361512792,
    "Very Rare Tokens Attending Very Rare Synonymous Tokens": -0.6525027808676307,
    "Very Rare Document Tokens Attending Rare Synonymous Query Tokens": -0.6480533926585095,
    "Document Tokens Attending Rare Matching Word Query Tokens": -0.6471635150166852,
    "Rare Document Tokens Attending Rare Matching Word Query Tokens": -0.6471635150166852,
    "Rare Document Tokens Attending Matching Word Query Tokens": -0.6471635150166852,
    "Document Tokens Attending Very Rare Synonymous Query Tokens": -0.6458286985539488,
    "Rare Document Tokens Attending Very Rare Synonymous Query Tokens": -0.6458286985539488,
    "Very Rare Document Tokens Attending Rare Matching Word Query Tokens": -0.6436040044493881,
    "Very Rare Document Tokens Attending Matching Word Query Tokens": -0.6436040044493881,
    "Very Rare Document Tokens Attending Very Rare Matching Word Query Tokens": -0.6436040044493881,
    "Document Tokens Attending Very Rare Matching Word Query Tokens": -0.6436040044493881,
    "Rare Document Tokens Attending Very Rare Matching Word Query Tokens": -0.6436040044493881,
    "Very Rare Document Tokens Attending Very Rare Synonymous Query Tokens": -0.6413793103448275,
    "Document Tokens Attending Query Tokens": -0.6387096774193549,
    "Rare Document Tokens Attending Matching Word Tokens": -0.6315906562847609,
    "Rare Document Tokens Attending Rare Matching Word Tokens": -0.6315906562847609,
    "Document Tokens Attending Rare Matching Word Tokens": -0.6315906562847609,
    "All Tokens Attending Synonymous Query Tokens": -0.6307007786429366,
    "All Tokens Attending Rare Synonymous Query Tokens": -0.6293659621802001,
    "Rare Tokens Attending Rare Synonymous Query Tokens": -0.6293659621802001,
    "Rare Tokens Attending Synonymous Query Tokens": -0.6293659621802001,
    "Very Rare Document Tokens Attending Rare Synonymous Document Tokens": -0.625361512791991,
    "Very Rare Tokens Attending Rare Synonymous Document Tokens": -0.625361512791991,
    "Document Tokens Attending Very Rare Synonymous Document Tokens": -0.625361512791991,
    "All Tokens Attending Very Rare Synonymous Document Tokens": -0.625361512791991,
    "Very Rare Document Tokens Attending Synonymous Document Tokens": -0.6218020022246942,
    "Rare Tokens Attending Very Rare Synonymous Document Tokens": -0.6218020022246942,
    "Rare Document Tokens Attending Very Rare Synonymous Document Tokens": -0.6218020022246942,
    "Very Rare Tokens Attending Synonymous Document Tokens": -0.6218020022246942,
    "Very Rare Document Tokens Attending Very Rare Synonymous Document Tokens": -0.617797552836485,
    "Very Rare Tokens Attending Very Rare Synonymous Document Tokens": -0.617797552836485,
    "Very Rare Document Tokens Attending Query Tokens": -0.6169076751946607,
    "Very Rare Tokens Attending Synonymous Query Tokens": -0.6133481646273637,