{
    "Very Rare Tokens Attending Rare Document Tokens": 0.8504273504273504,
    "Very Rare Document Tokens Attending Rare Document Tokens": 0.8504273504273504,
    "Rare Tokens Attending Rare Document Tokens": 0.8461538461538461,
    "Rare Document Tokens Attending Rare Document Tokens": 0.8461538461538461,
    "Rare Document Tokens Attending Very Rare Tokens": 0.8443223443223443,
    "Very Rare Document Tokens Attending Rare Tokens": 0.8418803418803419,
    "Rare Document Tokens Attending Rare Tokens": 0.8315018315018315,
    "Document Tokens Attending Rare Document Tokens": 0.8284493284493284,
    "All Tokens Attending Rare Document Tokens": 0.8284493284493284,
    "Very Rare Tokens Attending Rare Tokens": 0.8247863247863249,
    "Rare Tokens Attending Rare Tokens": 0.818070818070818,
    "Rare Tokens Attending Very Rare Tokens": 0.8076923076923076,
    "All Tokens Attending Very Rare Document Tokens": 0.8015873015873015,
    "Document Tokens Attending Very Rare Document Tokens": 0.8015873015873015,
    "Rare Document Tokens Attending Very Rare Document Tokens": 0.7991452991452991,
    "Rare Tokens Attending Very Rare Document Tokens": 0.7991452991452991,
    "Document Tokens Attending Rare Tokens": 0.7967032967032966,
    "All Tokens Attending Rare Tokens": 0.7967032967032966,
    "Document Tokens Attending Very Rare Tokens": 0.7857142857142856,
    "All Tokens Attending Very Rare Tokens": 0.7838827838827838,
    "Very Rare Document Tokens Attending Very Rare Tokens": 0.7796092796092796,
    "Very Rare Document Tokens Attending Very Rare Document Tokens": 0.7625152625152625,
    "Very Rare Tokens Attending Very Rare Document Tokens": 0.7625152625152625,
    "Very Rare Tokens Attending Very Rare Tokens": 0.7625152625152625,
    "Document Tokens Attending Very Rare Lexical Match Query Tokens": 0.7002442002442002,
    "Rare Document Tokens Attending Very Rare Lexical Match Query Tokens": 0.7002442002442002,
    "Very Rare Document Tokens Attending Lexical Match Query Tokens": 0.7002442002442002,
    "Very Rare Document Tokens Attending Very Rare Lexical Match Query Tokens": 0.7002442002442002,
    "Very Rare Document Tokens Attending Rare Lexical Match Query Tokens": 0.7002442002442002,
    "Very Rare Tokens Attending Rare Query Tokens": 0.6996336996336996,
    "Very Rare Document Tokens Attending Very Rare Query Tokens": 0.6843711843711844,
    "Rare Document Tokens Attending Lexical Match Query Tokens": 0.6813186813186813,
    "Rare Document Tokens Attending Rare Lexical Match Query Tokens": 0.6813186813186813,
    "Document Tokens Attending Rare Lexical Match Query Tokens": 0.6813186813186813,
    "Very Rare Document Tokens Attending Rare Query Tokens": 0.6599511599511599,
    "Document Tokens Attending Rare Query Tokens": 0.6507936507936508,
    "Document Tokens Attending Very Rare Semantic Match Query Tokens": 0.6501831501831502,
    "Document Tokens Attending Rare Semantic Match Query Tokens": 0.6501831501831502,
    "Rare Document Tokens Attending Rare Semantic Match Query Tokens": 0.6501831501831502,
    "Very Rare Document Tokens Attending Rare Semantic Match Query Tokens": 0.6477411477411477,
    "Very Rare Document Tokens Attending Semantic Match Query Tokens": 0.6477411477411477,
    "Rare Document Tokens Attending Very Rare Semantic Match Query Tokens": 0.6477411477411477,
    "Rare Document Tokens Attending Rare Query Tokens": 0.6465201465201466,
    "Rare Document Tokens Attending Semantic Match Query Tokens": 0.6446886446886446,
    "Document Tokens Attending Semantic Match Query Tokens": 0.6446886446886446,
    "Rare Document Tokens Attending Very Rare Query Tokens": 0.6428571428571428,
    "Very Rare Document Tokens Attending Very Rare Semantic Match Query Tokens": 0.6391941391941393,
    "All Tokens Attending Rare Query Tokens": 0.6196581196581197,
    "Very Rare Tokens Attending Very Rare Query Tokens": 0.619047619047619,
    "Rare Tokens Attending Rare Query Tokens": 0.6135531135531135,
    "Rare Tokens Attending Very Rare Query Tokens": 0.5952380952380952,
    "Document Tokens Attending Very Rare Query Tokens": 0.5818070818070817,
    "All Tokens Attending Very Rare Query Tokens": 0.5268620268620269,
    "Document Tokens Attending Lexical Match Query Tokens": 0.5189255189255189,
    "Very Rare Document Tokens Attending Document Tokens": -0.5152625152625152,
    "Very Rare Tokens Attending Document Tokens": -0.5152625152625152,
    "Rare Tokens Attending Document Tokens": -0.4963369963369963,
    "Rare Document Tokens Attending Document Tokens": -0.4963369963369963,
    "Rare Tokens Attending Query Tokens": 0.49084249084249076,
    "Document Tokens Attending Query Tokens": 0.489010989010989,
    "All Tokens Attending Document Tokens": -0.4884004884004884,
    "All Tokens Attending Query Tokens": 0.4884004884004884,
    "Document Tokens Attending Document Tokens": -0.4884004884004884,
    "Very Rare Document Tokens Attending Semantic Match Tokens": 0.4731379731379732,
    "Very Rare Document Tokens Attending Rare Semantic Match Tokens": 0.46581196581196577,
    "Rare Tokens Attending Very Rare Semantic Match Query Tokens": 0.46459096459096455,
    "All Tokens Attending Semantic Match Query Tokens": 0.46336996336996333,
    "Rare Tokens Attending Semantic Match Query Tokens": 0.46336996336996333,
    "All Tokens Attending Rare Semantic Match Query Tokens": 0.46336996336996333,
    "All Tokens Attending Very Rare Semantic Match Query Tokens": 0.4627594627594628,
    "Very Rare Tokens Attending Rare Semantic Match Query Tokens": 0.4627594627594628,
    "Very Rare Tokens Attending Semantic Match Query Tokens": 0.4627594627594628,
    "Very Rare Tokens Attending Query Tokens": 0.46092796092796096,
    "Rare Tokens Attending Rare Semantic Match Query Tokens": 0.4542124542124542,
    "Rare Document Tokens Attending Very Rare Semantic Match Tokens": 0.4517704517704518,
    "Document Tokens Attending Very Rare Semantic Match Tokens": 0.44505494505494503,
    "Rare Document Tokens Attending Query Tokens": 0.44078144078144077,
    "Very Rare Document Tokens Attending Query Tokens": 0.438949938949939,
    "Rare Document Tokens Attending Semantic Match Tokens": 0.4230769230769231,
    "Document Tokens Attending Rare Semantic Match Tokens": 0.4230769230769231,
    "Very Rare Tokens Attending Very Rare Semantic Match Query Tokens": 0.41025641025641024,
    "Document Tokens Attending Semantic Match Tokens": 0.39072039072039066,
    "Rare Document Tokens Attending Rare Semantic Match Tokens": 0.3882783882783883,
    "Very Rare Tokens Attending Semantic Match Tokens": 0.3717948717948718,
    "Query Tokens Attending Rare Query Tokens": 0.36568986568986567,
    "Query Tokens Attending Rare Tokens": 0.36568986568986567,
    "Very Rare Tokens Attending All Tokens": -0.36446886446886445,
    "All Tokens Attending Very Rare Semantic Match Tokens": 0.3601953601953602,
    "Very Rare Tokens Attending Rare Semantic Match Tokens": 0.3601953601953602,
    "Rare Tokens Attending Very Rare Semantic Match Tokens": 0.3601953601953602,
    "Very Rare Document Tokens Attending Very Rare Semantic Match Tokens": 0.358974358974359,
    "Rare Tokens Attending Semantic Match Tokens": 0.3498168498168498,
    "Rare Query Tokens Attending Query Tokens": 0.336996336996337,
    "Rare Query Tokens Attending All Tokens": 0.336996336996337,
    "All Tokens Attending Rare Semantic Match Tokens": 0.326007326007326,
    "Rare Document Tokens Attending Semantic Match Document Tokens": 0.3223443223443223,
    "Rare Tokens Attending Rare Semantic Match Document Tokens": 0.3223443223443223,
    "Rare Tokens Attending Semantic Match Document Tokens": 0.3223443223443223,
    "Rare Document Tokens Attending Rare Semantic Match Document Tokens": 0.3223443223443223,
    "Very Rare Document Tokens Attending Semantic Match Document Tokens": 0.3217338217338217,
    "Very Rare Tokens Attending Semantic Match Document Tokens": 0.3217338217338217,