{
    "Document Tokens Attending Rare Document Tokens": 0.9032370733195864,
    "All Tokens Attending Rare Document Tokens": 0.9032370733195864,
    "Document Tokens Attending Rare Tokens": 0.900987851038167,
    "Rare Document Tokens Attending Rare Tokens": 0.8989948737146487,
    "Very Rare Document Tokens Attending Rare Tokens": 0.8984358684803329,
    "All Tokens Attending Rare Tokens": 0.893853585713819,
    "Rare Tokens Attending Rare Tokens": 0.887206308476799,
    "Very Rare Tokens Attending Rare Tokens": 0.8856265961961739,
    "Very Rare Tokens Attending Rare Document Tokens": 0.8778343656331147,
    "Very Rare Document Tokens Attending Rare Document Tokens": 0.8778343656331147,
    "Rare Tokens Attending Rare Document Tokens": 0.875168920855097,
    "Rare Document Tokens Attending Rare Document Tokens": 0.875168920855097,
    "Rare Document Tokens Attending Very Rare Tokens": 0.866761362375981,
    "Rare Tokens Attending Very Rare Tokens": 0.8494869501520672,
    "Document Tokens Attending Very Rare Tokens": 0.8455061144816082,
    "All Tokens Attending Very Rare Document Tokens": 0.8422308378219935,
    "Document Tokens Attending Very Rare Document Tokens": 0.8422308378219935,
    "All Tokens Attending Very Rare Tokens": 0.8351029721596959,
    "Rare Document Tokens Attending Very Rare Document Tokens": 0.8248936196113619,
    "Rare Tokens Attending Very Rare Document Tokens": 0.8248936196113619,
    "Very Rare Document Tokens Attending Very Rare Tokens": 0.8145173760169053,
    "Very Rare Tokens Attending Very Rare Tokens": 0.7803459582227246,
    "Very Rare Document Tokens Attending Very Rare Document Tokens": 0.7431488458274882,
    "Very Rare Tokens Attending Very Rare Document Tokens": 0.7431488458274882,
    "Very Rare Tokens Attending Rare Query Tokens": 0.7119518994482834,
    "Very Rare Document Tokens Attending Rare Query Tokens": 0.7113662540804563,
    "Document Tokens Attending Rare Query Tokens": 0.7107495584651119,
    "Very Rare Document Tokens Attending Very Rare Query Tokens": 0.7057598543883563,
    "Rare Tokens Attending Rare Query Tokens": 0.6982588361956776,
    "Rare Document Tokens Attending Rare Query Tokens": 0.6947117698830565,
    "Rare Document Tokens Attending Very Rare Query Tokens": 0.6943917099324528,
    "Document Tokens Attending Very Rare Lexical Match Query Tokens": 0.6901063575816047,
    "Rare Document Tokens Attending Very Rare Lexical Match Query Tokens": 0.6901063575816047,
    "Very Rare Document Tokens Attending Lexical Match Query Tokens": 0.6901063575816047,
    "Very Rare Document Tokens Attending Very Rare Lexical Match Query Tokens": 0.6901063575816047,
    "Very Rare Document Tokens Attending Rare Lexical Match Query Tokens": 0.6901063575816047,
    "Very Rare Tokens Attending Very Rare Query Tokens": 0.6868520419401378,
    "Rare Document Tokens Attending Lexical Match Query Tokens": 0.6854610992366037,
    "Rare Document Tokens Attending Rare Lexical Match Query Tokens": 0.6854610992366037,
    "Document Tokens Attending Rare Lexical Match Query Tokens": 0.6854610992366037,
    "All Tokens Attending Rare Query Tokens": 0.6854571084739478,
    "Rare Tokens Attending Very Rare Query Tokens": 0.6817133723601623,
    "Rare Document Tokens Attending Rare Semantic Match Query Tokens": 0.6745519794488612,
    "Document Tokens Attending Rare Semantic Match Query Tokens": 0.674089141036927,
    "Document Tokens Attending Very Rare Semantic Match Query Tokens": 0.6739124593555266,
    "Rare Document Tokens Attending Very Rare Semantic Match Query Tokens": 0.6732082108101065,
    "Rare Document Tokens Attending Semantic Match Query Tokens": 0.6729741428808502,
    "Very Rare Document Tokens Attending Rare Semantic Match Query Tokens": 0.6722916846525138,
    "Very Rare Document Tokens Attending Semantic Match Query Tokens": 0.671402319195566,
    "Document Tokens Attending Semantic Match Query Tokens": 0.6681258395296444,
    "Very Rare Document Tokens Attending Very Rare Semantic Match Query Tokens": 0.6624055936778744,
    "Document Tokens Attending Very Rare Query Tokens": 0.6515077925605244,
    "All Tokens Attending Very Rare Query Tokens": 0.6128501063974761,
    "Document Tokens Attending Lexical Match Query Tokens": 0.5655153949308824,
    "Rare Tokens Attending Semantic Match Query Tokens": 0.5284064898359008,
    "All Tokens Attending Rare Semantic Match Query Tokens": 0.5282373203724757,
    "Rare Tokens Attending Rare Semantic Match Query Tokens": 0.519841139364623,
    "All Tokens Attending Semantic Match Query Tokens": 0.5162887186519501,
    "Very Rare Tokens Attending Semantic Match Query Tokens": 0.5160267009817132,
    "All Tokens Attending Very Rare Semantic Match Query Tokens": 0.5107034448423614,
    "Very Rare Tokens Attending Rare Semantic Match Query Tokens": 0.5085029235406012,
    "Very Rare Tokens Attending All Tokens": -0.5082576443139575,
    "Rare Tokens Attending Very Rare Semantic Match Query Tokens": 0.508020375976319,
    "Very Rare Document Tokens Attending Document Tokens": -0.5022259866995773,
    "Very Rare Tokens Attending Document Tokens": -0.5022259866995773,
    "Very Rare Document Tokens Attending All Tokens": -0.46423576546396395,
    "Very Rare Tokens Attending Very Rare Semantic Match Query Tokens": 0.4310721304688542,
    "Rare Tokens Attending Document Tokens": -0.42180736004220243,
    "Rare Document Tokens Attending Document Tokens": -0.42180736004220243,
    "Very Rare Document Tokens Attending Query Tokens": 0.4054995234338624,
    "Very Rare Document Tokens Attending Semantic Match Tokens": 0.4038093025018323,
    "Rare Document Tokens Attending Semantic Match Tokens": 0.40366377035579004,
    "Rare Document Tokens Attending All Tokens": -0.3981792069222899,
    "Document Tokens Attending Rare Semantic Match Tokens": 0.39714285321462117,
    "Very Rare Document Tokens Attending Rare Semantic Match Tokens": 0.3959882160579896,
    "Rare Document Tokens Attending Rare Semantic Match Tokens": 0.38838942001784404,
    "Document Tokens Attending Semantic Match Tokens": 0.3883509447769026,
    "Query Tokens Attending Rare Query Tokens": 0.3865067362927697,
    "Query Tokens Attending Rare Tokens": 0.3865067362927697,
    "Rare Document Tokens Attending Very Rare Semantic Match Tokens": 0.3795834062988652,
    "Document Tokens Attending Very Rare Semantic Match Tokens": 0.37797094767652417,
    "Rare Document Tokens Attending Query Tokens": 0.366734679840518,
    "Very Rare Tokens Attending Lexical Match Query Tokens": 0.3614891450688747,
    "All Tokens Attending Very Rare Lexical Match Query Tokens": 0.3614891450688747,
    "Very Rare Tokens Attending Very Rare Lexical Match Query Tokens": 0.3614891450688747,
    "Very Rare Tokens Attending Rare Lexical Match Query Tokens": 0.3614891450688747,
    "Rare Tokens Attending Very Rare Lexical Match Query Tokens": 0.3614891450688747,
    "Rare Tokens Attending Semantic Match Tokens": 0.35098282574880324,
    "All Tokens Attending Rare Semantic Match Tokens": 0.34467902596974864,
    "Very Rare Tokens Attending Semantic Match Tokens": 0.3437529475276277,
    "Very Rare Tokens Attending Query Tokens": 0.34184543391255845,
    "All Tokens Attending Semantic Match Tokens": 0.33902158507333396,
    "Rare Tokens Attending Rare Semantic Match Tokens": 0.3364797617018017,
    "Very Rare Tokens Attending Rare Semantic Match Tokens": 0.3359127333178781,
    "Rare Tokens Attending Query Tokens": 0.3324208425724167,
    "Very Rare Document Tokens Attending Very Rare Semantic Match Tokens": 0.329749594764836,
    "Rare Tokens Attending Very Rare Semantic Match Tokens": 0.32237847037486905,
    "Rare Tokens Attending Lexical Match Query Tokens": 0.3222248610899878,
    "All Tokens Attending Rare Lexical Match Query Tokens": 0.3222248610899878,
    "Rare Tokens Attending Rare Lexical Match Query Tokens": 0.3222248610899878,