{
    "Rare Tokens Attending Rare Document Tokens": 0.8797313797313797,
    "Rare Document Tokens Attending Rare Document Tokens": 0.8797313797313797,
    "Rare Document Tokens Attending Very Rare Tokens": 0.8772893772893773,
    "Very Rare Tokens Attending Rare Document Tokens": 0.8724053724053724,
    "Very Rare Document Tokens Attending Rare Document Tokens": 0.8724053724053724,
    "All Tokens Attending Very Rare Document Tokens": 0.8620268620268621,
    "Document Tokens Attending Very Rare Document Tokens": 0.8620268620268621,
    "Rare Document Tokens Attending Very Rare Document Tokens": 0.8547008547008547,
    "Rare Tokens Attending Very Rare Document Tokens": 0.8547008547008547,
    "Document Tokens Attending Rare Document Tokens": 0.8467643467643468,
    "All Tokens Attending Rare Document Tokens": 0.8467643467643468,
    "Rare Tokens Attending Very Rare Tokens": 0.8443223443223443,
    "Very Rare Document Tokens Attending Rare Tokens": 0.8437118437118436,
    "Very Rare Document Tokens Attending Very Rare Document Tokens": 0.8424908424908425,
    "Very Rare Tokens Attending Very Rare Document Tokens": 0.8424908424908425,
    "Rare Document Tokens Attending Rare Tokens": 0.8400488400488401,
    "Very Rare Document Tokens Attending Very Rare Tokens": 0.8345543345543345,
    "Document Tokens Attending Very Rare Tokens": 0.8284493284493284,
    "All Tokens Attending Very Rare Tokens": 0.8284493284493284,
    "Very Rare Tokens Attending Rare Tokens": 0.8278388278388277,
    "Very Rare Tokens Attending Very Rare Tokens": 0.8247863247863249,
    "Rare Tokens Attending Rare Tokens": 0.8235653235653235,
    "All Tokens Attending Rare Tokens": 0.8046398046398046,
    "Document Tokens Attending Rare Tokens": 0.8028083028083028,
    "Very Rare Document Tokens Attending Semantic Match Tokens": 0.6275946275946276,
    "Very Rare Tokens Attending Rare Query Tokens": 0.6239316239316238,
    "Very Rare Document Tokens Attending Rare Semantic Match Tokens": 0.6221001221001221,
    "Rare Document Tokens Attending Very Rare Semantic Match Tokens": 0.6098901098901098,
    "Document Tokens Attending Rare Query Tokens": 0.6056166056166056,
    "Document Tokens Attending Very Rare Semantic Match Tokens": 0.605006105006105,
    "Very Rare Tokens Attending Very Rare Query Tokens": 0.5952380952380952,
    "Document Tokens Attending Very Rare Lexical Match Query Tokens": 0.5897435897435896,
    "Rare Document Tokens Attending Very Rare Lexical Match Query Tokens": 0.5897435897435896,
    "Very Rare Document Tokens Attending Lexical Match Query Tokens": 0.5897435897435896,
    "Very Rare Document Tokens Attending Very Rare Lexical Match Query Tokens": 0.5897435897435896,
    "Very Rare Document Tokens Attending Rare Lexical Match Query Tokens": 0.5897435897435896,
    "All Tokens Attending Rare Query Tokens": 0.5873015873015872,
    "Rare Document Tokens Attending Semantic Match Tokens": 0.57997557997558,
    "Document Tokens Attending Rare Semantic Match Tokens": 0.57997557997558,
    "Very Rare Document Tokens Attending Very Rare Query Tokens": 0.5787545787545787,
    "Document Tokens Attending Very Rare Query Tokens": 0.5744810744810744,
    "Rare Document Tokens Attending Lexical Match Query Tokens": 0.5525030525030524,
    "Rare Document Tokens Attending Rare Lexical Match Query Tokens": 0.5525030525030524,
    "Document Tokens Attending Rare Lexical Match Query Tokens": 0.5525030525030524,
    "Document Tokens Attending Semantic Match Tokens": 0.5512820512820513,
    "Rare Document Tokens Attending Rare Semantic Match Tokens": 0.5494505494505495,
    "Very Rare Document Tokens Attending Rare Query Tokens": 0.5476190476190476,
    "All Tokens Attending Very Rare Query Tokens": 0.5415140415140415,
    "Rare Tokens Attending Very Rare Query Tokens": 0.5402930402930403,
    "Rare Document Tokens Attending Very Rare Query Tokens": 0.5402930402930403,
    "Very Rare Tokens Attending Semantic Match Tokens": 0.5390720390720389,
    "Rare Tokens Attending Very Rare Semantic Match Query Tokens": 0.5347985347985348,
    "Rare Tokens Attending Rare Query Tokens": 0.5347985347985348,
    "Rare Document Tokens Attending Rare Query Tokens": 0.5335775335775336,
    "All Tokens Attending Semantic Match Query Tokens": 0.531135531135531,
    "Rare Tokens Attending Semantic Match Query Tokens": 0.531135531135531,
    "All Tokens Attending Rare Semantic Match Query Tokens": 0.531135531135531,
    "All Tokens Attending Very Rare Semantic Match Query Tokens": 0.5305250305250305,
    "Very Rare Tokens Attending Rare Semantic Match Query Tokens": 0.5305250305250305,
    "Very Rare Document Tokens Attending Very Rare Semantic Match Tokens": 0.5305250305250305,
    "Very Rare Tokens Attending Semantic Match Query Tokens": 0.5305250305250305,
    "All Tokens Attending Very Rare Semantic Match Tokens": 0.5293040293040293,
    "Very Rare Tokens Attending Rare Semantic Match Tokens": 0.5293040293040293,
    "Rare Tokens Attending Very Rare Semantic Match Tokens": 0.5293040293040293,
    "Rare Tokens Attending Rare Semantic Match Query Tokens": 0.525030525030525,
    "Rare Tokens Attending Semantic Match Tokens": 0.5152625152625152,
    "Document Tokens Attending Very Rare Semantic Match Query Tokens": 0.5128205128205128,
    "Document Tokens Attending Rare Semantic Match Query Tokens": 0.510989010989011,
    "Rare Document Tokens Attending Rare Semantic Match Query Tokens": 0.510989010989011,
    "Very Rare Document Tokens Attending Rare Semantic Match Query Tokens": 0.5091575091575091,
    "Very Rare Document Tokens Attending Semantic Match Query Tokens": 0.5091575091575091,
    "Rare Document Tokens Attending Very Rare Semantic Match Query Tokens": 0.5091575091575091,
    "Rare Document Tokens Attending Semantic Match Query Tokens": 0.503052503052503,
    "Document Tokens Attending Semantic Match Query Tokens": 0.503052503052503,
    "Very Rare Tokens Attending Very Rare Semantic Match Query Tokens": 0.5006105006105006,
    "Very Rare Document Tokens Attending Very Rare Semantic Match Query Tokens": 0.4993894993894994,
    "Very Rare Document Tokens Attending Semantic Match Document Tokens": 0.4981684981684982,
    "Very Rare Tokens Attending Semantic Match Document Tokens": 0.4981684981684982,
    "All Tokens Attending Rare Semantic Match Tokens": 0.49328449328449325,
    "Rare Document Tokens Attending Semantic Match Document Tokens": 0.49267399267399264,
    "Rare Tokens Attending Rare Semantic Match Document Tokens": 0.49267399267399264,
    "Rare Tokens Attending Semantic Match Document Tokens": 0.49267399267399264,
    "Rare Document Tokens Attending Rare Semantic Match Document Tokens": 0.49267399267399264,
    "All Tokens Attending Semantic Match Document Tokens": 0.4902319902319902,
    "Document Tokens Attending Semantic Match Document Tokens": 0.4902319902319902,
    "All Tokens Attending Semantic Match Tokens": 0.489010989010989,
    "Very Rare Document Tokens Attending Rare Semantic Match Document Tokens": 0.4884004884004884,
    "Document Tokens Attending Rare Semantic Match Document Tokens": 0.4884004884004884,
    "Very Rare Tokens Attending Rare Semantic Match Document Tokens": 0.4884004884004884,
    "All Tokens Attending Rare Semantic Match Document Tokens": 0.4884004884004884,
    "Rare Tokens Attending Rare Semantic Match Tokens": 0.48290598290598286,
    "Document Tokens Attending Very Rare Semantic Match Document Tokens": 0.4804639804639804,
    "All Tokens Attending Very Rare Semantic Match Document Tokens": 0.4804639804639804,
    "Rare Tokens Attending Very Rare Semantic Match Document Tokens": 0.47619047619047616,
    "Rare Document Tokens Attending Very Rare Semantic Match Document Tokens": 0.47619047619047616,