{
    "Document Tokens Attending Rare Document Tokens": 0.905514496042988,
    "All Tokens Attending Rare Document Tokens": 0.905514496042988,
    "Document Tokens Attending Rare Tokens": 0.896010356555605,
    "Rare Document Tokens Attending Rare Tokens": 0.8923054931201713,
    "All Tokens Attending Rare Tokens": 0.890422272350665,
    "Rare Tokens Attending Rare Document Tokens": 0.8861436401161877,
    "Rare Document Tokens Attending Rare Document Tokens": 0.8861436401161877,
    "Rare Tokens Attending Rare Tokens": 0.8840325463678338,
    "Very Rare Document Tokens Attending Rare Tokens": 0.8835488780495799,
    "Very Rare Tokens Attending Rare Document Tokens": 0.881003636323288,
    "Very Rare Document Tokens Attending Rare Document Tokens": 0.881003636323288,
    "Rare Document Tokens Attending Very Rare Tokens": 0.8759702772938427,
    "Very Rare Tokens Attending Rare Tokens": 0.8754940844991674,
    "All Tokens Attending Very Rare Document Tokens": 0.8695876680799715,
    "Document Tokens Attending Very Rare Document Tokens": 0.8695876680799715,
    "Document Tokens Attending Very Rare Tokens": 0.866055201203414,
    "Rare Tokens Attending Very Rare Tokens": 0.8632127684313003,
    "All Tokens Attending Very Rare Tokens": 0.8578015702851326,
    "Rare Document Tokens Attending Very Rare Document Tokens": 0.8527389827791906,
    "Rare Tokens Attending Very Rare Document Tokens": 0.8527389827791906,
    "Very Rare Document Tokens Attending Very Rare Tokens": 0.8383200433264912,
    "Very Rare Tokens Attending Very Rare Tokens": 0.8121543823511501,
    "Very Rare Document Tokens Attending Very Rare Document Tokens": 0.7876415000313642,
    "Very Rare Tokens Attending Very Rare Document Tokens": 0.7876415000313642,
    "Document Tokens Attending Rare Query Tokens": 0.6604150768726034,
    "All Tokens Attending Rare Query Tokens": 0.6517435783751127,
    "Very Rare Tokens Attending Rare Query Tokens": 0.6493628192003564,
    "Very Rare Tokens Attending Very Rare Query Tokens": 0.6490772860532966,
    "Rare Tokens Attending Rare Query Tokens": 0.6357290049319926,
    "Rare Tokens Attending Very Rare Query Tokens": 0.6313453263478168,
    "Document Tokens Attending Very Rare Query Tokens": 0.6239607974532572,
    "Very Rare Document Tokens Attending Rare Query Tokens": 0.622572887307949,
    "Very Rare Document Tokens Attending Very Rare Query Tokens": 0.620302916258575,
    "Rare Document Tokens Attending Very Rare Query Tokens": 0.6144874411388841,
    "Rare Document Tokens Attending Rare Query Tokens": 0.6078494390338873,
    "All Tokens Attending Very Rare Query Tokens": 0.6056628129363016,
    "Document Tokens Attending Very Rare Lexical Match Query Tokens": 0.5971910644941396,
    "Rare Document Tokens Attending Very Rare Lexical Match Query Tokens": 0.5971910644941396,
    "Very Rare Document Tokens Attending Lexical Match Query Tokens": 0.5971910644941396,
    "Very Rare Document Tokens Attending Very Rare Lexical Match Query Tokens": 0.5971910644941396,
    "Very Rare Document Tokens Attending Rare Lexical Match Query Tokens": 0.5971910644941396,
    "Rare Document Tokens Attending Lexical Match Query Tokens": 0.5874254724139996,
    "Rare Document Tokens Attending Rare Lexical Match Query Tokens": 0.5874254724139996,
    "Document Tokens Attending Rare Lexical Match Query Tokens": 0.5874254724139996,
    "Document Tokens Attending Very Rare Semantic Match Query Tokens": 0.5719427719253647,
    "Rare Document Tokens Attending Very Rare Semantic Match Query Tokens": 0.5710941061436138,
    "Rare Document Tokens Attending Rare Semantic Match Query Tokens": 0.5700631988391389,
    "Very Rare Document Tokens Attending Rare Semantic Match Query Tokens": 0.5698123695316561,
    "Document Tokens Attending Rare Semantic Match Query Tokens": 0.5694840874348408,
    "Very Rare Document Tokens Attending Semantic Match Query Tokens": 0.5687313224758648,
    "Rare Document Tokens Attending Semantic Match Query Tokens": 0.568212060555754,
    "All Tokens Attending Rare Semantic Match Query Tokens": 0.5633327785929204,
    "Rare Tokens Attending Semantic Match Query Tokens": 0.563135020220022,
    "Document Tokens Attending Semantic Match Query Tokens": 0.5626496826610949,
    "Very Rare Document Tokens Attending Very Rare Semantic Match Query Tokens": 0.5593601566040747,
    "Rare Tokens Attending Rare Semantic Match Query Tokens": 0.5568681691480777,
    "Very Rare Tokens Attending All Tokens": -0.5557255214931871,
    "All Tokens Attending Semantic Match Query Tokens": 0.5528921815843836,
    "Very Rare Tokens Attending Semantic Match Query Tokens": 0.5497247199827525,
    "All Tokens Attending Very Rare Semantic Match Query Tokens": 0.5459453212318583,
    "Very Rare Tokens Attending Rare Semantic Match Query Tokens": 0.5440278290957938,
    "Rare Tokens Attending Very Rare Semantic Match Query Tokens": 0.5436756562378414,
    "Very Rare Document Tokens Attending All Tokens": -0.5076666254472681,
    "Rare Document Tokens Attending Semantic Match Tokens": 0.49728722589038665,
    "Very Rare Document Tokens Attending Semantic Match Tokens": 0.4969009411098738,
    "Document Tokens Attending Rare Semantic Match Tokens": 0.49123956269951274,
    "Very Rare Document Tokens Attending Rare Semantic Match Tokens": 0.4897749694374461,
    "Document Tokens Attending Semantic Match Tokens": 0.4834590489812469,
    "Rare Document Tokens Attending Rare Semantic Match Tokens": 0.48338033691858856,
    "Very Rare Tokens Attending Very Rare Semantic Match Query Tokens": 0.481134491121926,
    "Rare Document Tokens Attending Very Rare Semantic Match Tokens": 0.4750917793499526,
    "Document Tokens Attending Very Rare Semantic Match Tokens": 0.4734841160357128,
    "Very Rare Document Tokens Attending Document Tokens": -0.45987033253348036,
    "Very Rare Tokens Attending Document Tokens": -0.45987033253348036,
    "Document Tokens Attending Lexical Match Query Tokens": 0.45686580028282786,
    "Rare Tokens Attending Semantic Match Tokens": 0.4497430063797093,
    "All Tokens Attending Rare Semantic Match Tokens": 0.44387853909822894,
    "Very Rare Tokens Attending Semantic Match Tokens": 0.44291785031297987,
    "All Tokens Attending Semantic Match Tokens": 0.4388424211871932,
    "Rare Tokens Attending Rare Semantic Match Tokens": 0.4364370662526499,
    "Very Rare Tokens Attending Rare Semantic Match Tokens": 0.4357201964502809,
    "Very Rare Document Tokens Attending Very Rare Semantic Match Tokens": 0.42974728789900574,
    "Query Tokens Attending Rare Query Tokens": 0.4280237189386799,
    "Query Tokens Attending Rare Tokens": 0.4280237189386799,
    "Very Rare Tokens Attending Lexical Match Query Tokens": 0.424042012737996,
    "All Tokens Attending Very Rare Lexical Match Query Tokens": 0.424042012737996,
    "Very Rare Tokens Attending Very Rare Lexical Match Query Tokens": 0.424042012737996,
    "Very Rare Tokens Attending Rare Lexical Match Query Tokens": 0.424042012737996,
    "Rare Tokens Attending Very Rare Lexical Match Query Tokens": 0.424042012737996,
    "Rare Tokens Attending Very Rare Semantic Match Tokens": 0.42351302108370126,
    "Rare Document Tokens Attending All Tokens": -0.42221942843596516,
    "All Tokens Attending Very Rare Semantic Match Tokens": 0.42211883738902034,
    "Rare Document Tokens Attending Semantic Match Document Tokens": 0.419796319890199,
    "Rare Tokens Attending Semantic Match Document Tokens": 0.419796319890199,
    "Document Tokens Attending Rare Semantic Match Document Tokens": 0.41321639261452947,
    "All Tokens Attending Rare Semantic Match Document Tokens": 0.41321639261452947,
    "Very Rare Document Tokens Attending Semantic Match Document Tokens": 0.4111214459316527,
    "Very Rare Tokens Attending Semantic Match Document Tokens": 0.4111214459316527,
    "All Tokens Attending Semantic Match Document Tokens": 0.4109319536615765,