{
    "ft": {
        "5": -0.3,
        "10": 0.24848484848484845,
        "25": 0.7453846153846154,
        "50": 0.6355342136854742,
        "all": 0.8426828262463342
    },
    "diff": {
        "5": -0.6,
        "10": -0.35757575757575755,
        "25": 0.09,
        "50": 0.013685474189675868,
        "all": -0.09899122022745153
    }
}