{
    "ft": {
        "5": 0.8999999999999998,
        "10": 0.9151515151515152,
        "25": 0.7669230769230769,
        "50": 0.9335414165666266,
        "all": 0.8647078624561904
    },
    "diff": {
        "5": 0.8999999999999998,
        "10": 0.38181818181818183,
        "25": -0.09076923076923075,
        "50": 0.1392076830732293,
        "all": 0.3494249897181889
    }
}