{
    "ft": {
        "5": 0.9999999999999999,
        "10": 0.709090909090909,
        "25": 0.29384615384615387,
        "50": 0.2482112845138055,
        "all": 0.7468590855446676
    },
    "diff": {
        "5": 0.7999999999999999,
        "10": 0.43030303030303024,
        "25": -0.26692307692307693,
        "50": -0.37277310924369744,
        "all": 0.07751961367212645
    }
}