{
    "ft": {
        "5": 0.3,
        "10": 0.3696969696969697,
        "25": 0.5800000000000001,
        "50": 0.49320528211284514,
        "all": 0.8568466579643801
    },
    "diff": {
        "5": 0.3,
        "10": 0.16363636363636364,
        "25": 0.16153846153846155,
        "50": 0.046242496998799516,
        "all": 0.09777496021386167
    }
}