{
    "ft": {
        "5": 0.9999999999999999,
        "10": 0.6606060606060605,
        "25": 0.10846153846153846,
        "50": 0.2279471788715486,
        "all": 0.8814641634182103
    },
    "diff": {
        "5": 0.39999999999999997,
        "10": 0.01818181818181818,
        "25": -0.3538461538461538,
        "50": -0.06823529411764705,
        "all": 0.45087900543594867
    }
}