{
    "ft": {
        "5": 0.3,
        "10": 0.3696969696969697,
        "25": 0.5807692307692308,
        "50": 0.49589435774309715,
        "all": 0.852668789339103
    },
    "diff": {
        "5": 0.3,
        "10": 0.16363636363636364,
        "25": 0.1453846153846154,
        "50": 0.03932773109243697,
        "all": 0.09595032991202344
    }
}