{
    "ft": {
        "5": 0.6,
        "10": 0.5272727272727272,
        "25": 0.42153846153846153,
        "50": 0.5972148859543817,
        "all": 0.700482440454903
    },
    "diff": {
        "5": 0.3,
        "10": 0.29696969696969694,
        "25": 0.0015384615384615385,
        "50": 0.14650660264105642,
        "all": -0.31484625339746797
    }
}