{
    "ft": {
        "5": 0.09999999999999999,
        "10": 0.5757575757575757,
        "25": 0.46076923076923076,
        "50": 0.5602400960384153,
        "all": 0.6913392505900865
    },
    "diff": {
        "5": -0.3,
        "10": 0.43030303030303024,
        "25": 0.12,
        "50": 0.1590876350540216,
        "all": -0.3706287662720835
    }
}