{
    "ft": {
        "5": 0.9999999999999999,
        "10": 0.9636363636363635,
        "25": 0.9069230769230769,
        "50": 0.9723409363745497,
        "all": 0.8734071463057006
    },
    "diff": {
        "5": 0.9999999999999999,
        "10": 0.5636363636363636,
        "25": -0.011538461538461539,
        "50": 0.3231212484993997,
        "all": 0.3953294091087905
    }
}