{
    "ft": {
        "5": 0.39999999999999997,
        "10": -0.12727272727272726,
        "25": 0.3569230769230769,
        "50": 0.46477791116446576,
        "all": 0.6921151249910592
    },
    "diff": {
        "5": 0.39999999999999997,
        "10": -0.22424242424242422,
        "25": 0.01769230769230769,
        "50": 0.06765906362545018,
        "all": -0.4103954250411272
    }
}