{
    "ft": {
        "5": 0.8999999999999998,
        "10": 0.6363636363636362,
        "25": 0.26692307692307693,
        "50": -0.024057623049219684,
        "all": 0.6570877105536084
    },
    "diff": {
        "5": 0.6,
        "10": 0.3939393939393939,
        "25": -0.27307692307692305,
        "50": -0.5716686674669869,
        "all": -0.018802906623274444
    }
}