{
    "ft": {
        "5": 0.7999999999999999,
        "10": 0.7333333333333332,
        "25": 0.7907692307692307,
        "50": 0.8389435774309724,
        "all": 0.9183942716901509
    },
    "diff": {
        "5": 0.49999999999999994,
        "10": 0.49090909090909085,
        "25": 0.4676923076923077,
        "50": 0.6363025210084033,
        "all": 0.22680702828839136
    }
}