{
    "ft": {
        "5": 0.19999999999999998,
        "10": 0.41818181818181815,
        "25": 0.4061538461538462,
        "50": 0.58031212484994,
        "all": 0.6527712051176596
    },
    "diff": {
        "5": -0.09999999999999999,
        "10": 0.0303030303030303,
        "25": 0.016153846153846154,
        "50": 0.21498199279711883,
        "all": -0.34861025677705454
    }
}