{
    "ft": {
        "5": -0.09999999999999999,
        "10": 0.5636363636363636,
        "25": 0.5607692307692308,
        "50": 0.692484993997599,
        "all": 0.876343382211332
    },
    "diff": {
        "5": -0.6,
        "10": -0.2727272727272727,
        "25": -0.46307692307692305,
        "50": -0.039711884753901555,
        "all": -0.13194472663546633
    }
}