{
    "ft": {
        "5": 0.6,
        "10": 0.5030303030303029,
        "25": 0.4015384615384615,
        "50": 0.6607923169267707,
        "all": 0.8314761774908804
    },
    "diff": {
        "5": 0.6,
        "10": 0.12727272727272726,
        "25": 0.006153846153846154,
        "50": 0.2252581032412965,
        "all": -0.4539289482154352
    }
}