{
    "ft": {
        "5": 0.8999999999999998,
        "10": 0.5878787878787878,
        "25": -0.18461538461538463,
        "50": 0.027226890756302524,
        "all": 0.7350837185287175
    },
    "diff": {
        "5": 0.3,
        "10": 0.04242424242424241,
        "25": -0.3946153846153846,
        "50": -0.3512605042016807,
        "all": 0.21184854668836278
    }
}