{
    "ft": {
        "5": 0.49999999999999994,
        "10": 0.4424242424242424,
        "25": 0.41615384615384615,
        "50": 0.6397599039615846,
        "all": 0.6514535798583793
    },
    "diff": {
        "5": 0.19999999999999998,
        "10": 0.01818181818181818,
        "25": -0.026153846153846153,
        "50": 0.27078031212484993,
        "all": -0.35815068217581003
    }
}