{
    "ft": {
        "5": 0.7,
        "10": 0.2121212121212121,
        "25": -0.05153846153846154,
        "50": 0.3027611044417767,
        "all": 0.8948832343895284
    },
    "diff": {
        "5": 0.6,
        "10": 0.19999999999999998,
        "25": -0.2453846153846154,
        "50": 0.01935174069627851,
        "all": 0.4277569558686789
    }
}