{
    "ft": {
        "5": 0.7999999999999999,
        "10": 0.6848484848484848,
        "25": 0.07615384615384616,
        "50": 0.013397358943577431,
        "all": 0.6058975797510908
    },
    "diff": {
        "5": 0.49999999999999994,
        "10": 0.29696969696969694,
        "25": -0.5523076923076923,
        "50": -0.4902280912364946,
        "all": -0.1454545789821901
    }
}