{
    "ft": {
        "5": 0.8999999999999998,
        "10": 0.7212121212121211,
        "25": 0.786923076923077,
        "50": 0.8385594237695077,
        "all": 0.926297083988985
    },
    "diff": {
        "5": 0.7,
        "10": 0.5636363636363636,
        "25": 0.4684615384615385,
        "50": 0.5529411764705883,
        "all": 0.3784949775588298
    }
}