{
    "ft": {
        "5": 0.7999999999999999,
        "10": 0.6,
        "25": 0.4815384615384616,
        "50": 0.595390156062425,
        "all": 0.8283786501222044
    },
    "diff": {
        "5": 0.7999999999999999,
        "10": 0.17575757575757575,
        "25": 0.033846153846153845,
        "50": 0.15937575030012002,
        "all": -0.44703700682800823
    }
}