{
    "ft": {
        "5": 0.3,
        "10": 0.05454545454545454,
        "25": 0.5107692307692308,
        "50": 0.7310924369747898,
        "all": 0.9039875992418281
    },
    "diff": {
        "5": -0.3,
        "10": -0.5151515151515151,
        "25": -0.3676923076923077,
        "50": -0.006194477791116446,
        "all": -0.02063457773049138
    }
}