{
    "ft": {
        "5": -0.39999999999999997,
        "10": 0.38181818181818183,
        "25": 0.6676923076923077,
        "50": 0.6628091236494598,
        "all": 0.8875290684679207
    },
    "diff": {
        "5": -0.9999999999999999,
        "10": -0.49090909090909085,
        "25": -0.29692307692307696,
        "50": -0.1076110444177671,
        "all": -0.01269596908304127
    }
}