{
    "ft": {
        "5": 0.7,
        "10": 0.5151515151515151,
        "25": 0.8323076923076923,
        "50": 0.525282112845138,
        "all": 0.8828446865388743
    },
    "diff": {
        "5": -0.6,
        "10": -0.709090909090909,
        "25": -0.041538461538461545,
        "50": -0.1996158463385354,
        "all": -0.10808302338888491
    }
}