{
    "ft": {
        "5": 0.19999999999999998,
        "10": 0.4545454545454545,
        "25": 0.5646153846153846,
        "50": 0.5526530612244898,
        "all": 0.9099785311315354
    },
    "diff": {
        "5": -0.7,
        "10": -0.709090909090909,
        "25": -0.3946153846153846,
        "50": -0.2163265306122449,
        "all": -0.08983843028038051
    }
}