{
    "ft": {
        "5": -0.7,
        "10": 0.6727272727272726,
        "25": 0.8023076923076922,
        "50": 0.46448979591836737,
        "all": 0.8737574096094698
    },
    "diff": {
        "5": -0.8999999999999998,
        "10": -0.16363636363636364,
        "25": 0.07307692307692308,
        "50": -0.30650660264105645,
        "all": -0.18396192824189972
    }
}