{
    "ft": {
        "5": -0.3,
        "10": 0.3696969696969697,
        "25": 0.5423076923076924,
        "50": 0.645906362545018,
        "all": 0.8763548968242614
    },
    "diff": {
        "5": -0.39999999999999997,
        "10": -0.22424242424242422,
        "25": -0.14307692307692307,
        "50": -0.02357743097238895,
        "all": -0.13200905469923466
    }
}