{
    "ft": {
        "5": 0.6,
        "10": 0.7333333333333332,
        "25": 0.48538461538461536,
        "50": 0.15399759903961585,
        "all": 0.8919803550354051
    },
    "diff": {
        "5": 0.09999999999999999,
        "10": 0.6484848484848483,
        "25": -0.09,
        "50": -0.17723889555822328,
        "all": 0.40601263545168437
    }
}