{
    "ft": {
        "5": 0.8999999999999998,
        "10": 0.6606060606060605,
        "25": 0.7823076923076924,
        "50": 0.8398079231692677,
        "all": 0.9262580242829553
    },
    "diff": {
        "5": 0.7,
        "10": 0.5030303030303029,
        "25": 0.46153846153846156,
        "50": 0.5558223289315726,
        "all": 0.3779377928080967
    }
}