{
    "ft": {
        "5": 0.8999999999999998,
        "10": 0.8909090909090909,
        "25": 0.24153846153846154,
        "50": 0.33387755102040817,
        "all": 0.878364275624061
    },
    "diff": {
        "5": 0.7999999999999999,
        "10": 0.16363636363636364,
        "25": -0.2676923076923077,
        "50": -0.07361344537815126,
        "all": 0.43044119027608896
    }
}