{
    "ft": {
        "5": 0.7,
        "10": 0.49090909090909085,
        "25": 0.5669230769230769,
        "50": 0.6914285714285715,
        "all": 0.8954720804127029
    },
    "diff": {
        "5": -0.6,
        "10": -0.6121212121212121,
        "25": -0.2569230769230769,
        "50": -0.13334933973589436,
        "all": -0.10028594610542879
    }
}