{
    "ft": {
        "5": 0.3,
        "10": 0.3696969696969697,
        "25": 0.5838461538461539,
        "50": 0.49560624249699875,
        "all": 0.8573759253629926
    },
    "diff": {
        "5": 0.3,
        "10": 0.16363636363636364,
        "25": 0.1476923076923077,
        "50": 0.0385594237695078,
        "all": 0.09454033599170303
    }
}