{
    "ft": {
        "5": 0.7,
        "10": 0.5151515151515151,
        "25": 0.8361538461538461,
        "50": 0.5219207683073229,
        "all": 0.8830376269580144
    },
    "diff": {
        "5": -0.6,
        "10": -0.709090909090909,
        "25": -0.041538461538461545,
        "50": -0.20345738295318128,
        "all": -0.10862035977397896
    }
}