{
    "ft": {
        "5": -0.3,
        "10": 0.309090909090909,
        "25": 0.43,
        "50": 0.72984393757503,
        "all": 0.8691837136113297
    },
    "diff": {
        "5": -0.3,
        "10": 0.05454545454545454,
        "25": -0.04538461538461538,
        "50": 0.18088835534213688,
        "all": 0.02433050881553537
    }
}