{
    "ft": {
        "5": 0.7,
        "10": 0.406060606060606,
        "25": 0.39538461538461533,
        "50": 0.6057623049219687,
        "all": 0.7083056469494313
    },
    "diff": {
        "5": 0.49999999999999994,
        "10": 0.2606060606060606,
        "25": 0.06,
        "50": 0.207875150060024,
        "all": -0.3964919019562263
    }
}