{
    "ft": {
        "5": 0.7,
        "10": 0.16363636363636364,
        "25": 0.3915384615384615,
        "50": 0.48379351740696275,
        "all": 0.6824569616801373
    },
    "diff": {
        "5": 0.39999999999999997,
        "10": -0.006060606060606061,
        "25": 0.016153846153846154,
        "50": 0.10665066026410563,
        "all": -0.35833084856233455
    }
}