{
    "ft": {
        "5": 0.7,
        "10": 0.5151515151515151,
        "25": 0.8323076923076923,
        "50": 0.5221128451380552,
        "all": 0.8830332124848007
    },
    "diff": {
        "5": -0.6,
        "10": -0.709090909090909,
        "25": -0.041538461538461545,
        "50": -0.20153661464585834,
        "all": -0.10727310725270008
    }
}