{
    "ft": {
        "5": -0.09999999999999999,
        "10": 0.406060606060606,
        "25": 0.32923076923076927,
        "50": 0.11721488595438176,
        "all": 0.7000239834418138
    },
    "diff": {
        "5": -0.09999999999999999,
        "10": 0.2727272727272727,
        "25": -0.010769230769230769,
        "50": -0.4168547418967587,
        "all": 0.14720258744009726
    }
}