{
    "ft": {
        "5": 0.7999999999999999,
        "10": 0.6969696969696969,
        "25": 0.7007692307692307,
        "50": 0.807250900360144,
        "all": 0.9181787306159328
    },
    "diff": {
        "5": 0.49999999999999994,
        "10": 0.43030303030303024,
        "25": 0.4076923076923077,
        "50": 0.516734693877551,
        "all": 0.4022429167325379
    }
}