{
    "ft": {
        "5": -0.19999999999999998,
        "10": 0.07878787878787878,
        "25": 0.21538461538461537,
        "50": 0.3717166866746698,
        "all": 0.8458869706149387
    },
    "diff": {
        "5": -0.49999999999999994,
        "10": -0.406060606060606,
        "25": -0.42846153846153845,
        "50": -0.38957983193277307,
        "all": 0.006366452685787854
    }
}