{
    "ft": {
        "5": 0.6,
        "10": 0.5272727272727272,
        "25": 0.42153846153846153,
        "50": 0.6006722689075631,
        "all": 0.6984504304949574
    },
    "diff": {
        "5": 0.3,
        "10": 0.29696969696969694,
        "25": 0.009230769230769232,
        "50": 0.14237695078031212,
        "all": -0.3135622628298066
    }
}