{
    "ft": {
        "5": 0.6,
        "10": 0.5272727272727272,
        "25": 0.42153846153846153,
        "50": 0.6,
        "all": 0.701074248086689
    },
    "diff": {
        "5": 0.3,
        "10": 0.29696969696969694,
        "25": -0.007692307692307692,
        "50": 0.1406482593037215,
        "all": -0.31652035575066156
    }
}