{
    "ft": {
        "5": 0.8999999999999998,
        "10": 0.4424242424242424,
        "25": 0.6853846153846154,
        "50": 0.5483313325330132,
        "all": 0.8843931049281166
    },
    "diff": {
        "5": 0.8999999999999998,
        "10": 0.35757575757575755,
        "25": 0.30230769230769233,
        "50": 0.1032893157262905,
        "all": 0.09608007072097845
    }
}