{
    "ft": {
        "5": 0.9999999999999999,
        "10": 0.8424242424242423,
        "25": 0.95,
        "50": 0.9193277310924368,
        "all": 0.863124885064789
    },
    "diff": {
        "5": 0.8999999999999998,
        "10": 0.5272727272727272,
        "25": -0.061538461538461535,
        "50": -0.0182953181272509,
        "all": 0.3615990786603247
    }
}