{
    "ft": {
        "5": 0.3,
        "10": 0.3696969696969697,
        "25": 0.576923076923077,
        "50": 0.4901320528211285,
        "all": 0.8566063318074528
    },
    "diff": {
        "5": 0.3,
        "10": 0.16363636363636364,
        "25": 0.1476923076923077,
        "50": 0.04240096038415366,
        "all": 0.09803171491667263
    }
}