{
    "ft": {
        "5": 0.09999999999999999,
        "10": 0.2727272727272727,
        "25": 0.6684615384615384,
        "50": 0.4128211284513805,
        "all": 0.7188907937558114
    },
    "diff": {
        "5": -0.49999999999999994,
        "10": 0.12727272727272726,
        "25": 0.41846153846153844,
        "50": -0.19126050420168067,
        "all": 0.1551147986553179
    }
}