{
    "ft": {
        "5": 0.19999999999999998,
        "10": 0.406060606060606,
        "25": 0.4123076923076923,
        "50": 0.580984393757503,
        "all": 0.6506563836933169
    },
    "diff": {
        "5": -0.09999999999999999,
        "10": 0.0303030303030303,
        "25": 0.016153846153846154,
        "50": 0.21786314525810324,
        "all": -0.3469919332486946
    }
}