{
    "ft": {
        "5": 0.39999999999999997,
        "10": 0.13939393939393938,
        "25": 0.363076923076923,
        "50": 0.7419447779111644,
        "all": 0.89388977675059
    },
    "diff": {
        "5": 0.39999999999999997,
        "10": 0.05454545454545454,
        "25": 0.05615384615384616,
        "50": 0.2569507803121248,
        "all": 0.04882747121092912
    }
}