{
    "ft": {
        "5": 0.7,
        "10": 0.9636363636363635,
        "25": 0.91,
        "50": 0.8920528211284513,
        "all": 0.8743945689686
    },
    "diff": {
        "5": 0.7,
        "10": 0.6969696969696969,
        "25": 0.10846153846153846,
        "50": 0.0683313325330132,
        "all": 0.43305321731278157
    }
}