{
    "ft": {
        "5": 0.09999999999999999,
        "10": 0.34545454545454546,
        "25": 0.2676923076923077,
        "50": 0.4119567827130852,
        "all": 0.8884989673485445
    },
    "diff": {
        "5": 0.09999999999999999,
        "10": 0.16363636363636364,
        "25": 0.07846153846153846,
        "50": 0.18184873949579833,
        "all": 0.49604953821257414
    }
}