{
    "ft": {
        "5": 0.19999999999999998,
        "10": 0.5393939393939393,
        "25": 0.7392307692307692,
        "50": 0.7812244897959184,
        "all": 0.9179956838745439
    },
    "diff": {
        "5": -0.7,
        "10": -0.406060606060606,
        "25": -0.16384615384615386,
        "50": -0.030684273709483793,
        "all": -0.07652674835491023
    }
}