{
    "ft": {
        "5": 0.19999999999999998,
        "10": 0.09090909090909088,
        "25": 0.4746153846153846,
        "50": 0.29863145258103235,
        "all": 0.7930793710914572
    },
    "diff": {
        "5": -0.09999999999999999,
        "10": -0.05454545454545454,
        "25": 0.022307692307692306,
        "50": -0.2988235294117647,
        "all": -0.3833782878050313
    }
}