{
    "ft": {
        "5": 0.09999999999999999,
        "10": -0.05454545454545454,
        "25": 0.13999999999999999,
        "50": 0.3146698679471789,
        "all": 0.6314052888741862
    },
    "diff": {
        "5": 0.09999999999999999,
        "10": -0.4424242424242424,
        "25": -0.23846153846153845,
        "50": -0.25349339735894355,
        "all": -0.06100410825405908
    }
}