{
    "ft": {
        "5": 0.39999999999999997,
        "10": -0.12727272727272726,
        "25": 0.3592307692307692,
        "50": 0.4690036014405762,
        "all": 0.689261229525785
    },
    "diff": {
        "5": 0.39999999999999997,
        "10": -0.22424242424242422,
        "25": 0.020769230769230772,
        "50": 0.07044417767106842,
        "all": -0.40884804600886915
    }
}