{
    "ft": {
        "5": 0.7999999999999999,
        "10": 0.7818181818181817,
        "25": 0.8815384615384615,
        "50": 0.47284513805522205,
        "all": 0.8849146274408124
    },
    "diff": {
        "5": 0.7999999999999999,
        "10": 0.38181818181818183,
        "25": 0.13076923076923078,
        "50": -0.09637454981992796,
        "all": 0.44125525266433013
    }
}