{
    "ft": {
        "5": 0.8999999999999998,
        "10": 0.7333333333333332,
        "25": 0.7761538461538461,
        "50": 0.8384633853541416,
        "all": 0.9283513116014591
    },
    "diff": {
        "5": 0.39999999999999997,
        "10": 0.4666666666666666,
        "25": 0.4576923076923077,
        "50": 0.5609123649459784,
        "all": 0.36368053072026313
    }
}