{
    "ft": {
        "5": 0.8999999999999998,
        "10": 0.7939393939393938,
        "25": 0.4038461538461539,
        "50": 0.3830492196878751,
        "all": 0.7187292575638365
    },
    "diff": {
        "5": 0.7,
        "10": 0.5878787878787878,
        "25": 0.0876923076923077,
        "50": -0.21536614645858343,
        "all": 0.12343565597954367
    }
}