{
    "ft": {
        "5": 0.8999999999999998,
        "10": 0.34545454545454546,
        "25": 0.27999999999999997,
        "50": 0.44412965186074427,
        "all": 0.7138078575388026
    },
    "diff": {
        "5": 0.8999999999999998,
        "10": 0.16363636363636364,
        "25": -0.01923076923076923,
        "50": -0.03404561824729892,
        "all": -0.04367413811601458
    }
}