{
    "ft": {
        "5": 0.7,
        "10": 0.12727272727272726,
        "25": 0.40307692307692305,
        "50": 0.4880192076830732,
        "all": 0.6799497160207093
    },
    "diff": {
        "5": 0.39999999999999997,
        "10": -0.006060606060606061,
        "25": 0.04384615384615385,
        "50": 0.10703481392557021,
        "all": -0.3514279657197379
    }
}