{
    "ft": {
        "5": 0.6,
        "10": 0.22424242424242422,
        "25": 0.12692307692307694,
        "50": 0.08542617046818726,
        "all": 0.6963157365352978
    },
    "diff": {
        "5": 0.3,
        "10": -0.1515151515151515,
        "25": -0.2530769230769231,
        "50": -0.5065546218487395,
        "all": 0.11384585553608467
    }
}