{
    "ft": {
        "5": 0.7999999999999999,
        "10": 0.23636363636363633,
        "25": 0.5607692307692308,
        "50": 0.48561824729891956,
        "all": 0.8202518149631641
    },
    "diff": {
        "5": -0.19999999999999998,
        "10": -0.4424242424242424,
        "25": -0.27307692307692305,
        "50": -0.4120528211284513,
        "all": -0.06386095415206351
    }
}