{
    "ft": {
        "5": 0.49999999999999994,
        "10": 0.6121212121212121,
        "25": 0.24384615384615385,
        "50": 0.3406002400960384,
        "all": 0.90124669193906
    },
    "diff": {
        "5": 0.3,
        "10": 0.5151515151515151,
        "25": -0.016923076923076923,
        "50": 0.09214885954381752,
        "all": 0.4938823783170016
    }
}