{
    "ft": {
        "5": 0.6,
        "10": 0.6121212121212121,
        "25": 0.28769230769230764,
        "50": 0.4699639855942377,
        "all": 0.8942722824726415
    },
    "diff": {
        "5": 0.6,
        "10": 0.5878787878787878,
        "25": 0.09846153846153846,
        "50": 0.19097238895558222,
        "all": 0.35814447956154777
    }
}