{
    "ft": {
        "5": -0.3,
        "10": 0.18787878787878787,
        "25": 0.6838461538461539,
        "50": 0.7842016806722689,
        "all": 0.911512957317073
    },
    "diff": {
        "5": -0.7,
        "10": -0.5151515151515151,
        "25": -0.20923076923076922,
        "50": -0.06593037214885954,
        "all": -0.03478927875330806
    }
}