{
    "ft": {
        "5": 0.39999999999999997,
        "10": 0.16363636363636364,
        "25": 0.4392307692307692,
        "50": 0.363265306122449,
        "all": 0.8895574015628352
    },
    "diff": {
        "5": 0.3,
        "10": 0.006060606060606061,
        "25": 0.1815384615384615,
        "50": 0.04220888355342137,
        "all": 0.42603521073242256
    }
}