{
    "ft": {
        "5": 0.19999999999999998,
        "10": 0.41818181818181815,
        "25": 0.546923076923077,
        "50": 0.554093637454982,
        "all": 0.9117360279128818
    },
    "diff": {
        "5": -0.7,
        "10": -0.709090909090909,
        "25": -0.41000000000000003,
        "50": -0.21459783913565425,
        "all": -0.09453558624204277
    }
}