{
    "ft": {
        "5": 0.19999999999999998,
        "10": 0.4545454545454545,
        "25": 0.5376923076923077,
        "50": 0.5511164465786313,
        "all": 0.9108513227773406
    },
    "diff": {
        "5": -0.7,
        "10": -0.709090909090909,
        "25": -0.4107692307692308,
        "50": -0.21651860744297718,
        "all": -0.09026170561833917
    }
}