{
    "ft": {
        "5": 0.8999999999999998,
        "10": 0.5757575757575757,
        "25": 0.4653846153846154,
        "50": 0.7126530612244898,
        "all": 0.9098683481152994
    },
    "diff": {
        "5": 0.8999999999999998,
        "10": 0.35757575757575755,
        "25": 0.19076923076923075,
        "50": 0.5234573829531812,
        "all": 0.473262575101924
    }
}