{
    "ft": {
        "5": 0.8999999999999998,
        "10": 0.4424242424242424,
        "25": 0.07846153846153846,
        "50": 0.45680672268907563,
        "all": 0.6015522964201416
    },
    "diff": {
        "5": 0.7999999999999999,
        "10": 0.19999999999999998,
        "25": -0.29615384615384616,
        "50": -0.07975990396158462,
        "all": -0.24444455868678922
    }
}