{
    "ft": {
        "5": 0.09999999999999999,
        "10": 0.18787878787878787,
        "25": 0.6084615384615384,
        "50": 0.7524129651860745,
        "all": 0.9056315378907087
    },
    "diff": {
        "5": -0.49999999999999994,
        "10": -0.41818181818181815,
        "25": -0.2569230769230769,
        "50": 0.0014885954381752698,
        "all": -0.011940278324154209
    }
}