{
    "ft": {
        "5": 0.9999999999999999,
        "10": 0.3696969696969697,
        "25": 0.15615384615384614,
        "50": 0.2785594237695078,
        "all": 0.6765477143087046
    },
    "diff": {
        "5": 0.6,
        "10": -0.06666666666666665,
        "25": -0.21538461538461537,
        "50": -0.2672268907563025,
        "all": -0.06949799057649667
    }
}