{
    "ft": {
        "5": 0.49999999999999994,
        "10": 0.06666666666666665,
        "25": 0.42692307692307696,
        "50": 0.5305642256902761,
        "all": 0.733957714934554
    },
    "diff": {
        "5": 0.19999999999999998,
        "10": -0.13939393939393938,
        "25": 0.09538461538461537,
        "50": 0.09320528211284512,
        "all": -0.31239100162720834
    }
}