{
    "ft": {
        "5": -0.6,
        "10": 0.309090909090909,
        "25": 0.39076923076923076,
        "50": 0.5636014405762305,
        "all": 0.9009155952721549
    },
    "diff": {
        "5": -0.6,
        "10": 0.0303030303030303,
        "25": 0.006153846153846154,
        "50": -0.0631452581032413,
        "all": -0.05016681120806809
    }
}