{
    "ft": {
        "5": 0.3,
        "10": 0.43030303030303024,
        "25": 0.20076923076923076,
        "50": 0.5095318127250901,
        "all": 0.7895182155400583
    },
    "diff": {
        "5": -0.7,
        "10": -0.12727272727272726,
        "25": -0.3030769230769231,
        "50": -0.07466986794717888,
        "all": -0.4273692042642951
    }
}