{
    "Document Tokens Attending Rare Document Tokens": -0.9295170644901458,
    "All Tokens Attending Rare Document Tokens": -0.9295170644901458,
    "Rare Tokens Attending Rare Document Tokens": -0.9257083296492432,
    "Rare Document Tokens Attending Rare Document Tokens": -0.9257083296492432,
    "Very Rare Tokens Attending Rare Document Tokens": -0.920815535056266,
    "Very Rare Document Tokens Attending Rare Document Tokens": -0.920815535056266,
    "Rare Document Tokens Attending Rare Tokens": -0.9182451769349624,
    "Very Rare Document Tokens Attending Rare Tokens": -0.9157349385182415,
    "Rare Tokens Attending Rare Tokens": -0.9131942578175746,
    "Very Rare Tokens Attending Rare Tokens": -0.9102087502900639,
    "Document Tokens Attending Rare Tokens": -0.9076073953403144,
    "All Tokens Attending Rare Tokens": -0.9056628021974712,
    "Rare Document Tokens Attending Very Rare Tokens": -0.9023737805778238,
    "Rare Document Tokens Attending Very Rare Document Tokens": -0.900344434353177,
    "Rare Tokens Attending Very Rare Document Tokens": -0.900344434353177,
    "Rare Tokens Attending Very Rare Tokens": -0.8946009440619715,
    "All Tokens Attending Very Rare Document Tokens": -0.8941658355221747,
    "Document Tokens Attending Very Rare Document Tokens": -0.8941658355221747,
    "Very Rare Document Tokens Attending Very Rare Tokens": -0.8910662041944606,
    "Document Tokens Attending Very Rare Tokens": -0.8816154491799293,
    "Very Rare Tokens Attending Very Rare Tokens": -0.8796997033462016,
    "All Tokens Attending Very Rare Tokens": -0.8783738271488098,
    "Very Rare Document Tokens Attending Very Rare Document Tokens": -0.8733159058989859,
    "Very Rare Tokens Attending Very Rare Document Tokens": -0.8733159058989859,
    "Very Rare Tokens Attending Rare Query Tokens": -0.8370154812082917,
    "Rare Tokens Attending Rare Query Tokens": -0.8350790246047219,
    "Rare Document Tokens Attending Rare Query Tokens": -0.8337025508107087,
    "Very Rare Document Tokens Attending Rare Query Tokens": -0.8332458441073425,
    "All Tokens Attending Rare Semantic Match Query Tokens": -0.8326416153447798,
    "All Tokens Attending Semantic Match Query Tokens": -0.832322191117906,
    "Rare Tokens Attending Semantic Match Query Tokens": -0.8321481605628755,
    "Rare Tokens Attending Rare Semantic Match Query Tokens": -0.8313690623824563,
    "Very Rare Tokens Attending Very Rare Query Tokens": -0.8283630522452331,
    "Rare Tokens Attending Very Rare Query Tokens": -0.8263560710490971,
    "Rare Document Tokens Attending Semantic Match Tokens": -0.8243185846587664,
    "Rare Document Tokens Attending Rare Semantic Match Tokens": -0.8233469878164901,
    "Document Tokens Attending Rare Semantic Match Tokens": -0.823009587601837,
    "Very Rare Document Tokens Attending Semantic Match Tokens": -0.8222088009785745,
    "Rare Document Tokens Attending Very Rare Query Tokens": -0.8221312418803035,
    "Very Rare Document Tokens Attending Rare Semantic Match Tokens": -0.8216775716665948,
    "Document Tokens Attending Semantic Match Tokens": -0.8202738037491182,
    "Very Rare Document Tokens Attending Very Rare Query Tokens": -0.8199882592319565,
    "Rare Document Tokens Attending Very Rare Semantic Match Tokens": -0.8178365054646736,
    "Document Tokens Attending Very Rare Semantic Match Tokens": -0.8164975173277,
    "Very Rare Tokens Attending Semantic Match Query Tokens": -0.8142594790562693,
    "Very Rare Tokens Attending Rare Semantic Match Query Tokens": -0.8133888499229442,
    "Document Tokens Attending Semantic Match Query Tokens": -0.8130425047910729,
    "Document Tokens Attending Rare Semantic Match Query Tokens": -0.8118272531069395,
    "Very Rare Document Tokens Attending Very Rare Semantic Match Tokens": -0.8116464011366811,
    "Rare Document Tokens Attending Semantic Match Query Tokens": -0.811506474507518,
    "Rare Document Tokens Attending Rare Semantic Match Query Tokens": -0.8108410039236259,
    "All Tokens Attending Very Rare Semantic Match Query Tokens": -0.8102004258199673,
    "Rare Tokens Attending Very Rare Semantic Match Query Tokens": -0.809796161392732,
    "All Tokens Attending Rare Query Tokens": -0.8090787857718466,
    "Document Tokens Attending Rare Query Tokens": -0.80349822639709,
    "Very Rare Tokens Attending Very Rare Semantic Match Query Tokens": -0.8000624864062345,
    "All Tokens Attending Very Rare Query Tokens": -0.798284922038336,
    "Very Rare Document Tokens Attending Semantic Match Query Tokens": -0.7933422183397756,
    "Very Rare Document Tokens Attending Rare Semantic Match Query Tokens": -0.79274486653123,
    "Document Tokens Attending Very Rare Query Tokens": -0.7919379419194392,
    "Document Tokens Attending Very Rare Semantic Match Query Tokens": -0.790014209016548,
    "Rare Document Tokens Attending Very Rare Semantic Match Query Tokens": -0.789814965378771,
    "Rare Tokens Attending Semantic Match Tokens": -0.7890151825047576,
    "Very Rare Tokens Attending Semantic Match Tokens": -0.7881549427633137,
    "Rare Tokens Attending Lexical Match Query Tokens": -0.7879037824599726,
    "All Tokens Attending Rare Lexical Match Query Tokens": -0.7879037824599726,
    "Rare Tokens Attending Rare Lexical Match Query Tokens": -0.7879037824599726,
    "All Tokens Attending Rare Semantic Match Tokens": -0.7871066693639128,
    "Very Rare Tokens Attending Rare Semantic Match Tokens": -0.7866478706334332,
    "Rare Tokens Attending Rare Semantic Match Tokens": -0.7863375523202463,
    "Very Rare Document Tokens Attending Query Tokens": -0.7851491319971903,
    "All Tokens Attending Semantic Match Tokens": -0.7833828588345692,
    "Very Rare Document Tokens Attending Very Rare Semantic Match Query Tokens": -0.783216483073452,
    "Rare Document Tokens Attending Lexical Match Query Tokens": -0.7831374402122093,
    "Rare Document Tokens Attending Rare Lexical Match Query Tokens": -0.7831374402122093,
    "Document Tokens Attending Rare Lexical Match Query Tokens": -0.7831374402122093,
    "Rare Tokens Attending Very Rare Semantic Match Tokens": -0.7818597015347837,
    "All Tokens Attending Very Rare Semantic Match Tokens": -0.780113787353985,
    "Rare Document Tokens Attending Query Tokens": -0.7758788645882533,
    "Document Tokens Attending Lexical Match Query Tokens": -0.7722563042275455,
    "Very Rare Tokens Attending Lexical Match Query Tokens": -0.7705124265701759,
    "All Tokens Attending Very Rare Lexical Match Query Tokens": -0.7705124265701759,
    "Very Rare Tokens Attending Very Rare Lexical Match Query Tokens": -0.7705124265701759,
    "Very Rare Tokens Attending Rare Lexical Match Query Tokens": -0.7705124265701759,
    "Rare Tokens Attending Very Rare Lexical Match Query Tokens": -0.7705124265701759,
    "Very Rare Tokens Attending Very Rare Semantic Match Tokens": -0.7689045872832978,
    "Very Rare Tokens Attending Query Tokens": -0.7688956094118244,
    "Document Tokens Attending Very Rare Lexical Match Query Tokens": -0.7679642934862738,
    "Rare Document Tokens Attending Very Rare Lexical Match Query Tokens": -0.7679642934862738,
    "Very Rare Document Tokens Attending Lexical Match Query Tokens": -0.7679642934862738,
    "Very Rare Document Tokens Attending Very Rare Lexical Match Query Tokens": -0.7679642934862738,
    "Very Rare Document Tokens Attending Rare Lexical Match Query Tokens": -0.7679642934862738,
    "Very Rare Document Tokens Attending Very Rare Lexical Match Tokens": -0.7649785594863019,
    "Very Rare Document Tokens Attending Rare Lexical Match Tokens": -0.7649785594863019,
    "Very Rare Document Tokens Attending Lexical Match Tokens": -0.7649785594863019,
    "Rare Document Tokens Attending Very Rare Lexical Match Tokens": -0.7649785594863019,
    "Document Tokens Attending Very Rare Lexical Match Tokens": -0.7649785594863019,
    "Rare Document Tokens Attending Lexical Match Tokens": -0.7644825150889591,