{
    "Rare Document Tokens Attending Very Rare Tokens": 0.6755303634605242,
    "All Tokens Attending Very Rare Tokens": 0.6636978252470436,
    "Rare Tokens Attending Very Rare Tokens": 0.6615464546627745,
    "Document Tokens Attending Very Rare Tokens": 0.6531561093841246,
    "Very Rare Tokens Attending Very Rare Tokens": 0.6413235711706441,
    "Very Rare Document Tokens Attending Very Rare Tokens": 0.6262639770807598,
    "All Tokens Attending Very Rare Matching Word Tokens": 0.6219612359122214,
    "Very Rare Tokens Attending Rare Matching Word Tokens": 0.6219612359122214,
    "Very Rare Tokens Attending Matching Word Tokens": 0.6219612359122214,
    "Very Rare Tokens Attending Very Rare Matching Word Tokens": 0.6219612359122214,
    "Rare Tokens Attending Very Rare Matching Word Tokens": 0.6219612359122214,
    "Very Rare Tokens Attending Rare Tokens": 0.6159373982762678,
    "Rare Tokens Attending Very Rare Synonymous Tokens": 0.6112043829908755,
    "All Tokens Attending Very Rare Synonymous Tokens": 0.6112043829908755,
    "Very Rare Document Tokens Attending Rare Tokens": 0.6105589718155947,
    "Document Tokens Attending Matching Word Query Tokens": 0.6094832865234602,
    "Very Rare Tokens Attending Synonymous Tokens": 0.6088378753481793,
    "Very Rare Tokens Attending Rare Synonymous Tokens": 0.6088378753481793,
    "Very Rare Document Tokens Attending Matching Word Tokens": 0.6084076012313255,
    "Very Rare Document Tokens Attending Very Rare Matching Word Tokens": 0.6084076012313255,
    "Very Rare Document Tokens Attending Rare Matching Word Tokens": 0.6084076012313255,
    "Rare Document Tokens Attending Very Rare Matching Word Tokens": 0.6084076012313255,
    "Document Tokens Attending Very Rare Matching Word Tokens": 0.6084076012313255,
    "Very Rare Tokens Attending Very Rare Synonymous Tokens": 0.607331915939191,
    "Rare Document Tokens Attending Very Rare Synonymous Tokens": 0.6058259565302024,
    "Document Tokens Attending Very Rare Synonymous Tokens": 0.6058259565302024,
    "Very Rare Document Tokens Attending Very Rare Synonymous Tokens": 0.6058259565302024,
    "Document Tokens Attending Synonymous Tokens": 0.6051805453549218,
    "All Tokens Attending Synonymous Tokens": 0.6041048600627871,
    "Very Rare Tokens Attending Matching Word Document Tokens": 0.6030291747706527,
    "Rare Document Tokens Attending Very Rare Matching Word Document Tokens": 0.6030291747706527,
    "Very Rare Document Tokens Attending Matching Word Document Tokens": 0.6030291747706527,
    "All Tokens Attending Very Rare Matching Word Document Tokens": 0.6030291747706527,
    "Very Rare Tokens Attending Very Rare Matching Word Document Tokens": 0.6030291747706527,
    "Very Rare Document Tokens Attending Very Rare Matching Word Document Tokens": 0.6030291747706527,
    "Very Rare Document Tokens Attending Rare Matching Word Document Tokens": 0.6030291747706527,
    "Rare Tokens Attending Very Rare Matching Word Document Tokens": 0.6030291747706527,
    "Very Rare Tokens Attending Rare Matching Word Document Tokens": 0.6030291747706527,
    "Document Tokens Attending Very Rare Matching Word Document Tokens": 0.6030291747706527,
    "Rare Tokens Attending Rare Matching Word Tokens": 0.6019534894785179,
    "Rare Document Tokens Attending Matching Word Tokens": 0.6019534894785179,
    "Rare Document Tokens Attending Rare Matching Word Tokens": 0.6019534894785179,
    "Document Tokens Attending Rare Matching Word Tokens": 0.6019534894785179,
    "Rare Tokens Attending Matching Word Tokens": 0.6019534894785179,
    "All Tokens Attending Rare Matching Word Tokens": 0.6019534894785179,
    "Rare Tokens Attending Very Rare Synonymous Query Tokens": 0.6006626671279565,
    "All Tokens Attending Very Rare Synonymous Query Tokens": 0.6006626671279565,
    "Very Rare Tokens Attending Very Rare Synonymous Query Tokens": 0.5985112965436873,
    "Rare Document Tokens Attending Rare Synonymous Tokens": 0.5972204741931257,
    "Rare Tokens Attending Rare Matching Word Document Tokens": 0.5967902000762719,
    "Rare Document Tokens Attending Matching Word Document Tokens": 0.5967902000762719,
    "Very Rare Tokens Attending Rare Synonymous Query Tokens": 0.5967902000762719,
    "Rare Document Tokens Attending Rare Matching Word Document Tokens": 0.5967902000762719,
    "Document Tokens Attending Rare Matching Word Document Tokens": 0.5967902000762719,
    "Very Rare Tokens Attending Synonymous Query Tokens": 0.5967902000762719,
    "Rare Tokens Attending Matching Word Document Tokens": 0.5967902000762719,
    "All Tokens Attending Rare Matching Word Document Tokens": 0.5967902000762719,
    "Very Rare Document Tokens Attending Rare Synonymous Tokens": 0.596575063017845,
    "Very Rare Document Tokens Attending Synonymous Tokens": 0.596575063017845,
    "Rare Tokens Attending Rare Synonymous Tokens": 0.5959296518425643,
    "All Tokens Attending Rare Synonymous Tokens": 0.5959296518425643,
    "Rare Tokens Attending Synonymous Tokens": 0.5959296518425643,
    "All Tokens Attending Synonymous Query Tokens": 0.5954993777257105,
    "All Tokens Attending Rare Synonymous Query Tokens": 0.5954993777257105,
    "Rare Tokens Attending Synonymous Query Tokens": 0.5954993777257105,
    "All Tokens Attending Rare Matching Word Query Tokens": 0.5948539665504297,
    "Rare Tokens Attending Rare Matching Word Query Tokens": 0.5948539665504297,
    "Rare Tokens Attending Matching Word Query Tokens": 0.5948539665504297,
    "Rare Tokens Attending Rare Synonymous Query Tokens": 0.5937782812582951,
    "Document Tokens Attending Rare Synonymous Tokens": 0.5927025959661605,
    "Rare Document Tokens Attending Synonymous Tokens": 0.5927025959661605,
    "Rare Tokens Attending Rare Tokens": 0.5922723218493067,
    "All Tokens Attending Matching Word Query Tokens": 0.591626910674026,
    "Very Rare Tokens Attending Rare Document Tokens": 0.5877544436223413,
    "Very Rare Document Tokens Attending Rare Document Tokens": 0.5877544436223413,
    "Rare Document Tokens Attending Rare Tokens": 0.5866787583302069,
    "Very Rare Document Tokens Attending Very Rare Document Tokens": 0.5845273877459376,
    "Very Rare Tokens Attending Very Rare Document Tokens": 0.5845273877459376,
    "Very Rare Document Tokens Attending Rare Matching Word Query Tokens": 0.5769975907009955,
    "Very Rare Document Tokens Attending Matching Word Query Tokens": 0.5769975907009955,
    "Very Rare Document Tokens Attending Very Rare Matching Word Query Tokens": 0.5769975907009955,
    "Document Tokens Attending Very Rare Matching Word Query Tokens": 0.5769975907009955,
    "Rare Document Tokens Attending Very Rare Matching Word Query Tokens": 0.5769975907009955,
    "Rare Tokens Attending Rare Document Tokens": 0.5746310830582994,
    "Rare Document Tokens Attending Rare Document Tokens": 0.5746310830582994,
    "Rare Tokens Attending Very Rare Matching Word Query Tokens": 0.5742008089414455,
    "Very Rare Tokens Attending Rare Matching Word Query Tokens": 0.5742008089414455,
    "Very Rare Tokens Attending Very Rare Matching Word Query Tokens": 0.5742008089414455,
    "All Tokens Attending Very Rare Matching Word Query Tokens": 0.5742008089414455,
    "Very Rare Tokens Attending Matching Word Query Tokens": 0.5742008089414455,
    "Very Rare Document Tokens Attending Very Rare Synonymous Document Tokens": 0.5677466971886379,
    "Very Rare Document Tokens Attending Synonymous Document Tokens": 0.5677466971886379,
    "Very Rare Document Tokens Attending Rare Synonymous Document Tokens": 0.5677466971886379,
    "Very Rare Tokens Attending Rare Synonymous Document Tokens": 0.5677466971886379,
    "Rare Tokens Attending Very Rare Synonymous Document Tokens": 0.5677466971886379,
    "Rare Document Tokens Attending Very Rare Synonymous Document Tokens": 0.5677466971886379,
    "Document Tokens Attending Very Rare Synonymous Document Tokens": 0.5677466971886379,