{
    "Document Tokens Attending Rare Document Tokens": 0.8678189390408731,
    "All Tokens Attending Rare Document Tokens": 0.8678189390408731,
    "Document Tokens Attending Rare Tokens": 0.8520058048004896,
    "All Tokens Attending Rare Tokens": 0.8433397778052809,
    "Rare Document Tokens Attending Rare Tokens": 0.8393212452930849,
    "Rare Tokens Attending Rare Document Tokens": 0.8358041193274797,
    "Rare Document Tokens Attending Rare Document Tokens": 0.8358041193274797,
    "Very Rare Document Tokens Attending Rare Tokens": 0.8304258020279792,
    "Very Rare Tokens Attending Rare Document Tokens": 0.8284215043539942,
    "Very Rare Document Tokens Attending Rare Document Tokens": 0.8284215043539942,
    "All Tokens Attending Very Rare Document Tokens": 0.8266045677754867,
    "Document Tokens Attending Very Rare Document Tokens": 0.8266045677754867,
    "Rare Tokens Attending Rare Tokens": 0.8247394860144189,
    "Rare Document Tokens Attending Very Rare Tokens": 0.8155980358563768,
    "Document Tokens Attending Very Rare Tokens": 0.814423981783655,
    "Very Rare Tokens Attending Rare Tokens": 0.8140925409248967,
    "All Tokens Attending Very Rare Tokens": 0.8029324988637769,
    "Rare Document Tokens Attending Very Rare Document Tokens": 0.7989220084250752,
    "Rare Tokens Attending Very Rare Document Tokens": 0.7989220084250752,
    "Rare Tokens Attending Very Rare Tokens": 0.796170645361203,
    "Very Rare Document Tokens Attending Very Rare Tokens": 0.7699107688003619,
    "Very Rare Tokens Attending Very Rare Tokens": 0.7367311728934329,
    "Very Rare Document Tokens Attending Very Rare Document Tokens": 0.7282861689309024,
    "Very Rare Tokens Attending Very Rare Document Tokens": 0.7282861689309024,
    "Very Rare Document Tokens Attending Rare Query Tokens": 0.5465386782522799,
    "Document Tokens Attending Rare Query Tokens": 0.5314690586120527,
    "Very Rare Tokens Attending Rare Query Tokens": 0.5299416818452656,
    "Very Rare Document Tokens Attending Very Rare Query Tokens": 0.5284417514256918,
    "Rare Document Tokens Attending Rare Query Tokens": 0.5266457471816912,
    "Rare Tokens Attending Rare Query Tokens": 0.5189335657751484,
    "All Tokens Attending Rare Query Tokens": 0.5145564428917238,
    "Document Tokens Attending Very Rare Lexical Match Query Tokens": 0.512680360506578,
    "Rare Document Tokens Attending Very Rare Lexical Match Query Tokens": 0.512680360506578,
    "Very Rare Document Tokens Attending Lexical Match Query Tokens": 0.512680360506578,
    "Very Rare Document Tokens Attending Very Rare Lexical Match Query Tokens": 0.512680360506578,
    "Very Rare Document Tokens Attending Rare Lexical Match Query Tokens": 0.512680360506578,
    "Rare Document Tokens Attending Very Rare Query Tokens": 0.5115959041879565,
    "Rare Document Tokens Attending Lexical Match Query Tokens": 0.509161960322245,
    "Rare Document Tokens Attending Rare Lexical Match Query Tokens": 0.509161960322245,
    "Document Tokens Attending Rare Lexical Match Query Tokens": 0.509161960322245,
    "Rare Document Tokens Attending Rare Semantic Match Query Tokens": 0.5073720120348206,
    "Document Tokens Attending Rare Semantic Match Query Tokens": 0.5069805384272513,
    "Rare Document Tokens Attending Semantic Match Query Tokens": 0.5060395604072685,
    "Document Tokens Attending Semantic Match Query Tokens": 0.5007569683817488,
    "Document Tokens Attending Very Rare Semantic Match Query Tokens": 0.4989463277809271,
    "Very Rare Document Tokens Attending Rare Semantic Match Query Tokens": 0.49822456889693345,
    "Rare Document Tokens Attending Very Rare Semantic Match Query Tokens": 0.4981134864916408,
    "Very Rare Document Tokens Attending Semantic Match Query Tokens": 0.49755008997292216,
    "Very Rare Tokens Attending Very Rare Query Tokens": 0.4922879320554218,
    "Rare Tokens Attending Very Rare Query Tokens": 0.49038556535304717,
    "Very Rare Document Tokens Attending Very Rare Semantic Match Query Tokens": 0.48353001091808456,
    "Very Rare Document Tokens Attending Semantic Match Tokens": 0.47043605461305216,
    "Rare Document Tokens Attending Semantic Match Tokens": 0.4693630479228276,
    "Document Tokens Attending Very Rare Query Tokens": 0.46827520601148154,
    "Very Rare Document Tokens Attending Rare Semantic Match Tokens": 0.46453446235260615,
    "Document Tokens Attending Rare Semantic Match Tokens": 0.46433646187953953,
    "Document Tokens Attending Semantic Match Tokens": 0.4578023881058843,
    "Rare Document Tokens Attending Rare Semantic Match Tokens": 0.45764375121867984,
    "Rare Document Tokens Attending Very Rare Semantic Match Tokens": 0.4527557760086729,
    "Document Tokens Attending Very Rare Semantic Match Tokens": 0.45175356830737246,
    "All Tokens Attending Very Rare Query Tokens": 0.4465883697753745,
    "Rare Tokens Attending Semantic Match Tokens": 0.42219140263969823,
    "Very Rare Tokens Attending Semantic Match Tokens": 0.41817960828871514,
    "All Tokens Attending Rare Semantic Match Tokens": 0.4173063358890446,
    "Very Rare Document Tokens Attending Very Rare Semantic Match Tokens": 0.41386645250772547,
    "All Tokens Attending Semantic Match Tokens": 0.41333852424682255,
    "Very Rare Tokens Attending Rare Semantic Match Tokens": 0.4121962835494149,
    "Rare Tokens Attending Rare Semantic Match Tokens": 0.41096864437271186,
    "Very Rare Tokens Attending All Tokens": -0.40886613524362947,
    "Very Rare Document Tokens Attending All Tokens": -0.40792419650448764,
    "Rare Document Tokens Attending Semantic Match Document Tokens": 0.4065976634466776,
    "Rare Tokens Attending Semantic Match Document Tokens": 0.4065976634466776,
    "Rare Tokens Attending Very Rare Semantic Match Tokens": 0.4023624171801713,
    "Very Rare Document Tokens Attending Semantic Match Document Tokens": 0.4022664918558272,
    "Very Rare Tokens Attending Semantic Match Document Tokens": 0.4022664918558272,
    "All Tokens Attending Very Rare Semantic Match Tokens": 0.40150546154861777,
    "Document Tokens Attending Rare Semantic Match Document Tokens": 0.4010764318807314,
    "All Tokens Attending Rare Semantic Match Document Tokens": 0.4010764318807314,
    "All Tokens Attending Semantic Match Document Tokens": 0.39898819288857845,
    "Document Tokens Attending Semantic Match Document Tokens": 0.39898819288857845,
    "Very Rare Document Tokens Attending Rare Semantic Match Document Tokens": 0.39660435565998914,
    "Very Rare Tokens Attending Rare Semantic Match Document Tokens": 0.39660435565998914,
    "Rare Tokens Attending Rare Semantic Match Document Tokens": 0.39526156983525307,
    "Rare Document Tokens Attending Rare Semantic Match Document Tokens": 0.39526156983525307,
    "All Tokens Attending Rare Semantic Match Query Tokens": 0.38896311194825456,
    "Rare Tokens Attending Semantic Match Query Tokens": 0.38868914798690335,
    "Rare Tokens Attending Very Rare Semantic Match Document Tokens": 0.3855280041595184,
    "Rare Document Tokens Attending Very Rare Semantic Match Document Tokens": 0.3855280041595184,
    "Rare Tokens Attending Rare Semantic Match Query Tokens": 0.3841279881885294,
    "Document Tokens Attending Very Rare Semantic Match Document Tokens": 0.3840099296467754,
    "All Tokens Attending Very Rare Semantic Match Document Tokens": 0.3840099296467754,
    "All Tokens Attending Semantic Match Query Tokens": 0.3791235208359368,
    "Very Rare Tokens Attending Semantic Match Query Tokens": 0.36803701697176977,
    "All Tokens Attending Very Rare Semantic Match Query Tokens": 0.36524749209049195,
    "Very Rare Tokens Attending Very Rare Semantic Match Tokens": 0.36399121216402297,
    "Very Rare Tokens Attending Rare Semantic Match Query Tokens": 0.3634337479522896,