{
    "Document Tokens Attending Rare Document Tokens": 0.8502887696776084,
    "All Tokens Attending Rare Document Tokens": 0.8502887696776084,
    "All Tokens Attending Very Rare Document Tokens": 0.8325648352587676,
    "Document Tokens Attending Very Rare Document Tokens": 0.8325648352587676,
    "Rare Tokens Attending Rare Document Tokens": 0.8304761108631065,
    "Rare Document Tokens Attending Rare Document Tokens": 0.8304761108631065,
    "Document Tokens Attending Rare Tokens": 0.8260059582408199,
    "Very Rare Tokens Attending Rare Document Tokens": 0.8194549156591835,
    "Very Rare Document Tokens Attending Rare Document Tokens": 0.8194549156591835,
    "All Tokens Attending Rare Tokens": 0.8185821849053806,
    "Rare Document Tokens Attending Rare Tokens": 0.8171012284779637,
    "Document Tokens Attending Very Rare Tokens": 0.8113656747092775,
    "Rare Document Tokens Attending Very Rare Document Tokens": 0.8107999892151598,
    "Rare Tokens Attending Very Rare Document Tokens": 0.8107999892151598,
    "Rare Document Tokens Attending Very Rare Tokens": 0.8088686803380891,
    "Rare Tokens Attending Rare Tokens": 0.8052899811575098,
    "Very Rare Document Tokens Attending Rare Tokens": 0.8037016448109188,
    "All Tokens Attending Very Rare Tokens": 0.8016910536167992,
    "Rare Tokens Attending Very Rare Tokens": 0.7930816074260372,
    "Very Rare Tokens Attending Rare Tokens": 0.7912886882666956,
    "Very Rare Document Tokens Attending Very Rare Tokens": 0.7774904416673096,
    "Very Rare Document Tokens Attending Very Rare Document Tokens": 0.7561365629903958,
    "Very Rare Tokens Attending Very Rare Document Tokens": 0.7561365629903958,
    "Very Rare Tokens Attending Very Rare Tokens": 0.7506883689466393,
    "Very Rare Document Tokens Attending Semantic Match Tokens": 0.5428410934088308,
    "Rare Document Tokens Attending Semantic Match Tokens": 0.5388143181086611,
    "Very Rare Document Tokens Attending Rare Semantic Match Tokens": 0.5376176260078736,
    "Document Tokens Attending Rare Semantic Match Tokens": 0.5342845594408123,
    "Rare Document Tokens Attending Rare Semantic Match Tokens": 0.5284235359747306,
    "Document Tokens Attending Semantic Match Tokens": 0.5283432825869487,
    "Rare Document Tokens Attending Very Rare Semantic Match Tokens": 0.5275264834430496,
    "Document Tokens Attending Very Rare Semantic Match Tokens": 0.5265997149560413,
    "Rare Tokens Attending Semantic Match Tokens": 0.4957969338170917,
    "Very Rare Tokens Attending Semantic Match Tokens": 0.49539592477504196,
    "Very Rare Document Tokens Attending Very Rare Semantic Match Tokens": 0.49313115742539737,
    "All Tokens Attending Rare Semantic Match Tokens": 0.4913892991355952,
    "Very Rare Tokens Attending Rare Semantic Match Tokens": 0.4900657202477062,
    "All Tokens Attending Semantic Match Tokens": 0.4877178535715528,
    "Rare Tokens Attending Rare Semantic Match Tokens": 0.48578287824515465,
    "Rare Document Tokens Attending Semantic Match Document Tokens": 0.485602861620554,
    "Rare Tokens Attending Semantic Match Document Tokens": 0.485602861620554,
    "Very Rare Document Tokens Attending Semantic Match Document Tokens": 0.485099629680108,
    "Very Rare Tokens Attending Semantic Match Document Tokens": 0.485099629680108,
    "Rare Tokens Attending Very Rare Semantic Match Tokens": 0.4815884689322535,
    "All Tokens Attending Very Rare Semantic Match Tokens": 0.4808083490406879,
    "Document Tokens Attending Rare Semantic Match Document Tokens": 0.4805610049235727,
    "All Tokens Attending Rare Semantic Match Document Tokens": 0.4805610049235727,
    "Very Rare Document Tokens Attending Rare Semantic Match Document Tokens": 0.479977617767155,
    "Very Rare Tokens Attending Rare Semantic Match Document Tokens": 0.479977617767155,
    "All Tokens Attending Semantic Match Document Tokens": 0.4783182229557134,
    "Document Tokens Attending Semantic Match Document Tokens": 0.4783182229557134,
    "Rare Tokens Attending Rare Semantic Match Document Tokens": 0.47535728610745176,
    "Rare Document Tokens Attending Rare Semantic Match Document Tokens": 0.47535728610745176,
    "Rare Tokens Attending Very Rare Semantic Match Document Tokens": 0.47025382413421823,
    "Rare Document Tokens Attending Very Rare Semantic Match Document Tokens": 0.47025382413421823,
    "Document Tokens Attending Very Rare Semantic Match Document Tokens": 0.4688416387599077,
    "All Tokens Attending Very Rare Semantic Match Document Tokens": 0.4688416387599077,
    "Document Tokens Attending Rare Query Tokens": 0.46063147239497204,
    "All Tokens Attending Rare Query Tokens": 0.4584760069496173,
    "Very Rare Tokens Attending Rare Query Tokens": 0.4572011149450562,
    "Very Rare Document Tokens Attending Rare Query Tokens": 0.4498010098144203,
    "Very Rare Tokens Attending Very Rare Semantic Match Tokens": 0.44734063739410784,
    "Rare Tokens Attending Rare Query Tokens": 0.44621581150262823,
    "Very Rare Tokens Attending Very Rare Semantic Match Document Tokens": 0.4407900900750352,
    "Very Rare Document Tokens Attending Very Rare Semantic Match Document Tokens": 0.4407900900750352,
    "Very Rare Tokens Attending Very Rare Query Tokens": 0.4388079606931521,
    "Very Rare Document Tokens Attending Very Rare Query Tokens": 0.43347555084310074,
    "Rare Document Tokens Attending Rare Query Tokens": 0.4325851760891354,
    "Rare Tokens Attending Very Rare Query Tokens": 0.4270704340988345,
    "Rare Document Tokens Attending Very Rare Query Tokens": 0.42206406046624223,
    "Very Rare Document Tokens Attending Very Rare Lexical Match Tokens": 0.41913281974547134,
    "Very Rare Document Tokens Attending Rare Lexical Match Tokens": 0.41913281974547134,
    "Very Rare Document Tokens Attending Lexical Match Tokens": 0.41913281974547134,
    "Rare Document Tokens Attending Very Rare Lexical Match Tokens": 0.41913281974547134,
    "Document Tokens Attending Very Rare Lexical Match Tokens": 0.41913281974547134,
    "Very Rare Document Tokens Attending All Tokens": -0.4160439253111105,
    "Very Rare Tokens Attending All Tokens": -0.4136285094231952,
    "Document Tokens Attending Very Rare Query Tokens": 0.4132646224907214,
    "Document Tokens Attending Very Rare Lexical Match Query Tokens": 0.41062992971545087,
    "Rare Document Tokens Attending Very Rare Lexical Match Query Tokens": 0.41062992971545087,
    "Very Rare Document Tokens Attending Lexical Match Query Tokens": 0.41062992971545087,
    "Very Rare Document Tokens Attending Very Rare Lexical Match Query Tokens": 0.41062992971545087,
    "Very Rare Document Tokens Attending Rare Lexical Match Query Tokens": 0.41062992971545087,
    "All Tokens Attending Very Rare Query Tokens": 0.40988857730854583,
    "Rare Document Tokens Attending Lexical Match Query Tokens": 0.4045008745319222,
    "Rare Document Tokens Attending Rare Lexical Match Query Tokens": 0.4045008745319222,
    "Document Tokens Attending Rare Lexical Match Query Tokens": 0.4045008745319222,
    "Rare Document Tokens Attending Rare Semantic Match Query Tokens": 0.40041250910983517,
    "Rare Document Tokens Attending Lexical Match Tokens": 0.40035369251871655,
    "Document Tokens Attending Rare Lexical Match Tokens": 0.40035369251871655,
    "Rare Document Tokens Attending Rare Lexical Match Tokens": 0.40035369251871655,
    "Document Tokens Attending Rare Semantic Match Query Tokens": 0.399947666413377,
    "Rare Document Tokens Attending Semantic Match Query Tokens": 0.39894399242498546,
    "All Tokens Attending Rare Semantic Match Query Tokens": 0.3934729143028835,
    "Document Tokens Attending Semantic Match Query Tokens": 0.39343658203804155,
    "Document Tokens Attending Very Rare Semantic Match Query Tokens": 0.3931928830150808,