{
    "Document Tokens Attending Rare Document Tokens": -0.8864468864468864,
    "All Tokens Attending Rare Document Tokens": -0.8864468864468864,
    "Very Rare Tokens Attending Rare Document Tokens": -0.8687423687423688,
    "Very Rare Document Tokens Attending Rare Document Tokens": -0.8687423687423688,
    "All Tokens Attending Very Rare Document Tokens": -0.8669108669108669,
    "Document Tokens Attending Very Rare Document Tokens": -0.8669108669108669,
    "Very Rare Document Tokens Attending Rare Tokens": -0.8638583638583639,
    "Rare Document Tokens Attending Rare Tokens": -0.8595848595848596,
    "Rare Tokens Attending Rare Document Tokens": -0.8547008547008547,
    "Rare Document Tokens Attending Rare Document Tokens": -0.8547008547008547,
    "Very Rare Tokens Attending Rare Tokens": -0.8528693528693528,
    "All Tokens Attending Rare Tokens": -0.851037851037851,
    "Rare Tokens Attending Rare Tokens": -0.851037851037851,
    "Document Tokens Attending Rare Tokens": -0.8485958485958486,
    "Rare Tokens Attending Very Rare Tokens": -0.8461538461538461,
    "Rare Document Tokens Attending Very Rare Document Tokens": -0.8455433455433455,
    "Rare Tokens Attending Very Rare Document Tokens": -0.8455433455433455,
    "Rare Document Tokens Attending Very Rare Tokens": -0.8449328449328449,
    "Very Rare Document Tokens Attending Very Rare Tokens": -0.8418803418803419,
    "All Tokens Attending Very Rare Tokens": -0.8400488400488401,
    "Document Tokens Attending Very Rare Tokens": -0.8382173382173382,
    "Very Rare Tokens Attending Very Rare Tokens": -0.8382173382173382,
    "Very Rare Tokens Attending Rare Query Tokens": -0.8089133089133089,
    "Rare Tokens Attending Rare Query Tokens": -0.8070818070818071,
    "Very Rare Document Tokens Attending Very Rare Document Tokens": -0.8015873015873015,
    "Very Rare Tokens Attending Very Rare Document Tokens": -0.8015873015873015,
    "Very Rare Tokens Attending Very Rare Query Tokens": -0.797924297924298,
    "Rare Tokens Attending Very Rare Query Tokens": -0.7973137973137973,
    "Rare Document Tokens Attending Rare Query Tokens": -0.793040293040293,
    "Rare Document Tokens Attending Very Rare Query Tokens": -0.7918192918192918,
    "Very Rare Document Tokens Attending Rare Query Tokens": -0.7887667887667887,
    "Very Rare Document Tokens Attending Very Rare Query Tokens": -0.782051282051282,
    "All Tokens Attending Very Rare Query Tokens": -0.7771672771672772,
    "All Tokens Attending Synonymous Query Tokens": -0.7765567765567766,
    "All Tokens Attending Rare Synonymous Query Tokens": -0.7765567765567766,
    "Rare Tokens Attending Rare Synonymous Query Tokens": -0.7765567765567766,
    "Rare Tokens Attending Synonymous Query Tokens": -0.7765567765567766,
    "Document Tokens Attending Very Rare Query Tokens": -0.7728937728937728,
    "Document Tokens Attending Synonymous Tokens": -0.7716727716727717,
    "All Tokens Attending Rare Query Tokens": -0.771062271062271,
    "Very Rare Document Tokens Attending Synonymous Tokens": -0.7704517704517704,
    "Rare Document Tokens Attending Rare Synonymous Tokens": -0.7667887667887668,
    "All Tokens Attending Synonymous Tokens": -0.7661782661782661,
    "Document Tokens Attending Rare Synonymous Tokens": -0.7649572649572649,
    "Rare Document Tokens Attending Synonymous Tokens": -0.7649572649572649,
    "Document Tokens Attending Rare Query Tokens": -0.7643467643467643,
    "Very Rare Document Tokens Attending Rare Synonymous Tokens": -0.7637362637362637,
    "Rare Document Tokens Attending Matching Word Tokens": -0.7619047619047619,
    "Rare Document Tokens Attending Rare Matching Word Tokens": -0.7619047619047619,
    "Document Tokens Attending Rare Matching Word Tokens": -0.7619047619047619,
    "Rare Document Tokens Attending Very Rare Synonymous Tokens": -0.7606837606837606,
    "Rare Tokens Attending Rare Synonymous Tokens": -0.76007326007326,
    "Very Rare Document Tokens Attending Query Tokens": -0.7594627594627593,
    "Document Tokens Attending Very Rare Synonymous Tokens": -0.7576312576312576,
    "All Tokens Attending Rare Synonymous Tokens": -0.7570207570207569,
    "Very Rare Tokens Attending Very Rare Synonymous Tokens": -0.7570207570207569,
    "Rare Tokens Attending Synonymous Tokens": -0.7570207570207569,
    "Very Rare Document Tokens Attending Very Rare Synonymous Tokens": -0.7545787545787546,
    "Very Rare Tokens Attending Query Tokens": -0.753968253968254,
    "Rare Document Tokens Attending Rare Synonymous Document Tokens": -0.7533577533577533,
    "Rare Tokens Attending Rare Synonymous Document Tokens": -0.7533577533577533,
    "Very Rare Tokens Attending Synonymous Tokens": -0.7509157509157509,
    "Very Rare Tokens Attending Rare Synonymous Tokens": -0.7509157509157509,
    "Document Tokens Attending Rare Synonymous Document Tokens": -0.7503052503052503,
    "Rare Tokens Attending Very Rare Synonymous Query Tokens": -0.7503052503052503,
    "All Tokens Attending Very Rare Synonymous Query Tokens": -0.7503052503052503,
    "Very Rare Tokens Attending Synonymous Query Tokens": -0.7503052503052503,
    "Rare Tokens Attending Synonymous Document Tokens": -0.7503052503052503,
    "Rare Document Tokens Attending Synonymous Document Tokens": -0.7503052503052503,
    "All Tokens Attending Rare Synonymous Document Tokens": -0.7503052503052503,
    "All Tokens Attending Synonymous Document Tokens": -0.7496947496947497,
    "Document Tokens Attending Synonymous Document Tokens": -0.7496947496947497,
    "Rare Tokens Attending Very Rare Synonymous Document Tokens": -0.7496947496947497,
    "Rare Document Tokens Attending Very Rare Synonymous Document Tokens": -0.7496947496947497,
    "Very Rare Document Tokens Attending Rare Synonymous Document Tokens": -0.7478632478632479,
    "Very Rare Tokens Attending Rare Synonymous Document Tokens": -0.7478632478632479,
    "Document Tokens Attending Very Rare Synonymous Document Tokens": -0.7478632478632479,
    "All Tokens Attending Very Rare Synonymous Document Tokens": -0.7478632478632479,
    "Very Rare Document Tokens Attending Very Rare Synonymous Document Tokens": -0.7472527472527473,
    "Very Rare Tokens Attending Very Rare Synonymous Document Tokens": -0.7472527472527473,
    "Rare Tokens Attending Very Rare Synonymous Tokens": -0.7466422466422465,
    "Very Rare Tokens Attending Very Rare Synonymous Query Tokens": -0.7460317460317459,
    "Very Rare Tokens Attending Rare Synonymous Query Tokens": -0.7460317460317459,
    "Rare Document Tokens Attending Query Tokens": -0.7448107448107448,
    "Rare Tokens Attending Query Tokens": -0.7442002442002441,
    "All Tokens Attending Very Rare Synonymous Tokens": -0.7435897435897436,
    "Rare Tokens Attending Rare Matching Word Tokens": -0.742979242979243,
    "Rare Tokens Attending Matching Word Tokens": -0.742979242979243,
    "All Tokens Attending Rare Matching Word Tokens": -0.742979242979243,
    "Very Rare Document Tokens Attending Synonymous Document Tokens": -0.73992673992674,
    "Very Rare Tokens Attending Synonymous Document Tokens": -0.73992673992674,
    "Rare Tokens Attending Rare Matching Word Document Tokens": -0.731990231990232,
    "Rare Document Tokens Attending Matching Word Document Tokens": -0.731990231990232,
    "Rare Document Tokens Attending Rare Matching Word Document Tokens": -0.731990231990232,
    "Document Tokens Attending Rare Matching Word Document Tokens": -0.731990231990232,
    "Rare Tokens Attending Matching Word Document Tokens": -0.731990231990232,
    "All Tokens Attending Rare Matching Word Document Tokens": -0.731990231990232,
    "Very Rare Document Tokens Attending Matching Word Tokens": -0.7307692307692307,
    "Very Rare Document Tokens Attending Very Rare Matching Word Tokens": -0.7307692307692307,
    "Very Rare Document Tokens Attending Rare Matching Word Tokens": -0.7307692307692307,
    "Rare Document Tokens Attending Very Rare Matching Word Tokens": -0.7307692307692307,