{
    "Document Tokens Attending Rare Document Tokens": -0.851037851037851,
    "All Tokens Attending Rare Document Tokens": -0.851037851037851,
    "All Tokens Attending Very Rare Document Tokens": -0.8333333333333333,
    "Document Tokens Attending Very Rare Document Tokens": -0.8333333333333333,
    "Rare Tokens Attending Rare Document Tokens": -0.8015873015873015,
    "Rare Document Tokens Attending Rare Document Tokens": -0.8015873015873015,
    "Very Rare Tokens Attending Rare Document Tokens": -0.7991452991452991,
    "Very Rare Document Tokens Attending Rare Document Tokens": -0.7991452991452991,
    "Rare Document Tokens Attending Rare Tokens": -0.7948717948717948,
    "Document Tokens Attending Rare Tokens": -0.78998778998779,
    "Document Tokens Attending Very Rare Tokens": -0.7869352869352869,
    "All Tokens Attending Rare Tokens": -0.7851037851037852,
    "All Tokens Attending Very Rare Tokens": -0.7838827838827838,
    "Rare Document Tokens Attending Very Rare Document Tokens": -0.7826617826617827,
    "Rare Tokens Attending Very Rare Document Tokens": -0.7826617826617827,
    "Very Rare Document Tokens Attending Rare Tokens": -0.7796092796092796,
    "Rare Tokens Attending Rare Tokens": -0.7735042735042735,
    "Very Rare Tokens Attending Rare Tokens": -0.7619047619047619,
    "Rare Tokens Attending Very Rare Tokens": -0.7594627594627593,
    "Rare Document Tokens Attending Very Rare Tokens": -0.7557997557997558,
    "Very Rare Document Tokens Attending Very Rare Tokens": -0.7466422466422465,
    "Very Rare Tokens Attending Very Rare Tokens": -0.742979242979243,
    "Very Rare Document Tokens Attending Very Rare Document Tokens": -0.7307692307692307,
    "Very Rare Tokens Attending Very Rare Document Tokens": -0.7307692307692307,
    "Very Rare Tokens Attending Rare Query Tokens": -0.7124542124542125,
    "Rare Tokens Attending Rare Query Tokens": -0.7087912087912087,
    "All Tokens Attending Very Rare Query Tokens": -0.6984126984126984,
    "Rare Document Tokens Attending Rare Query Tokens": -0.6978021978021978,
    "Very Rare Tokens Attending Very Rare Query Tokens": -0.6971916971916973,
    "Document Tokens Attending Very Rare Query Tokens": -0.6947496947496948,
    "Very Rare Document Tokens Attending Rare Query Tokens": -0.6947496947496948,
    "Rare Tokens Attending Very Rare Query Tokens": -0.6941391941391941,
    "All Tokens Attending Rare Query Tokens": -0.6923076923076923,
    "Rare Document Tokens Attending Very Rare Query Tokens": -0.6916971916971917,
    "Document Tokens Attending Synonymous Tokens": -0.6886446886446885,
    "Document Tokens Attending Rare Query Tokens": -0.6886446886446885,
    "All Tokens Attending Synonymous Tokens": -0.6874236874236873,
    "Rare Document Tokens Attending Rare Synonymous Document Tokens": -0.6831501831501832,
    "Rare Tokens Attending Rare Synonymous Document Tokens": -0.6831501831501832,
    "Rare Document Tokens Attending Matching Word Tokens": -0.6819291819291821,
    "Rare Document Tokens Attending Rare Matching Word Tokens": -0.6819291819291821,
    "Document Tokens Attending Rare Matching Word Tokens": -0.6819291819291821,
    "Rare Document Tokens Attending Rare Synonymous Tokens": -0.68009768009768,
    "Rare Tokens Attending Rare Synonymous Tokens": -0.6794871794871794,
    "All Tokens Attending Synonymous Document Tokens": -0.6788766788766789,
    "Document Tokens Attending Synonymous Document Tokens": -0.6788766788766789,
    "All Tokens Attending Synonymous Query Tokens": -0.6776556776556776,
    "All Tokens Attending Rare Synonymous Query Tokens": -0.6776556776556776,
    "Rare Tokens Attending Rare Synonymous Query Tokens": -0.6776556776556776,
    "Rare Tokens Attending Synonymous Query Tokens": -0.6776556776556776,
    "Rare Tokens Attending Rare Matching Word Tokens": -0.677045177045177,
    "Rare Tokens Attending Matching Word Tokens": -0.677045177045177,
    "All Tokens Attending Rare Matching Word Tokens": -0.677045177045177,
    "Document Tokens Attending Rare Synonymous Document Tokens": -0.6758241758241758,
    "Very Rare Document Tokens Attending Very Rare Query Tokens": -0.6758241758241758,
    "Rare Tokens Attending Synonymous Document Tokens": -0.6758241758241758,
    "Rare Document Tokens Attending Synonymous Document Tokens": -0.6758241758241758,
    "All Tokens Attending Rare Synonymous Document Tokens": -0.6758241758241758,
    "Document Tokens Attending Rare Synonymous Tokens": -0.6752136752136753,
    "Rare Document Tokens Attending Synonymous Tokens": -0.6752136752136753,
    "All Tokens Attending Rare Synonymous Tokens": -0.6746031746031745,
    "Rare Tokens Attending Synonymous Tokens": -0.6746031746031745,
    "Very Rare Tokens Attending Very Rare Synonymous Tokens": -0.673992673992674,
    "Very Rare Document Tokens Attending Query Tokens": -0.6733821733821733,
    "Very Rare Document Tokens Attending Synonymous Tokens": -0.6709401709401709,
    "Very Rare Document Tokens Attending Very Rare Synonymous Document Tokens": -0.6697191697191697,
    "Very Rare Tokens Attending Very Rare Synonymous Document Tokens": -0.6697191697191697,
    "Very Rare Tokens Attending Query Tokens": -0.669108669108669,
    "Rare Tokens Attending Very Rare Synonymous Document Tokens": -0.6666666666666665,
    "Rare Document Tokens Attending Very Rare Synonymous Document Tokens": -0.6666666666666665,
    "Very Rare Document Tokens Attending Rare Synonymous Tokens": -0.6648351648351648,
    "Very Rare Document Tokens Attending Very Rare Synonymous Tokens": -0.6648351648351648,
    "Rare Tokens Attending Rare Matching Word Document Tokens": -0.6642246642246642,
    "Rare Document Tokens Attending Matching Word Document Tokens": -0.6642246642246642,
    "Rare Document Tokens Attending Rare Matching Word Document Tokens": -0.6642246642246642,
    "Document Tokens Attending Rare Matching Word Document Tokens": -0.6642246642246642,
    "Rare Tokens Attending Matching Word Document Tokens": -0.6642246642246642,
    "All Tokens Attending Rare Matching Word Document Tokens": -0.6642246642246642,
    "Very Rare Tokens Attending Synonymous Tokens": -0.663003663003663,
    "Very Rare Tokens Attending Rare Synonymous Tokens": -0.663003663003663,
    "Rare Document Tokens Attending Very Rare Synonymous Tokens": -0.6623931623931624,
    "Very Rare Document Tokens Attending Rare Synonymous Document Tokens": -0.6623931623931624,
    "Very Rare Tokens Attending Rare Synonymous Document Tokens": -0.6623931623931624,
    "Document Tokens Attending Very Rare Synonymous Document Tokens": -0.6623931623931624,
    "All Tokens Attending Very Rare Synonymous Document Tokens": -0.6623931623931624,
    "Rare Document Tokens Attending Query Tokens": -0.6611721611721612,
    "Document Tokens Attending Very Rare Synonymous Tokens": -0.6599511599511599,
    "Rare Tokens Attending Very Rare Synonymous Tokens": -0.6593406593406593,
    "Rare Tokens Attending Query Tokens": -0.6587301587301586,
    "All Tokens Attending Very Rare Synonymous Tokens": -0.6568986568986569,
    "Very Rare Document Tokens Attending Synonymous Document Tokens": -0.6544566544566545,
    "Very Rare Tokens Attending Synonymous Document Tokens": -0.6544566544566545,
    "Document Tokens Attending Query Tokens": -0.6507936507936508,
    "Very Rare Document Tokens Attending Document Tokens": 0.647130647130647,
    "All Tokens Attending Very Rare Matching Word Tokens": -0.647130647130647,
    "Very Rare Tokens Attending Rare Matching Word Tokens": -0.647130647130647,
    "Very Rare Tokens Attending Matching Word Tokens": -0.647130647130647,
    "Very Rare Tokens Attending Very Rare Matching Word Tokens": -0.647130647130647,
    "Rare Tokens Attending Very Rare Matching Word Tokens": -0.647130647130647,
    "Very Rare Tokens Attending Document Tokens": 0.647130647130647,
    "Rare Tokens Attending Very Rare Synonymous Query Tokens": -0.6459096459096458,