{
    "Document Tokens Attending Rare Document Tokens": -0.8742368742368741,
    "All Tokens Attending Rare Document Tokens": -0.8742368742368741,
    "Very Rare Tokens Attending Rare Document Tokens": -0.8675213675213675,
    "Very Rare Document Tokens Attending Rare Document Tokens": -0.8675213675213675,
    "Very Rare Document Tokens Attending Rare Tokens": -0.8669108669108669,
    "Rare Document Tokens Attending Rare Tokens": -0.8589743589743589,
    "Very Rare Tokens Attending Rare Tokens": -0.8565323565323565,
    "All Tokens Attending Rare Tokens": -0.8516483516483515,
    "All Tokens Attending Very Rare Document Tokens": -0.8516483516483515,
    "Document Tokens Attending Very Rare Document Tokens": -0.8516483516483515,
    "Rare Tokens Attending Rare Tokens": -0.8516483516483515,
    "Very Rare Document Tokens Attending Very Rare Tokens": -0.8504273504273504,
    "Rare Tokens Attending Very Rare Tokens": -0.8498168498168497,
    "Rare Document Tokens Attending Very Rare Tokens": -0.8492063492063492,
    "Document Tokens Attending Rare Tokens": -0.847985347985348,
    "Rare Tokens Attending Rare Document Tokens": -0.8461538461538461,
    "Very Rare Tokens Attending Very Rare Tokens": -0.8461538461538461,
    "Rare Document Tokens Attending Rare Document Tokens": -0.8461538461538461,
    "Rare Document Tokens Attending Very Rare Document Tokens": -0.8400488400488401,
    "Rare Tokens Attending Very Rare Document Tokens": -0.8400488400488401,
    "All Tokens Attending Very Rare Tokens": -0.8369963369963369,
    "Document Tokens Attending Very Rare Tokens": -0.8333333333333333,
    "Very Rare Tokens Attending Rare Query Tokens": -0.8205128205128205,
    "Rare Tokens Attending Rare Query Tokens": -0.8199023199023199,
    "Very Rare Tokens Attending Very Rare Query Tokens": -0.8131868131868132,
    "Rare Tokens Attending Very Rare Query Tokens": -0.8125763125763125,
    "Rare Document Tokens Attending Rare Query Tokens": -0.81013431013431,
    "Rare Document Tokens Attending Very Rare Query Tokens": -0.8095238095238095,
    "Very Rare Document Tokens Attending Rare Query Tokens": -0.8058608058608058,
    "Very Rare Document Tokens Attending Very Rare Query Tokens": -0.8009768009768009,
    "Very Rare Document Tokens Attending Very Rare Document Tokens": -0.7967032967032966,
    "Very Rare Tokens Attending Very Rare Document Tokens": -0.7967032967032966,
    "All Tokens Attending Synonymous Query Tokens": -0.7857142857142856,
    "All Tokens Attending Rare Synonymous Query Tokens": -0.7857142857142856,
    "All Tokens Attending Very Rare Query Tokens": -0.7857142857142856,
    "Rare Tokens Attending Rare Synonymous Query Tokens": -0.7857142857142856,
    "Rare Tokens Attending Synonymous Query Tokens": -0.7857142857142856,
    "Document Tokens Attending Very Rare Query Tokens": -0.7844932844932845,
    "All Tokens Attending Rare Query Tokens": -0.7808302808302808,
    "Very Rare Document Tokens Attending Synonymous Tokens": -0.7771672771672772,
    "Document Tokens Attending Rare Query Tokens": -0.7753357753357752,
    "Document Tokens Attending Synonymous Tokens": -0.7735042735042735,
    "Very Rare Document Tokens Attending Query Tokens": -0.7728937728937728,
    "Very Rare Document Tokens Attending Rare Synonymous Tokens": -0.7692307692307693,
    "Rare Document Tokens Attending Rare Synonymous Tokens": -0.7686202686202686,
    "Document Tokens Attending Rare Synonymous Tokens": -0.768009768009768,
    "Rare Document Tokens Attending Synonymous Tokens": -0.768009768009768,
    "Rare Document Tokens Attending Very Rare Synonymous Tokens": -0.7661782661782661,
    "Document Tokens Attending Very Rare Synonymous Tokens": -0.7643467643467643,
    "All Tokens Attending Synonymous Tokens": -0.7631257631257632,
    "Very Rare Tokens Attending Query Tokens": -0.7625152625152625,
    "Rare Tokens Attending Very Rare Synonymous Query Tokens": -0.7594627594627593,
    "Rare Tokens Attending Rare Synonymous Tokens": -0.7594627594627593,
    "All Tokens Attending Very Rare Synonymous Query Tokens": -0.7594627594627593,
    "Very Rare Tokens Attending Synonymous Query Tokens": -0.7594627594627593,
    "Rare Document Tokens Attending Matching Word Tokens": -0.7588522588522589,
    "Rare Document Tokens Attending Rare Matching Word Tokens": -0.7588522588522589,
    "Document Tokens Attending Rare Matching Word Tokens": -0.7588522588522589,
    "Very Rare Tokens Attending Very Rare Synonymous Tokens": -0.7582417582417582,
    "Rare Document Tokens Attending Query Tokens": -0.7576312576312576,
    "Very Rare Document Tokens Attending Very Rare Synonymous Tokens": -0.7576312576312576,
    "Rare Document Tokens Attending Rare Synonymous Query Tokens": -0.7570207570207569,
    "Document Tokens Attending Synonymous Query Tokens": -0.7570207570207569,
    "Document Tokens Attending Rare Synonymous Query Tokens": -0.7570207570207569,
    "Rare Document Tokens Attending Synonymous Query Tokens": -0.7570207570207569,
    "All Tokens Attending Rare Synonymous Tokens": -0.7570207570207569,
    "Rare Tokens Attending Synonymous Tokens": -0.7570207570207569,
    "Very Rare Tokens Attending Very Rare Synonymous Query Tokens": -0.7545787545787546,
    "Very Rare Tokens Attending Rare Synonymous Query Tokens": -0.7545787545787546,
    "Rare Tokens Attending Query Tokens": -0.7545787545787546,
    "Very Rare Tokens Attending Synonymous Tokens": -0.7527472527472527,
    "Very Rare Tokens Attending Rare Synonymous Tokens": -0.7527472527472527,
    "Rare Tokens Attending Very Rare Synonymous Tokens": -0.7484737484737484,
    "Very Rare Document Tokens Attending Rare Synonymous Query Tokens": -0.7472527472527473,
    "Document Tokens Attending Very Rare Synonymous Query Tokens": -0.7472527472527473,
    "Document Tokens Attending Rare Matching Word Query Tokens": -0.7472527472527473,
    "Rare Document Tokens Attending Very Rare Synonymous Query Tokens": -0.7472527472527473,
    "Rare Document Tokens Attending Rare Matching Word Query Tokens": -0.7472527472527473,
    "Very Rare Document Tokens Attending Synonymous Query Tokens": -0.7472527472527473,
    "Rare Document Tokens Attending Matching Word Query Tokens": -0.7472527472527473,
    "All Tokens Attending Very Rare Synonymous Tokens": -0.7454212454212454,
    "Document Tokens Attending Very Rare Synonymous Document Tokens": -0.7448107448107448,
    "All Tokens Attending Very Rare Synonymous Document Tokens": -0.7448107448107448,
    "Rare Tokens Attending Very Rare Synonymous Document Tokens": -0.7442002442002441,
    "Rare Document Tokens Attending Very Rare Synonymous Document Tokens": -0.7442002442002441,
    "Very Rare Document Tokens Attending Rare Matching Word Query Tokens": -0.7435897435897436,
    "Very Rare Document Tokens Attending Rare Synonymous Document Tokens": -0.7435897435897436,
    "Very Rare Document Tokens Attending Matching Word Query Tokens": -0.7435897435897436,
    "Very Rare Tokens Attending Rare Synonymous Document Tokens": -0.7435897435897436,
    "Very Rare Document Tokens Attending Very Rare Matching Word Query Tokens": -0.7435897435897436,
    "Document Tokens Attending Very Rare Matching Word Query Tokens": -0.7435897435897436,
    "Rare Document Tokens Attending Very Rare Matching Word Query Tokens": -0.7435897435897436,
    "Very Rare Document Tokens Attending Very Rare Synonymous Query Tokens": -0.742979242979243,
    "Rare Document Tokens Attending Rare Synonymous Document Tokens": -0.742979242979243,
    "Rare Tokens Attending Rare Synonymous Document Tokens": -0.742979242979243,
    "Document Tokens Attending Rare Synonymous Document Tokens": -0.7417582417582417,
    "Rare Tokens Attending Synonymous Document Tokens": -0.7417582417582417,
    "Rare Document Tokens Attending Synonymous Document Tokens": -0.7417582417582417,
    "All Tokens Attending Rare Synonymous Document Tokens": -0.7417582417582417,
    "All Tokens Attending Synonymous Document Tokens": -0.7411477411477412,