{
    "Very Rare Document Tokens Attending Rare Tokens": -0.912227151522673,
    "Very Rare Tokens Attending Rare Document Tokens": -0.9085635886651522,
    "Very Rare Document Tokens Attending Rare Document Tokens": -0.9085635886651522,
    "Very Rare Tokens Attending Rare Tokens": -0.9024576505692842,
    "Document Tokens Attending Rare Document Tokens": -0.9012364629501107,
    "All Tokens Attending Rare Document Tokens": -0.9012364629501107,
    "Rare Document Tokens Attending Rare Tokens": -0.9006258691405238,
    "Rare Tokens Attending Rare Tokens": -0.8981834939021767,
    "Rare Document Tokens Attending Very Rare Tokens": -0.8945199310446559,
    "Rare Tokens Attending Very Rare Tokens": -0.8932987434254824,
    "Very Rare Document Tokens Attending Very Rare Tokens": -0.8920775558063087,
    "Very Rare Tokens Attending Very Rare Tokens": -0.889940477472755,
    "All Tokens Attending Rare Tokens": -0.8896351805679615,
    "Document Tokens Attending Rare Tokens": -0.8847504300912672,
    "All Tokens Attending Very Rare Document Tokens": -0.8844451331864739,
    "Document Tokens Attending Very Rare Document Tokens": -0.8844451331864739,
    "Rare Document Tokens Attending Very Rare Document Tokens": -0.8844451331864739,
    "Rare Tokens Attending Very Rare Document Tokens": -0.8844451331864739,
    "Rare Tokens Attending Rare Document Tokens": -0.880781570328953,
    "Rare Document Tokens Attending Rare Document Tokens": -0.880781570328953,
    "All Tokens Attending Very Rare Tokens": -0.8749809291378785,
    "Document Tokens Attending Very Rare Tokens": -0.8670432096132502,
    "Very Rare Document Tokens Attending Very Rare Document Tokens": -0.855441927231101,
    "Very Rare Tokens Attending Very Rare Document Tokens": -0.855441927231101,
    "Very Rare Tokens Attending Rare Query Tokens": -0.8465883169920925,
    "Rare Tokens Attending Rare Query Tokens": -0.8438406448489518,
    "Rare Tokens Attending Very Rare Query Tokens": -0.8417035665153981,
    "Very Rare Tokens Attending Very Rare Query Tokens": -0.8380400036578773,
    "Very Rare Document Tokens Attending Synonymous Tokens": -0.8291863934188688,
    "All Tokens Attending Synonymous Query Tokens": -0.828575799609282,
    "All Tokens Attending Rare Synonymous Query Tokens": -0.828575799609282,
    "Rare Tokens Attending Rare Synonymous Query Tokens": -0.828575799609282,
    "Rare Tokens Attending Synonymous Query Tokens": -0.828575799609282,
    "Rare Document Tokens Attending Rare Query Tokens": -0.8282705027044885,
    "Document Tokens Attending Synonymous Tokens": -0.8273546119901084,
    "Rare Document Tokens Attending Very Rare Query Tokens": -0.827049315085315,
    "All Tokens Attending Synonymous Tokens": -0.8267440181805216,
    "Very Rare Document Tokens Attending Rare Query Tokens": -0.8252175336565546,
    "Very Rare Document Tokens Attending Rare Synonymous Tokens": -0.8233857522277942,
    "Rare Document Tokens Attending Rare Synonymous Tokens": -0.8230804553230008,
    "Document Tokens Attending Rare Synonymous Tokens": -0.8218592677038272,
    "Rare Document Tokens Attending Synonymous Tokens": -0.8218592677038272,
    "Rare Tokens Attending Rare Synonymous Tokens": -0.8212486738942404,
    "Rare Document Tokens Attending Very Rare Synonymous Tokens": -0.820943376989447,
    "Rare Document Tokens Attending Matching Word Tokens": -0.8200274862750668,
    "Rare Document Tokens Attending Rare Matching Word Tokens": -0.8200274862750668,
    "Document Tokens Attending Rare Matching Word Tokens": -0.8200274862750668,
    "Very Rare Document Tokens Attending Very Rare Query Tokens": -0.8191115955606866,
    "All Tokens Attending Rare Synonymous Tokens": -0.8188062986558932,
    "Rare Tokens Attending Synonymous Tokens": -0.8188062986558932,
    "Document Tokens Attending Very Rare Synonymous Tokens": -0.817890407941513,
    "Very Rare Document Tokens Attending Very Rare Synonymous Tokens": -0.8157533296079592,
    "Very Rare Tokens Attending Very Rare Synonymous Tokens": -0.8157533296079592,
    "All Tokens Attending Very Rare Query Tokens": -0.8142268450839923,
    "Very Rare Tokens Attending Synonymous Tokens": -0.8114791729408517,
    "Very Rare Tokens Attending Rare Synonymous Tokens": -0.8114791729408517,
    "Rare Tokens Attending Very Rare Synonymous Document Tokens": -0.8090367977025046,
    "Rare Document Tokens Attending Very Rare Synonymous Document Tokens": -0.8090367977025046,
    "Very Rare Document Tokens Attending Rare Synonymous Document Tokens": -0.8084262038929177,
    "Very Rare Tokens Attending Rare Synonymous Document Tokens": -0.8084262038929177,
    "Document Tokens Attending Very Rare Synonymous Document Tokens": -0.8084262038929177,
    "All Tokens Attending Very Rare Synonymous Document Tokens": -0.8084262038929177,
    "Rare Tokens Attending Very Rare Synonymous Tokens": -0.8078156100833308,
    "All Tokens Attending Rare Query Tokens": -0.8068997193689508,
    "Rare Document Tokens Attending Rare Synonymous Document Tokens": -0.8053732348449838,
    "Rare Tokens Attending Very Rare Synonymous Query Tokens": -0.8053732348449838,
    "All Tokens Attending Very Rare Synonymous Query Tokens": -0.8053732348449838,
    "Very Rare Tokens Attending Synonymous Query Tokens": -0.8053732348449838,
    "Rare Tokens Attending Rare Synonymous Document Tokens": -0.8053732348449838,
    "All Tokens Attending Very Rare Synonymous Tokens": -0.8053732348449838,
    "Document Tokens Attending Rare Synonymous Document Tokens": -0.80415204722581,
    "Rare Tokens Attending Synonymous Document Tokens": -0.80415204722581,
    "Rare Document Tokens Attending Synonymous Document Tokens": -0.80415204722581,
    "All Tokens Attending Rare Synonymous Document Tokens": -0.80415204722581,
    "Very Rare Document Tokens Attending Very Rare Synonymous Document Tokens": -0.8035414534162233,
    "Very Rare Tokens Attending Very Rare Synonymous Document Tokens": -0.8035414534162233,
    "Very Rare Tokens Attending Very Rare Synonymous Query Tokens": -0.8026255627018433,
    "Very Rare Tokens Attending Rare Synonymous Query Tokens": -0.8026255627018433,
    "Very Rare Document Tokens Attending Synonymous Document Tokens": -0.8023202657970497,
    "All Tokens Attending Synonymous Document Tokens": -0.8023202657970497,
    "Document Tokens Attending Synonymous Document Tokens": -0.8023202657970497,
    "Very Rare Tokens Attending Synonymous Document Tokens": -0.8023202657970497,
    "Document Tokens Attending Very Rare Query Tokens": -0.8014043750826695,
    "Rare Tokens Attending Rare Matching Word Tokens": -0.7992672967491157,
    "Very Rare Document Tokens Attending Matching Word Tokens": -0.7992672967491157,
    "Very Rare Document Tokens Attending Very Rare Matching Word Tokens": -0.7992672967491157,
    "Very Rare Document Tokens Attending Rare Matching Word Tokens": -0.7992672967491157,
    "Rare Document Tokens Attending Very Rare Matching Word Tokens": -0.7992672967491157,
    "Rare Tokens Attending Matching Word Tokens": -0.7992672967491157,
    "Document Tokens Attending Very Rare Matching Word Tokens": -0.7992672967491157,
    "All Tokens Attending Rare Matching Word Tokens": -0.7992672967491157,
    "Very Rare Tokens Attending Query Tokens": -0.7980461091299422,
    "Very Rare Document Tokens Attending Query Tokens": -0.7952984369868016,
    "Document Tokens Attending Rare Query Tokens": -0.794077249367628,
    "All Tokens Attending Very Rare Matching Word Tokens": -0.7907189834149007,
    "Very Rare Tokens Attending Rare Matching Word Tokens": -0.7907189834149007,
    "Very Rare Tokens Attending Matching Word Tokens": -0.7907189834149007,
    "Very Rare Tokens Attending Very Rare Matching Word Tokens": -0.7907189834149007,
    "Rare Tokens Attending Very Rare Matching Word Tokens": -0.7907189834149007,
    "Rare Tokens Attending Query Tokens": -0.7870554205573799,
    "Rare Document Tokens Attending Query Tokens": -0.7824759669854788,