{
    "Document Tokens Attending Rare Document Tokens": 0.7074686398019274,
    "All Tokens Attending Rare Document Tokens": 0.7074686398019274,
    "All Tokens Attending Very Rare Document Tokens": 0.6968301363235394,
    "Document Tokens Attending Very Rare Document Tokens": 0.6968301363235394,
    "Document Tokens Attending Rare Tokens": 0.674998662246749,
    "Rare Tokens Attending Rare Document Tokens": 0.6721834279305174,
    "Rare Document Tokens Attending Rare Document Tokens": 0.6721834279305174,
    "Document Tokens Attending Very Rare Tokens": 0.6643162152555449,
    "All Tokens Attending Rare Tokens": 0.6626331484932577,
    "Rare Document Tokens Attending Very Rare Document Tokens": 0.6591954670231228,
    "Rare Tokens Attending Very Rare Document Tokens": 0.6591954670231228,
    "Very Rare Tokens Attending Rare Document Tokens": 0.6557531996222895,
    "Very Rare Document Tokens Attending Rare Document Tokens": 0.6557531996222895,
    "All Tokens Attending Very Rare Tokens": 0.6495572628712295,
    "Rare Document Tokens Attending Rare Tokens": 0.649328884650901,
    "Rare Document Tokens Attending Very Rare Tokens": 0.6428867938487424,
    "Very Rare Document Tokens Attending Rare Tokens": 0.6355972506548743,
    "Rare Tokens Attending Rare Tokens": 0.6296018736232507,
    "Rare Tokens Attending Very Rare Tokens": 0.6189540586532154,
    "Very Rare Document Tokens Attending Very Rare Tokens": 0.6150864744084867,
    "Very Rare Tokens Attending Rare Tokens": 0.6137221129732846,
    "Very Rare Document Tokens Attending Very Rare Document Tokens": 0.6073475628732976,
    "Very Rare Tokens Attending Very Rare Document Tokens": 0.6073475628732976,
    "Very Rare Tokens Attending Very Rare Tokens": 0.5807954059068046,
    "Very Rare Document Tokens Attending Semantic Match Tokens": 0.4503768256726747,
    "Very Rare Document Tokens Attending Rare Semantic Match Tokens": 0.44659475764375733,
    "Rare Document Tokens Attending Semantic Match Tokens": 0.4446256440540287,
    "Document Tokens Attending Rare Semantic Match Tokens": 0.44150867519925474,
    "Rare Document Tokens Attending Very Rare Semantic Match Tokens": 0.4398258796882953,
    "Document Tokens Attending Very Rare Semantic Match Tokens": 0.439674909227261,
    "Document Tokens Attending Semantic Match Tokens": 0.43720057279557667,
    "Rare Document Tokens Attending Rare Semantic Match Tokens": 0.4369596073338682,
    "Very Rare Document Tokens Attending Very Rare Semantic Match Tokens": 0.411947336398458,
    "Very Rare Document Tokens Attending Semantic Match Document Tokens": 0.4088254604897361,
    "Very Rare Tokens Attending Semantic Match Document Tokens": 0.4088254604897361,
    "Rare Document Tokens Attending Semantic Match Document Tokens": 0.4060493882441637,
    "Rare Tokens Attending Semantic Match Document Tokens": 0.4060493882441637,
    "Very Rare Document Tokens Attending Rare Semantic Match Document Tokens": 0.40503720294038675,
    "Very Rare Tokens Attending Rare Semantic Match Document Tokens": 0.40503720294038675,
    "Very Rare Tokens Attending Semantic Match Tokens": 0.4025683307403181,
    "Document Tokens Attending Rare Semantic Match Document Tokens": 0.4024992772817533,
    "All Tokens Attending Rare Semantic Match Document Tokens": 0.4024992772817533,
    "All Tokens Attending Semantic Match Document Tokens": 0.40095560770811967,
    "Document Tokens Attending Semantic Match Document Tokens": 0.40095560770811967,
    "Rare Tokens Attending Semantic Match Tokens": 0.4008482268784812,
    "Very Rare Tokens Attending Rare Semantic Match Tokens": 0.3987009571827863,
    "Rare Tokens Attending Very Rare Semantic Match Document Tokens": 0.39856879403490186,
    "Rare Document Tokens Attending Very Rare Semantic Match Document Tokens": 0.39856879403490186,
    "Rare Tokens Attending Rare Semantic Match Document Tokens": 0.39838632336657975,
    "Rare Document Tokens Attending Rare Semantic Match Document Tokens": 0.39838632336657975,
    "Document Tokens Attending Very Rare Semantic Match Document Tokens": 0.39799644432824355,
    "All Tokens Attending Very Rare Semantic Match Document Tokens": 0.39799644432824355,
    "All Tokens Attending Rare Semantic Match Tokens": 0.3978247257846103,
    "All Tokens Attending Semantic Match Tokens": 0.3954661338380983,
    "Rare Tokens Attending Rare Semantic Match Tokens": 0.3935195154844092,
    "Rare Tokens Attending Very Rare Semantic Match Tokens": 0.3930458802547075,
    "All Tokens Attending Very Rare Semantic Match Tokens": 0.3929768041387968,
    "Very Rare Tokens Attending Very Rare Semantic Match Document Tokens": 0.37423438123895225,
    "Very Rare Document Tokens Attending Very Rare Semantic Match Document Tokens": 0.37423438123895225,
    "Very Rare Tokens Attending All Tokens": -0.3739580465176751,
    "Very Rare Tokens Attending Very Rare Semantic Match Tokens": 0.36565228532559246,
    "Very Rare Document Tokens Attending Very Rare Lexical Match Tokens": 0.3428342974890369,
    "Very Rare Document Tokens Attending Rare Lexical Match Tokens": 0.3428342974890369,
    "Very Rare Document Tokens Attending Lexical Match Tokens": 0.3428342974890369,
    "Rare Document Tokens Attending Very Rare Lexical Match Tokens": 0.3428342974890369,
    "Document Tokens Attending Very Rare Lexical Match Tokens": 0.3428342974890369,
    "Rare Document Tokens Attending Lexical Match Tokens": 0.330472320023634,
    "Document Tokens Attending Rare Lexical Match Tokens": 0.330472320023634,
    "Rare Document Tokens Attending Rare Lexical Match Tokens": 0.330472320023634,
    "Document Tokens Attending Very Rare Lexical Match Query Tokens": 0.3268293516895054,
    "Rare Document Tokens Attending Very Rare Lexical Match Query Tokens": 0.3268293516895054,
    "Very Rare Document Tokens Attending Lexical Match Query Tokens": 0.3268293516895054,
    "Very Rare Document Tokens Attending Very Rare Lexical Match Query Tokens": 0.3268293516895054,
    "Very Rare Document Tokens Attending Rare Lexical Match Query Tokens": 0.3268293516895054,
    "Rare Document Tokens Attending Lexical Match Query Tokens": 0.324056633529219,
    "Rare Document Tokens Attending Rare Lexical Match Query Tokens": 0.324056633529219,
    "Document Tokens Attending Rare Lexical Match Query Tokens": 0.324056633529219,
    "Rare Document Tokens Attending Rare Semantic Match Query Tokens": 0.32103256623196585,
    "Document Tokens Attending Rare Semantic Match Query Tokens": 0.32063438117996335,
    "Rare Document Tokens Attending Semantic Match Query Tokens": 0.31964597392756267,
    "Very Rare Document Tokens Attending Rare Query Tokens": 0.3158759479939116,
    "Document Tokens Attending Semantic Match Query Tokens": 0.3145965442842967,
    "Very Rare Document Tokens Attending Rare Semantic Match Query Tokens": 0.3100274385810921,
    "Document Tokens Attending Very Rare Semantic Match Query Tokens": 0.309956193167332,
    "Very Rare Document Tokens Attending Semantic Match Query Tokens": 0.30918537114597333,
    "Rare Document Tokens Attending Very Rare Semantic Match Query Tokens": 0.309037455105169,
    "Very Rare Document Tokens Attending Very Rare Query Tokens": 0.3039512261941727,
    "Rare Tokens Attending Very Rare Lexical Match Document Tokens": 0.3014573553030085,
    "Very Rare Document Tokens Attending Rare Lexical Match Document Tokens": 0.3014573553030085,
    "Very Rare Tokens Attending Rare Lexical Match Document Tokens": 0.3014573553030085,
    "Document Tokens Attending Very Rare Lexical Match Document Tokens": 0.3014573553030085,
    "Very Rare Tokens Attending Lexical Match Document Tokens": 0.3014573553030085,