{
    "Rare Document Tokens Attending Very Rare Document Tokens": -0.6701612903225808,
    "Rare Tokens Attending Very Rare Document Tokens": -0.6701612903225808,
    "All Tokens Attending Very Rare Document Tokens": -0.6616935483870968,
    "Document Tokens Attending Very Rare Document Tokens": -0.6616935483870968,
    "Rare Tokens Attending Rare Document Tokens": -0.6612903225806452,
    "Rare Document Tokens Attending Rare Document Tokens": -0.6612903225806452,
    "Very Rare Document Tokens Attending Very Rare Document Tokens": -0.6608870967741937,
    "Very Rare Tokens Attending Very Rare Document Tokens": -0.6608870967741937,
    "Very Rare Tokens Attending Rare Document Tokens": -0.6600806451612903,
    "Very Rare Document Tokens Attending Rare Document Tokens": -0.6600806451612903,
    "Document Tokens Attending Rare Document Tokens": -0.6314516129032258,
    "All Tokens Attending Rare Document Tokens": -0.6314516129032258,
    "Very Rare Document Tokens Attending Very Rare Tokens": -0.6266129032258065,
    "Document Tokens Attending Very Rare Tokens": -0.6141129032258065,
    "Document Tokens Attending Rare Tokens": -0.5947580645161291,
    "Rare Document Tokens Attending Rare Tokens": -0.5903225806451613,
    "Rare Document Tokens Attending Very Rare Tokens": -0.5814516129032258,
    "Very Rare Document Tokens Attending Rare Tokens": -0.5774193548387098,
    "Very Rare Tokens Attending Very Rare Tokens": -0.5766129032258065,
    "All Tokens Attending Very Rare Tokens": -0.5673387096774194,
    "Very Rare Tokens Attending Rare Tokens": -0.5604838709677421,
    "All Tokens Attending Rare Tokens": -0.5540322580645162,
    "Rare Tokens Attending Rare Tokens": -0.5528225806451614,
    "Rare Tokens Attending Very Rare Tokens": -0.5278225806451614,
    "Very Rare Document Tokens Attending Rare Synonymous Tokens": -0.5245967741935484,
    "Very Rare Document Tokens Attending Synonymous Tokens": -0.5245967741935484,
    "Rare Document Tokens Attending Very Rare Synonymous Tokens": -0.49395161290322587,
    "Document Tokens Attending Synonymous Tokens": -0.48225806451612907,
    "Document Tokens Attending Very Rare Synonymous Tokens": -0.48185483870967744,
    "Rare Document Tokens Attending Synonymous Tokens": -0.47983870967741943,
    "Document Tokens Attending Rare Synonymous Tokens": -0.4713709677419356,
    "Rare Document Tokens Attending Rare Synonymous Tokens": -0.4713709677419356,
    "Very Rare Document Tokens Attending Very Rare Synonymous Tokens": -0.44798387096774195,
    "Very Rare Document Tokens Attending Synonymous Document Tokens": -0.4467741935483871,
    "Very Rare Tokens Attending Synonymous Document Tokens": -0.4467741935483871,
    "Very Rare Document Tokens Attending Rare Synonymous Document Tokens": -0.44435483870967746,
    "Very Rare Tokens Attending Rare Synonymous Document Tokens": -0.44435483870967746,
    "Rare Tokens Attending Very Rare Synonymous Document Tokens": -0.4415322580645162,
    "Rare Document Tokens Attending Very Rare Synonymous Document Tokens": -0.4415322580645162,
    "Rare Tokens Attending Synonymous Document Tokens": -0.42862903225806454,
    "Rare Document Tokens Attending Synonymous Document Tokens": -0.42862903225806454,
    "Document Tokens Attending Very Rare Synonymous Document Tokens": -0.4241935483870968,
    "All Tokens Attending Very Rare Synonymous Document Tokens": -0.4241935483870968,
    "All Tokens Attending Very Rare Synonymous Tokens": -0.41935483870967744,
    "Rare Document Tokens Attending Rare Synonymous Document Tokens": -0.4145161290322581,
    "Rare Tokens Attending Rare Synonymous Document Tokens": -0.4145161290322581,
    "Document Tokens Attending Rare Synonymous Document Tokens": -0.41290322580645167,
    "All Tokens Attending Rare Synonymous Document Tokens": -0.41290322580645167,
    "All Tokens Attending Synonymous Tokens": -0.40806451612903233,
    "All Tokens Attending Rare Synonymous Tokens": -0.4060483870967742,
    "Very Rare Tokens Attending Rare Synonymous Tokens": -0.40403225806451615,
    "All Tokens Attending Synonymous Document Tokens": -0.40403225806451615,
    "Document Tokens Attending Synonymous Document Tokens": -0.40403225806451615,
    "Very Rare Tokens Attending Synonymous Tokens": -0.4024193548387097,
    "Rare Tokens Attending Synonymous Tokens": -0.3975806451612903,
    "Rare Tokens Attending Very Rare Synonymous Tokens": -0.3967741935483871,
    "Document Tokens Attending Rare Query Tokens": -0.39435483870967747,
    "Rare Tokens Attending Rare Synonymous Tokens": -0.385483870967742,
    "Very Rare Document Tokens Attending Very Rare Synonymous Document Tokens": -0.38104838709677424,
    "Very Rare Tokens Attending Very Rare Synonymous Document Tokens": -0.38104838709677424,
    "Rare Document Tokens Attending Rare Query Tokens": -0.37177419354838714,
    "Rare Document Tokens Attending Very Rare Query Tokens": -0.3620967741935484,
    "Document Tokens Attending Very Rare Query Tokens": -0.35564516129032264,
    "Rare Tokens Attending Very Rare Query Tokens": -0.3544354838709678,
    "Very Rare Tokens Attending Very Rare Query Tokens": -0.3491935483870968,
    "All Tokens Attending Rare Query Tokens": -0.3483870967741936,
    "Very Rare Tokens Attending Very Rare Synonymous Tokens": -0.3479838709677419,
    "Very Rare Document Tokens Attending Rare Query Tokens": -0.34395161290322585,
    "Very Rare Document Tokens Attending Very Rare Query Tokens": -0.33870967741935487,
    "Very Rare Tokens Attending Rare Query Tokens": -0.3358870967741936,
    "Rare Tokens Attending Rare Query Tokens": -0.3342741935483871,
    "Rare Document Tokens Attending Matching Word Tokens": -0.3209677419354839,
    "Rare Document Tokens Attending Rare Matching Word Tokens": -0.3209677419354839,
    "Document Tokens Attending Rare Matching Word Tokens": -0.3209677419354839,
    "Very Rare Document Tokens Attending Rare Matching Word Query Tokens": -0.3112903225806452,
    "Very Rare Document Tokens Attending Matching Word Query Tokens": -0.3112903225806452,
    "Very Rare Document Tokens Attending Very Rare Matching Word Query Tokens": -0.3112903225806452,
    "Document Tokens Attending Very Rare Matching Word Query Tokens": -0.3112903225806452,
    "Rare Document Tokens Attending Very Rare Matching Word Query Tokens": -0.3112903225806452,
    "Very Rare Document Tokens Attending Matching Word Tokens": -0.30685483870967745,
    "Very Rare Document Tokens Attending Very Rare Matching Word Tokens": -0.30685483870967745,
    "Very Rare Document Tokens Attending Rare Matching Word Tokens": -0.30685483870967745,
    "Rare Document Tokens Attending Very Rare Matching Word Tokens": -0.30685483870967745,
    "Document Tokens Attending Very Rare Matching Word Tokens": -0.30685483870967745,
    "Document Tokens Attending Rare Matching Word Query Tokens": -0.30403225806451617,
    "Rare Document Tokens Attending Rare Matching Word Query Tokens": -0.30403225806451617,
    "Rare Document Tokens Attending Matching Word Query Tokens": -0.30403225806451617,
    "Document Tokens Attending Synonymous Query Tokens": -0.30362903225806454,
    "Very Rare Document Tokens Attending Rare Synonymous Query Tokens": -0.30322580645161296,
    "All Tokens Attending Document Tokens": 0.30201612903225805,
    "All Tokens Attending Query Tokens": -0.30201612903225805,
    "Document Tokens Attending Document Tokens": 0.30201612903225805,
    "Very Rare Document Tokens Attending Very Rare Synonymous Query Tokens": -0.2991935483870968,
    "Document Tokens Attending Very Rare Synonymous Query Tokens": -0.2991935483870968,
    "Rare Document Tokens Attending Very Rare Synonymous Query Tokens": -0.2991935483870968,
    "Very Rare Document Tokens Attending Synonymous Query Tokens": -0.2987903225806452,
    "Rare Document Tokens Attending Rare Synonymous Query Tokens": -0.29516129032258065,
    "Document Tokens Attending Rare Synonymous Query Tokens": -0.29516129032258065,