{
    "Rare Document Tokens Attending Very Rare Document Tokens": -0.6439516129032259,
    "Rare Tokens Attending Very Rare Document Tokens": -0.6439516129032259,
    "Very Rare Document Tokens Attending Very Rare Document Tokens": -0.6399193548387098,
    "Very Rare Tokens Attending Very Rare Document Tokens": -0.6399193548387098,
    "All Tokens Attending Very Rare Document Tokens": -0.6338709677419355,
    "Document Tokens Attending Very Rare Document Tokens": -0.6338709677419355,
    "Rare Tokens Attending Rare Document Tokens": -0.6290322580645162,
    "Rare Document Tokens Attending Rare Document Tokens": -0.6290322580645162,
    "Very Rare Tokens Attending Rare Document Tokens": -0.6237903225806453,
    "Very Rare Document Tokens Attending Rare Document Tokens": -0.6237903225806453,
    "Document Tokens Attending Rare Document Tokens": -0.5967741935483871,
    "All Tokens Attending Rare Document Tokens": -0.5967741935483871,
    "Very Rare Document Tokens Attending Very Rare Tokens": -0.5939516129032258,
    "Document Tokens Attending Very Rare Tokens": -0.5850806451612903,
    "Very Rare Tokens Attending Very Rare Tokens": -0.5508064516129032,
    "Document Tokens Attending Rare Tokens": -0.5475806451612903,
    "Rare Document Tokens Attending Very Rare Tokens": -0.5471774193548388,
    "Rare Document Tokens Attending Rare Tokens": -0.5459677419354839,
    "All Tokens Attending Very Rare Tokens": -0.5435483870967742,
    "Very Rare Document Tokens Attending Rare Synonymous Tokens": -0.5427419354838711,
    "Very Rare Document Tokens Attending Synonymous Tokens": -0.5427419354838711,
    "Very Rare Document Tokens Attending Rare Tokens": -0.5278225806451614,
    "Rare Document Tokens Attending Very Rare Synonymous Tokens": -0.5169354838709678,
    "Very Rare Tokens Attending Rare Tokens": -0.5133064516129032,
    "Document Tokens Attending Synonymous Tokens": -0.5104838709677421,
    "Rare Tokens Attending Rare Tokens": -0.5104838709677421,
    "All Tokens Attending Rare Tokens": -0.5072580645161291,
    "Rare Document Tokens Attending Synonymous Tokens": -0.5072580645161291,
    "Document Tokens Attending Very Rare Synonymous Tokens": -0.5060483870967742,
    "Document Tokens Attending Rare Synonymous Tokens": -0.49879032258064526,
    "Rare Document Tokens Attending Rare Synonymous Tokens": -0.49879032258064526,
    "Rare Tokens Attending Very Rare Tokens": -0.49677419354838714,
    "Very Rare Document Tokens Attending Very Rare Synonymous Tokens": -0.48225806451612907,
    "Very Rare Document Tokens Attending Synonymous Document Tokens": -0.48185483870967744,
    "Very Rare Tokens Attending Synonymous Document Tokens": -0.48185483870967744,
    "Very Rare Document Tokens Attending Rare Synonymous Document Tokens": -0.4790322580645162,
    "Very Rare Tokens Attending Rare Synonymous Document Tokens": -0.4790322580645162,
    "Rare Tokens Attending Very Rare Synonymous Document Tokens": -0.4766129032258065,
    "Rare Document Tokens Attending Very Rare Synonymous Document Tokens": -0.4766129032258065,
    "Rare Tokens Attending Synonymous Document Tokens": -0.4629032258064517,
    "Rare Document Tokens Attending Synonymous Document Tokens": -0.4629032258064517,
    "Document Tokens Attending Very Rare Synonymous Document Tokens": -0.46129032258064523,
    "All Tokens Attending Very Rare Synonymous Document Tokens": -0.46129032258064523,
    "Rare Document Tokens Attending Rare Synonymous Document Tokens": -0.45241935483870976,
    "Rare Tokens Attending Rare Synonymous Document Tokens": -0.45241935483870976,
    "All Tokens Attending Very Rare Synonymous Tokens": -0.4504032258064517,
    "Document Tokens Attending Rare Synonymous Document Tokens": -0.4475806451612904,
    "All Tokens Attending Rare Synonymous Document Tokens": -0.4475806451612904,
    "All Tokens Attending Synonymous Tokens": -0.4423387096774194,
    "All Tokens Attending Synonymous Document Tokens": -0.4395161290322581,
    "Document Tokens Attending Synonymous Document Tokens": -0.4395161290322581,
    "All Tokens Attending Rare Synonymous Tokens": -0.43830645161290327,
    "Very Rare Tokens Attending Rare Synonymous Tokens": -0.43346774193548393,
    "Very Rare Tokens Attending Synonymous Tokens": -0.4322580645161291,
    "Rare Tokens Attending Very Rare Synonymous Tokens": -0.42862903225806454,
    "Rare Tokens Attending Synonymous Tokens": -0.4274193548387098,
    "Very Rare Document Tokens Attending Very Rare Synonymous Document Tokens": -0.42338709677419356,
    "Very Rare Tokens Attending Very Rare Synonymous Document Tokens": -0.42338709677419356,
    "Rare Tokens Attending Rare Synonymous Tokens": -0.4205645161290323,
    "Very Rare Tokens Attending Very Rare Synonymous Tokens": -0.3830645161290323,
    "Rare Document Tokens Attending Matching Word Tokens": -0.3725806451612904,
    "Rare Document Tokens Attending Rare Matching Word Tokens": -0.3725806451612904,
    "Document Tokens Attending Rare Matching Word Tokens": -0.3725806451612904,
    "Very Rare Document Tokens Attending Matching Word Tokens": -0.35040322580645167,
    "Very Rare Document Tokens Attending Very Rare Matching Word Tokens": -0.35040322580645167,
    "Very Rare Document Tokens Attending Rare Matching Word Tokens": -0.35040322580645167,
    "Rare Document Tokens Attending Very Rare Matching Word Tokens": -0.35040322580645167,
    "Document Tokens Attending Rare Query Tokens": -0.35040322580645167,
    "Document Tokens Attending Very Rare Matching Word Tokens": -0.35040322580645167,
    "Rare Tokens Attending Rare Matching Word Document Tokens": -0.3395161290322581,
    "Rare Document Tokens Attending Matching Word Document Tokens": -0.3395161290322581,
    "Rare Document Tokens Attending Rare Matching Word Document Tokens": -0.3395161290322581,
    "Document Tokens Attending Rare Matching Word Document Tokens": -0.3395161290322581,
    "Rare Tokens Attending Matching Word Document Tokens": -0.3395161290322581,
    "All Tokens Attending Rare Matching Word Document Tokens": -0.3395161290322581,
    "Document Tokens Attending Very Rare Query Tokens": -0.3258064516129032,
    "Rare Document Tokens Attending Rare Query Tokens": -0.30282258064516127,
    "Very Rare Tokens Attending Matching Word Document Tokens": -0.30120967741935484,
    "Rare Document Tokens Attending Very Rare Matching Word Document Tokens": -0.30120967741935484,
    "Very Rare Document Tokens Attending Matching Word Document Tokens": -0.30120967741935484,
    "All Tokens Attending Very Rare Matching Word Document Tokens": -0.30120967741935484,
    "Very Rare Tokens Attending Very Rare Matching Word Document Tokens": -0.30120967741935484,
    "Very Rare Document Tokens Attending Very Rare Matching Word Document Tokens": -0.30120967741935484,
    "Very Rare Document Tokens Attending Rare Matching Word Document Tokens": -0.30120967741935484,
    "Rare Tokens Attending Very Rare Matching Word Document Tokens": -0.30120967741935484,
    "Very Rare Tokens Attending Rare Matching Word Document Tokens": -0.30120967741935484,
    "Document Tokens Attending Very Rare Matching Word Document Tokens": -0.30120967741935484,
    "All Tokens Attending Rare Query Tokens": -0.2995967741935484,
    "Very Rare Tokens Attending Very Rare Query Tokens": -0.297983870967742,
    "Rare Document Tokens Attending Very Rare Query Tokens": -0.29435483870967744,
    "Rare Tokens Attending Rare Matching Word Tokens": -0.29395161290322586,
    "Document Tokens Attending Matching Word Tokens": -0.29395161290322586,
    "Rare Tokens Attending Matching Word Tokens": -0.29395161290322586,
    "All Tokens Attending Rare Matching Word Tokens": -0.29395161290322586,
    "Rare Tokens Attending Very Rare Query Tokens": -0.2935483870967742,
    "Document Tokens Attending Matching Word Document Tokens": -0.2866935483870968,
    "All Tokens Attending Matching Word Document Tokens": -0.2866935483870968,