{
    "Rare Document Tokens Attending Very Rare Document Tokens": -0.647983870967742,
    "Rare Tokens Attending Very Rare Document Tokens": -0.647983870967742,
    "All Tokens Attending Very Rare Document Tokens": -0.645967741935484,
    "Document Tokens Attending Very Rare Document Tokens": -0.645967741935484,
    "Rare Tokens Attending Rare Document Tokens": -0.6455645161290323,
    "Rare Document Tokens Attending Rare Document Tokens": -0.6455645161290323,
    "Very Rare Tokens Attending Rare Document Tokens": -0.6399193548387098,
    "Very Rare Document Tokens Attending Rare Document Tokens": -0.6399193548387098,
    "Very Rare Document Tokens Attending Very Rare Document Tokens": -0.6375000000000001,
    "Very Rare Tokens Attending Very Rare Document Tokens": -0.6375000000000001,
    "Document Tokens Attending Rare Document Tokens": -0.6213709677419356,
    "All Tokens Attending Rare Document Tokens": -0.6213709677419356,
    "Very Rare Document Tokens Attending Very Rare Tokens": -0.6120967741935485,
    "Document Tokens Attending Very Rare Tokens": -0.6056451612903225,
    "Document Tokens Attending Rare Tokens": -0.5923387096774194,
    "Rare Document Tokens Attending Rare Tokens": -0.5786290322580646,
    "Rare Document Tokens Attending Very Rare Tokens": -0.567741935483871,
    "Very Rare Document Tokens Attending Rare Tokens": -0.565725806451613,
    "All Tokens Attending Very Rare Tokens": -0.5592741935483871,
    "Very Rare Tokens Attending Very Rare Tokens": -0.5588709677419356,
    "All Tokens Attending Rare Tokens": -0.5508064516129032,
    "Very Rare Tokens Attending Rare Tokens": -0.5504032258064516,
    "Rare Tokens Attending Rare Tokens": -0.5423387096774195,
    "Rare Tokens Attending Very Rare Tokens": -0.5165322580645162,
    "Very Rare Document Tokens Attending Rare Synonymous Tokens": -0.47862903225806447,
    "Very Rare Document Tokens Attending Synonymous Tokens": -0.47862903225806447,
    "Rare Document Tokens Attending Very Rare Synonymous Tokens": -0.4459677419354839,
    "Document Tokens Attending Synonymous Tokens": -0.44072580645161297,
    "Rare Document Tokens Attending Synonymous Tokens": -0.43830645161290327,
    "Document Tokens Attending Rare Query Tokens": -0.4350806451612904,
    "Document Tokens Attending Very Rare Synonymous Tokens": -0.4338709677419355,
    "Document Tokens Attending Rare Synonymous Tokens": -0.43024193548387096,
    "Rare Document Tokens Attending Rare Synonymous Tokens": -0.43024193548387096,
    "Rare Document Tokens Attending Rare Query Tokens": -0.4173387096774194,
    "Rare Document Tokens Attending Very Rare Query Tokens": -0.4088709677419355,
    "Very Rare Document Tokens Attending Very Rare Synonymous Tokens": -0.3975806451612903,
    "Very Rare Document Tokens Attending Synonymous Document Tokens": -0.3971774193548388,
    "Very Rare Tokens Attending Synonymous Document Tokens": -0.3971774193548388,
    "Very Rare Document Tokens Attending Rare Synonymous Document Tokens": -0.39435483870967747,
    "Very Rare Tokens Attending Rare Synonymous Document Tokens": -0.39435483870967747,
    "Rare Tokens Attending Very Rare Synonymous Document Tokens": -0.3915322580645162,
    "Rare Document Tokens Attending Very Rare Synonymous Document Tokens": -0.3915322580645162,
    "Rare Tokens Attending Very Rare Query Tokens": -0.38951612903225813,
    "Very Rare Document Tokens Attending Rare Query Tokens": -0.38951612903225813,
    "Document Tokens Attending Very Rare Query Tokens": -0.38911290322580644,
    "All Tokens Attending Rare Query Tokens": -0.3858870967741936,
    "Very Rare Document Tokens Attending Very Rare Query Tokens": -0.3846774193548388,
    "Rare Tokens Attending Synonymous Document Tokens": -0.38024193548387103,
    "Rare Document Tokens Attending Synonymous Document Tokens": -0.38024193548387103,
    "Very Rare Tokens Attending Very Rare Query Tokens": -0.37419354838709684,
    "Document Tokens Attending Very Rare Synonymous Document Tokens": -0.37419354838709684,
    "All Tokens Attending Very Rare Synonymous Document Tokens": -0.37419354838709684,
    "Rare Tokens Attending Rare Query Tokens": -0.37096774193548393,
    "Very Rare Tokens Attending Rare Query Tokens": -0.3705645161290323,
    "All Tokens Attending Very Rare Synonymous Tokens": -0.3705645161290323,
    "Rare Document Tokens Attending Rare Synonymous Document Tokens": -0.36612903225806454,
    "Rare Tokens Attending Rare Synonymous Document Tokens": -0.36612903225806454,
    "All Tokens Attending Synonymous Tokens": -0.36491935483870974,
    "Document Tokens Attending Rare Synonymous Document Tokens": -0.3641129032258065,
    "All Tokens Attending Rare Synonymous Document Tokens": -0.3641129032258065,
    "All Tokens Attending Rare Synonymous Tokens": -0.3629032258064517,
    "All Tokens Attending Synonymous Document Tokens": -0.35645161290322586,
    "Document Tokens Attending Synonymous Document Tokens": -0.35645161290322586,
    "Very Rare Tokens Attending Rare Synonymous Tokens": -0.35564516129032264,
    "Very Rare Tokens Attending Synonymous Tokens": -0.355241935483871,
    "Rare Tokens Attending Synonymous Tokens": -0.3548387096774194,
    "Document Tokens Attending Synonymous Query Tokens": -0.3524193548387097,
    "Very Rare Document Tokens Attending Rare Matching Word Query Tokens": -0.35000000000000003,
    "Very Rare Document Tokens Attending Matching Word Query Tokens": -0.35000000000000003,
    "Very Rare Document Tokens Attending Very Rare Matching Word Query Tokens": -0.35000000000000003,
    "Document Tokens Attending Very Rare Matching Word Query Tokens": -0.35000000000000003,
    "Rare Document Tokens Attending Very Rare Matching Word Query Tokens": -0.35000000000000003,
    "Very Rare Document Tokens Attending Rare Synonymous Query Tokens": -0.3491935483870968,
    "Rare Tokens Attending Very Rare Synonymous Tokens": -0.3487903225806452,
    "Very Rare Document Tokens Attending Synonymous Query Tokens": -0.3459677419354839,
    "Document Tokens Attending Very Rare Synonymous Query Tokens": -0.3455645161290323,
    "Rare Document Tokens Attending Very Rare Synonymous Query Tokens": -0.3455645161290323,
    "Rare Document Tokens Attending Rare Synonymous Query Tokens": -0.3443548387096774,
    "Document Tokens Attending Rare Matching Word Query Tokens": -0.3443548387096774,
    "Rare Document Tokens Attending Rare Matching Word Query Tokens": -0.3443548387096774,
    "Document Tokens Attending Rare Synonymous Query Tokens": -0.3443548387096774,
    "Rare Document Tokens Attending Synonymous Query Tokens": -0.3443548387096774,
    "Rare Document Tokens Attending Matching Word Query Tokens": -0.3443548387096774,
    "All Tokens Attending Document Tokens": 0.34314516129032263,
    "All Tokens Attending Query Tokens": -0.34314516129032263,
    "Document Tokens Attending Document Tokens": 0.34314516129032263,
    "Very Rare Document Tokens Attending Very Rare Synonymous Query Tokens": -0.3419354838709678,
    "Rare Tokens Attending Rare Synonymous Tokens": -0.3415322580645162,
    "Rare Tokens Attending Document Tokens": 0.3411290322580645,
    "Rare Document Tokens Attending Document Tokens": 0.3411290322580645,
    "Very Rare Document Tokens Attending Document Tokens": 0.33790322580645166,
    "Very Rare Tokens Attending Document Tokens": 0.33790322580645166,
    "Document Tokens Attending Query Tokens": -0.33225806451612905,
    "Rare Tokens Attending Query Tokens": -0.3290322580645162,
    "Very Rare Document Tokens Attending Very Rare Synonymous Document Tokens": -0.32862903225806456,
    "Very Rare Tokens Attending Very Rare Synonymous Document Tokens": -0.32862903225806456,
    "Very Rare Tokens Attending Query Tokens": -0.32016129032258067,
    "Rare Document Tokens Attending Query Tokens": -0.31975806451612904,
    "All Tokens Attending Very Rare Query Tokens": -0.31975806451612904,
    "Very Rare Document Tokens Attending Query Tokens": -0.31290322580645163,