{
    "Document Tokens Attending Rare Document Tokens": -0.7193548387096775,
    "All Tokens Attending Rare Document Tokens": -0.7193548387096775,
    "All Tokens Attending Very Rare Document Tokens": -0.7185483870967743,
    "Document Tokens Attending Very Rare Document Tokens": -0.7185483870967743,
    "Very Rare Tokens Attending Rare Document Tokens": -0.7108870967741936,
    "Very Rare Document Tokens Attending Rare Document Tokens": -0.7108870967741936,
    "Document Tokens Attending Rare Tokens": -0.7100806451612903,
    "Rare Document Tokens Attending Very Rare Document Tokens": -0.7076612903225807,
    "Rare Tokens Attending Very Rare Document Tokens": -0.7076612903225807,
    "Rare Tokens Attending Rare Document Tokens": -0.7064516129032259,
    "Rare Document Tokens Attending Rare Document Tokens": -0.7064516129032259,
    "Very Rare Document Tokens Attending Very Rare Document Tokens": -0.6879032258064517,
    "Very Rare Tokens Attending Very Rare Document Tokens": -0.6879032258064517,
    "Document Tokens Attending Very Rare Tokens": -0.6862903225806453,
    "Very Rare Document Tokens Attending Very Rare Tokens": -0.6862903225806453,
    "All Tokens Attending Rare Tokens": -0.6701612903225808,
    "Rare Document Tokens Attending Rare Tokens": -0.6673387096774194,
    "Very Rare Document Tokens Attending Rare Tokens": -0.6572580645161291,
    "Rare Document Tokens Attending Very Rare Tokens": -0.6471774193548387,
    "All Tokens Attending Very Rare Tokens": -0.642741935483871,
    "Very Rare Tokens Attending Rare Tokens": -0.6415322580645162,
    "Rare Tokens Attending Rare Tokens": -0.6334677419354839,
    "Very Rare Tokens Attending Very Rare Tokens": -0.622983870967742,
    "Rare Tokens Attending Very Rare Tokens": -0.6044354838709678,
    "Document Tokens Attending Rare Query Tokens": -0.5403225806451613,
    "Rare Document Tokens Attending Rare Query Tokens": -0.5306451612903227,
    "Rare Document Tokens Attending Very Rare Query Tokens": -0.5213709677419355,
    "Very Rare Document Tokens Attending Very Rare Query Tokens": -0.5080645161290323,
    "Very Rare Document Tokens Attending Rare Query Tokens": -0.5080645161290323,
    "Document Tokens Attending Very Rare Query Tokens": -0.4963709677419355,
    "Rare Tokens Attending Rare Query Tokens": -0.49233870967741944,
    "Rare Tokens Attending Very Rare Query Tokens": -0.49153225806451617,
    "All Tokens Attending Rare Query Tokens": -0.49153225806451617,
    "Very Rare Document Tokens Attending Rare Matching Word Query Tokens": -0.48991935483870974,
    "Very Rare Document Tokens Attending Matching Word Query Tokens": -0.48991935483870974,
    "Very Rare Document Tokens Attending Very Rare Matching Word Query Tokens": -0.48991935483870974,
    "Document Tokens Attending Very Rare Matching Word Query Tokens": -0.48991935483870974,
    "Rare Document Tokens Attending Very Rare Matching Word Query Tokens": -0.48991935483870974,
    "Document Tokens Attending Rare Matching Word Query Tokens": -0.4875,
    "Rare Document Tokens Attending Rare Matching Word Query Tokens": -0.4875,
    "Rare Document Tokens Attending Matching Word Query Tokens": -0.4875,
    "Very Rare Document Tokens Attending Rare Synonymous Query Tokens": -0.4830645161290323,
    "Very Rare Tokens Attending Rare Query Tokens": -0.48266129032258065,
    "Very Rare Document Tokens Attending Synonymous Query Tokens": -0.4810483870967742,
    "Document Tokens Attending Very Rare Synonymous Query Tokens": -0.47983870967741943,
    "Rare Document Tokens Attending Very Rare Synonymous Query Tokens": -0.47983870967741943,
    "Very Rare Document Tokens Attending Very Rare Synonymous Query Tokens": -0.4790322580645162,
    "Document Tokens Attending Synonymous Query Tokens": -0.4758064516129033,
    "Very Rare Document Tokens Attending Rare Synonymous Tokens": -0.472983870967742,
    "Very Rare Document Tokens Attending Synonymous Tokens": -0.472983870967742,
    "Rare Document Tokens Attending Rare Synonymous Query Tokens": -0.4713709677419356,
    "Document Tokens Attending Rare Synonymous Query Tokens": -0.4713709677419356,
    "Rare Document Tokens Attending Synonymous Query Tokens": -0.4713709677419356,
    "Very Rare Tokens Attending Very Rare Query Tokens": -0.4701612903225807,
    "Rare Document Tokens Attending Very Rare Synonymous Tokens": -0.4395161290322581,
    "Document Tokens Attending Synonymous Tokens": -0.43629032258064515,
    "Rare Document Tokens Attending Synonymous Tokens": -0.4346774193548387,
    "Document Tokens Attending Very Rare Synonymous Tokens": -0.43064516129032265,
    "Document Tokens Attending Rare Synonymous Tokens": -0.42701612903225805,
    "Rare Document Tokens Attending Rare Synonymous Tokens": -0.42701612903225805,
    "Rare Tokens Attending Document Tokens": 0.42661290322580653,
    "Rare Document Tokens Attending Document Tokens": 0.42661290322580653,
    "All Tokens Attending Very Rare Query Tokens": -0.42661290322580653,
    "All Tokens Attending Document Tokens": 0.4254032258064516,
    "All Tokens Attending Query Tokens": -0.4254032258064516,
    "Document Tokens Attending Document Tokens": 0.4254032258064516,
    "Very Rare Document Tokens Attending Document Tokens": 0.4181451612903226,
    "Very Rare Tokens Attending Document Tokens": 0.4181451612903226,
    "Document Tokens Attending Query Tokens": -0.41572580645161294,
    "Rare Tokens Attending Query Tokens": -0.41532258064516137,
    "Very Rare Tokens Attending Query Tokens": -0.41330645161290325,
    "Rare Document Tokens Attending Query Tokens": -0.40967741935483876,
    "Very Rare Document Tokens Attending Query Tokens": -0.40766129032258075,
    "Very Rare Document Tokens Attending Very Rare Synonymous Tokens": -0.3834677419354839,
    "Very Rare Document Tokens Attending Synonymous Document Tokens": -0.3782258064516129,
    "Very Rare Tokens Attending Synonymous Document Tokens": -0.3782258064516129,
    "Very Rare Document Tokens Attending Rare Synonymous Document Tokens": -0.37419354838709684,
    "Very Rare Tokens Attending Rare Synonymous Document Tokens": -0.37419354838709684,
    "Document Tokens Attending Matching Word Query Tokens": -0.3713709677419355,
    "Rare Tokens Attending Very Rare Synonymous Document Tokens": -0.3685483870967742,
    "Rare Document Tokens Attending Very Rare Synonymous Document Tokens": -0.3685483870967742,
    "All Tokens Attending Very Rare Synonymous Tokens": -0.3641129032258065,
    "Rare Tokens Attending Synonymous Document Tokens": -0.3629032258064517,
    "Rare Document Tokens Attending Synonymous Document Tokens": -0.3629032258064517,
    "All Tokens Attending Synonymous Tokens": -0.3580645161290323,
    "Rare Tokens Attending Synonymous Tokens": -0.35685483870967744,
    "Very Rare Tokens Attending Synonymous Tokens": -0.3560483870967742,
    "All Tokens Attending Rare Synonymous Tokens": -0.35564516129032264,
    "Very Rare Tokens Attending Rare Synonymous Tokens": -0.3524193548387097,
    "Document Tokens Attending Rare Synonymous Document Tokens": -0.3487903225806452,
    "All Tokens Attending Rare Synonymous Document Tokens": -0.3487903225806452,
    "Rare Document Tokens Attending Rare Synonymous Document Tokens": -0.3467741935483872,
    "Document Tokens Attending Very Rare Synonymous Document Tokens": -0.3467741935483872,
    "All Tokens Attending Very Rare Synonymous Document Tokens": -0.3467741935483872,
    "Rare Tokens Attending Rare Synonymous Document Tokens": -0.3467741935483872,
    "All Tokens Attending Synonymous Document Tokens": -0.3443548387096774,
    "Document Tokens Attending Synonymous Document Tokens": -0.3443548387096774,
    "Rare Tokens Attending Very Rare Synonymous Tokens": -0.3415322580645162,
    "Rare Tokens Attending Rare Synonymous Tokens": -0.33629032258064523,
    "All Tokens Attending Synonymous Query Tokens": -0.33629032258064523,
    "Rare Tokens Attending Synonymous Query Tokens": -0.3310483870967742,