{
    "Very Rare Tokens Attending Rare Query Tokens": 0.7947026374530772,
    "Very Rare Document Tokens Attending Rare Query Tokens": 0.7924258214895348,
    "Rare Tokens Attending Rare Query Tokens": 0.7916059510536013,
    "All Tokens Attending Rare Query Tokens": 0.7896750543514203,
    "Rare Document Tokens Attending Rare Query Tokens": 0.7876129784795654,
    "All Tokens Attending Very Rare Query Tokens": 0.7827540124441497,
    "Very Rare Document Tokens Attending Very Rare Query Tokens": 0.7805949357174407,
    "Document Tokens Attending Rare Query Tokens": 0.7795448660757878,
    "Document Tokens Attending Semantic Match Query Tokens": 0.7790167626748488,
    "Rare Document Tokens Attending Very Rare Query Tokens": 0.7779921258290062,
    "Document Tokens Attending Rare Semantic Match Query Tokens": 0.7774086798403127,
    "Rare Document Tokens Attending Semantic Match Query Tokens": 0.7769316921152903,
    "Rare Document Tokens Attending Rare Semantic Match Query Tokens": 0.7761669642407034,
    "Rare Tokens Attending Very Rare Query Tokens": 0.7756761999182467,
    "Document Tokens Attending Very Rare Query Tokens": 0.7751214222857221,
    "Very Rare Tokens Attending Very Rare Query Tokens": 0.7655964228428527,
    "Document Tokens Attending Lexical Match Query Tokens": 0.7604596084951954,
    "Very Rare Document Tokens Attending Semantic Match Query Tokens": 0.7530301863899169,
    "Very Rare Tokens Attending Query Tokens": 0.7526107275236305,
    "Very Rare Document Tokens Attending Rare Semantic Match Query Tokens": 0.7523704359046336,
    "Document Tokens Attending Rare Tokens": 0.7480754481352602,
    "Document Tokens Attending Very Rare Semantic Match Query Tokens": 0.7456926597795301,
    "Rare Document Tokens Attending Very Rare Semantic Match Query Tokens": 0.7454733933383043,
    "All Tokens Attending Rare Tokens": 0.7443093098400674,
    "All Tokens Attending Query Tokens": 0.7410766019339716,
    "All Tokens Attending Document Tokens": -0.7410635382083993,
    "Document Tokens Attending Document Tokens": -0.7410635382083993,
    "Rare Tokens Attending Query Tokens": 0.7410123938277503,
    "Very Rare Document Tokens Attending Query Tokens": 0.7396580431733488,
    "Very Rare Document Tokens Attending Very Rare Semantic Match Query Tokens": 0.7391885587106216,
    "Rare Document Tokens Attending Lexical Match Query Tokens": 0.7356571568920711,
    "Rare Document Tokens Attending Rare Lexical Match Query Tokens": 0.7356571568920711,
    "Document Tokens Attending Rare Lexical Match Query Tokens": 0.7356571568920711,
    "Rare Document Tokens Attending Query Tokens": 0.7271492082184768,
    "Document Tokens Attending Query Tokens": 0.7252857814286162,
    "Rare Tokens Attending Document Tokens": -0.7131459704135367,
    "Rare Document Tokens Attending Document Tokens": -0.7131459704135367,
    "Document Tokens Attending Very Rare Lexical Match Query Tokens": 0.7089235750873906,
    "Rare Document Tokens Attending Very Rare Lexical Match Query Tokens": 0.7089235750873906,
    "Very Rare Document Tokens Attending Lexical Match Query Tokens": 0.7089235750873906,
    "Very Rare Document Tokens Attending Very Rare Lexical Match Query Tokens": 0.7089235750873906,
    "Very Rare Document Tokens Attending Rare Lexical Match Query Tokens": 0.7089235750873906,
    "Very Rare Document Tokens Attending Document Tokens": -0.7069313511363153,
    "Very Rare Tokens Attending Document Tokens": -0.7069313511363153,
    "Rare Document Tokens Attending Rare Tokens": 0.6916816888661275,
    "Rare Tokens Attending Rare Tokens": 0.6796354524382301,
    "Very Rare Document Tokens Attending Rare Tokens": 0.6741973569907613,
    "Very Rare Document Tokens Attending All Tokens": 0.6684221183933439,
    "Very Rare Tokens Attending Rare Tokens": 0.6600760346935672,
    "All Tokens Attending Semantic Match Query Tokens": 0.6510644059507292,
    "All Tokens Attending Rare Semantic Match Query Tokens": 0.6490989678781007,
    "Rare Tokens Attending Semantic Match Query Tokens": 0.6487305079571511,
    "Rare Tokens Attending Rare Semantic Match Query Tokens": 0.6447568049601867,
    "Very Rare Tokens Attending All Tokens": 0.6191192155099781,
    "Very Rare Tokens Attending Semantic Match Query Tokens": 0.6108662784377215,
    "Rare Tokens Attending All Tokens": 0.6078655642664399,
    "Very Rare Tokens Attending Rare Semantic Match Query Tokens": 0.607632613461417,
    "All Tokens Attending Very Rare Semantic Match Query Tokens": 0.5996803536127091,
    "Rare Tokens Attending Very Rare Semantic Match Query Tokens": 0.5990452360691385,
    "Rare Document Tokens Attending All Tokens": 0.5830256791139741,
    "Very Rare Tokens Attending Very Rare Semantic Match Query Tokens": 0.5749014391455504,
    "Rare Tokens Attending Lexical Match Query Tokens": 0.5318825284774373,
    "All Tokens Attending Rare Lexical Match Query Tokens": 0.5318825284774373,
    "Rare Tokens Attending Rare Lexical Match Query Tokens": 0.5318825284774373,
    "Very Rare Tokens Attending Lexical Match Query Tokens": 0.5002929584841767,
    "All Tokens Attending Very Rare Lexical Match Query Tokens": 0.5002929584841767,
    "Very Rare Tokens Attending Very Rare Lexical Match Query Tokens": 0.5002929584841767,
    "Very Rare Tokens Attending Rare Lexical Match Query Tokens": 0.5002929584841767,
    "Rare Tokens Attending Very Rare Lexical Match Query Tokens": 0.5002929584841767,
    "Document Tokens Attending Very Rare Tokens": 0.45505924660626645,
    "All Tokens Attending Very Rare Tokens": 0.4494338468929939,
    "Rare Document Tokens Attending Very Rare Tokens": 0.4432870753071222,
    "All Tokens Attending Lexical Match Query Tokens": 0.4430053243816214,
    "Rare Tokens Attending Very Rare Tokens": 0.42986876099330856,
    "Very Rare Document Tokens Attending Very Rare Tokens": 0.339534047177265,
    "All Tokens Attending Very Rare Document Tokens": -0.3328600261323368,
    "Document Tokens Attending Very Rare Document Tokens": -0.3328600261323368,
    "Very Rare Tokens Attending Very Rare Tokens": 0.3228733934855088,
    "Rare Tokens Attending Rare Document Tokens": 0.28169939593316495,
    "Rare Document Tokens Attending Rare Document Tokens": 0.28169939593316495,
    "Very Rare Tokens Attending Rare Document Tokens": 0.2698817792130803,
    "Very Rare Document Tokens Attending Rare Document Tokens": 0.2698817792130803,
    "Document Tokens Attending Lexical Match Document Tokens": -0.25436909800765733,
    "All Tokens Attending Lexical Match Document Tokens": -0.25436909800765733,
    "Document Tokens Attending Rare Document Tokens": 0.17007650324746917,
    "All Tokens Attending Rare Document Tokens": 0.17007650324746917,
    "Document Tokens Attending Lexical Match Tokens": -0.1422124647490407,
    "All Tokens Attending Lexical Match Tokens": -0.12727302513746425,
    "Rare Document Tokens Attending Very Rare Document Tokens": -0.12222852834767885,
    "Rare Tokens Attending Very Rare Document Tokens": -0.12222852834767885,
    "Very Rare Document Tokens Attending Semantic Match Tokens": 0.12000311982627579,
    "Very Rare Document Tokens Attending Rare Semantic Match Tokens": 0.11932945176370979,
    "Very Rare Tokens Attending Semantic Match Tokens": 0.11242864404779551,
    "Rare Document Tokens Attending Very Rare Semantic Match Tokens": 0.11210322093742005,
    "Very Rare Document Tokens Attending Very Rare Semantic Match Tokens": 0.11178019047417151,
    "Very Rare Tokens Attending Rare Semantic Match Tokens": 0.1117161255919375,
    "Document Tokens Attending Very Rare Semantic Match Tokens": 0.10783609502502373,
    "Rare Tokens Attending Very Rare Semantic Match Tokens": 0.10514831677960243,
    "Very Rare Document Tokens Attending Very Rare Lexical Match Tokens": 0.10488554175590037,
    "Very Rare Document Tokens Attending Rare Lexical Match Tokens": 0.10488554175590037,