{
    "All Tokens Attending Rare Tokens": 0.685221674876847,
    "Document Tokens Attending Lexical Match Query Tokens": 0.6807881773399013,
    "Very Rare Tokens Attending Rare Tokens": 0.6704433497536945,
    "Document Tokens Attending Rare Tokens": 0.6689655172413792,
    "Rare Tokens Attending Rare Tokens": 0.6655172413793102,
    "Rare Document Tokens Attending Rare Tokens": 0.6640394088669949,
    "Very Rare Document Tokens Attending All Tokens": 0.6635467980295565,
    "Very Rare Document Tokens Attending Rare Tokens": 0.6620689655172413,
    "Rare Tokens Attending Rare Query Tokens": 0.6586206896551723,
    "Very Rare Tokens Attending Rare Query Tokens": 0.6527093596059111,
    "Rare Document Tokens Attending All Tokens": 0.6477832512315269,
    "Rare Tokens Attending Very Rare Query Tokens": 0.6472906403940886,
    "Very Rare Tokens Attending Very Rare Query Tokens": 0.6453201970443349,
    "All Tokens Attending Rare Query Tokens": 0.6344827586206895,
    "Very Rare Tokens Attending Query Tokens": 0.6325123152709358,
    "All Tokens Attending Very Rare Query Tokens": 0.6285714285714284,
    "Very Rare Document Tokens Attending Rare Query Tokens": 0.6241379310344827,
    "Rare Tokens Attending Query Tokens": 0.6216748768472905,
    "Rare Document Tokens Attending Rare Query Tokens": 0.6201970443349754,
    "Rare Document Tokens Attending Very Rare Query Tokens": 0.6182266009852215,
    "Document Tokens Attending Very Rare Lexical Match Query Tokens": 0.6162561576354678,
    "Rare Document Tokens Attending Very Rare Lexical Match Query Tokens": 0.6162561576354678,
    "Very Rare Document Tokens Attending Lexical Match Query Tokens": 0.6162561576354678,
    "Very Rare Document Tokens Attending Very Rare Lexical Match Query Tokens": 0.6162561576354678,
    "Very Rare Document Tokens Attending Rare Lexical Match Query Tokens": 0.6162561576354678,
    "Document Tokens Attending Very Rare Query Tokens": 0.6113300492610836,
    "Rare Document Tokens Attending Lexical Match Query Tokens": 0.6103448275862068,
    "Rare Document Tokens Attending Rare Lexical Match Query Tokens": 0.6103448275862068,
    "Document Tokens Attending Rare Lexical Match Query Tokens": 0.6103448275862068,
    "Very Rare Document Tokens Attending Very Rare Query Tokens": 0.6098522167487683,
    "All Tokens Attending Document Tokens": -0.6093596059113299,
    "All Tokens Attending Query Tokens": 0.6093596059113299,
    "Document Tokens Attending Document Tokens": -0.6093596059113299,
    "Very Rare Document Tokens Attending Query Tokens": 0.599014778325123,
    "Rare Tokens Attending Rare Semantic Match Query Tokens": 0.5985221674876846,
    "All Tokens Attending Semantic Match Query Tokens": 0.5985221674876846,
    "Rare Tokens Attending Semantic Match Query Tokens": 0.5985221674876846,
    "All Tokens Attending Rare Semantic Match Query Tokens": 0.5985221674876846,
    "Document Tokens Attending Semantic Match Query Tokens": 0.5980295566502462,
    "Document Tokens Attending Rare Query Tokens": 0.5965517241379309,
    "Very Rare Tokens Attending Semantic Match Query Tokens": 0.5891625615763546,
    "Rare Tokens Attending Document Tokens": -0.5876847290640392,
    "Rare Document Tokens Attending Document Tokens": -0.5876847290640392,
    "Rare Document Tokens Attending Semantic Match Query Tokens": 0.5847290640394087,
    "Document Tokens Attending Rare Semantic Match Query Tokens": 0.5847290640394087,
    "Rare Document Tokens Attending Rare Semantic Match Query Tokens": 0.5847290640394087,
    "Very Rare Document Tokens Attending Rare Semantic Match Query Tokens": 0.5837438423645319,
    "Document Tokens Attending Very Rare Semantic Match Query Tokens": 0.5837438423645319,
    "Rare Document Tokens Attending Very Rare Semantic Match Query Tokens": 0.5837438423645319,
    "Rare Document Tokens Attending Query Tokens": 0.5832512315270935,
    "Very Rare Document Tokens Attending Semantic Match Query Tokens": 0.5832512315270935,
    "Very Rare Document Tokens Attending Document Tokens": -0.5827586206896551,
    "Very Rare Tokens Attending Document Tokens": -0.5827586206896551,
    "Very Rare Tokens Attending Rare Semantic Match Query Tokens": 0.5798029556650245,
    "Very Rare Document Tokens Attending Very Rare Semantic Match Query Tokens": 0.5778325123152708,
    "Rare Tokens Attending Very Rare Semantic Match Query Tokens": 0.5635467980295564,
    "All Tokens Attending Very Rare Semantic Match Query Tokens": 0.5635467980295564,
    "Document Tokens Attending Query Tokens": 0.5600985221674876,
    "Document Tokens Attending Very Rare Tokens": 0.5586206896551724,
    "Rare Tokens Attending All Tokens": 0.5541871921182264,
    "Very Rare Tokens Attending Very Rare Semantic Match Query Tokens": 0.5492610837438423,
    "Very Rare Tokens Attending All Tokens": 0.5216748768472905,
    "Rare Tokens Attending Lexical Match Query Tokens": 0.4940886699507388,
    "All Tokens Attending Rare Lexical Match Query Tokens": 0.4940886699507388,
    "Rare Tokens Attending Rare Lexical Match Query Tokens": 0.4940886699507388,
    "Very Rare Tokens Attending Lexical Match Query Tokens": 0.4778325123152708,
    "All Tokens Attending Very Rare Lexical Match Query Tokens": 0.4778325123152708,
    "Very Rare Tokens Attending Very Rare Lexical Match Query Tokens": 0.4778325123152708,
    "Very Rare Tokens Attending Rare Lexical Match Query Tokens": 0.4778325123152708,
    "Rare Tokens Attending Very Rare Lexical Match Query Tokens": 0.4778325123152708,
    "All Tokens Attending Very Rare Tokens": 0.4522167487684728,
    "Rare Document Tokens Attending Very Rare Tokens": 0.44827586206896547,
    "All Tokens Attending Lexical Match Query Tokens": 0.431527093596059,
    "Rare Tokens Attending Very Rare Tokens": 0.3753694581280787,
    "All Tokens Attending Very Rare Document Tokens": -0.2778325123152709,
    "Document Tokens Attending Very Rare Document Tokens": -0.2778325123152709,
    "Very Rare Tokens Attending Very Rare Tokens": 0.2684729064039408,
    "Very Rare Document Tokens Attending Very Rare Tokens": 0.24975369458128074,
    "Document Tokens Attending Lexical Match Document Tokens": -0.24630541871921177,
    "All Tokens Attending Lexical Match Document Tokens": -0.24630541871921177,
    "Rare Tokens Attending Rare Document Tokens": 0.2133004926108374,
    "Rare Document Tokens Attending Rare Document Tokens": 0.2133004926108374,
    "All Tokens Attending Lexical Match Tokens": -0.1571428571428571,
    "Document Tokens Attending Rare Document Tokens": 0.1487684729064039,
    "All Tokens Attending Rare Document Tokens": 0.1487684729064039,
    "Document Tokens Attending Lexical Match Tokens": -0.14679802955665022,
    "Query Tokens Attending Very Rare Lexical Match Tokens": -0.14334975369458125,
    "Rare Query Tokens Attending Very Rare Lexical Match Tokens": -0.14334975369458125,
    "Very Rare Query Tokens Attending Lexical Match Query Tokens": -0.14334975369458125,
    "Very Rare Query Tokens Attending Lexical Match Tokens": -0.14334975369458125,
    "Very Rare Query Tokens Attending Very Rare Lexical Match Tokens": -0.14334975369458125,
    "Very Rare Query Tokens Attending Rare Lexical Match Query Tokens": -0.14334975369458125,
    "Very Rare Query Tokens Attending Very Rare Lexical Match Query Tokens": -0.14334975369458125,
    "Very Rare Query Tokens Attending Rare Lexical Match Tokens": -0.14334975369458125,
    "Rare Query Tokens Attending Very Rare Lexical Match Query Tokens": -0.14334975369458125,
    "Query Tokens Attending Very Rare Lexical Match Query Tokens": -0.14334975369458125,
    "Very Rare Tokens Attending Rare Document Tokens": 0.13596059113300488,
    "Very Rare Document Tokens Attending Rare Document Tokens": 0.13596059113300488,
    "Very Rare Query Tokens Attending Very Rare Semantic Match Query Tokens": -0.12807881773399013,
    "Very Rare Query Tokens Attending Very Rare Semantic Match Tokens": -0.12807881773399013,