{
    "All Tokens Attending Rare Query Tokens": 0.741713158623796,
    "Document Tokens Attending Rare Query Tokens": 0.7368249848882898,
    "Very Rare Document Tokens Attending Rare Query Tokens": 0.7339101646136564,
    "Rare Document Tokens Attending Rare Query Tokens": 0.7330291375393262,
    "Rare Tokens Attending Rare Query Tokens": 0.729455892080554,
    "Very Rare Tokens Attending Rare Query Tokens": 0.7287694011264,
    "All Tokens Attending Very Rare Query Tokens": 0.7232028117228311,
    "Document Tokens Attending Very Rare Query Tokens": 0.7216736366149115,
    "Rare Document Tokens Attending Very Rare Query Tokens": 0.7110785094183348,
    "Very Rare Document Tokens Attending Very Rare Query Tokens": 0.7077094441222149,
    "Rare Tokens Attending Very Rare Query Tokens": 0.7005177659033353,
    "All Tokens Attending Query Tokens": 0.6979734629128513,
    "All Tokens Attending Document Tokens": -0.6979578686838207,
    "Document Tokens Attending Document Tokens": -0.6979578686838207,
    "Very Rare Tokens Attending Query Tokens": 0.6979274196719216,
    "Document Tokens Attending Semantic Match Query Tokens": 0.6927118554216963,
    "Very Rare Document Tokens Attending Query Tokens": 0.6911251123180875,
    "Document Tokens Attending Rare Semantic Match Query Tokens": 0.6906588545297703,
    "Rare Document Tokens Attending Semantic Match Query Tokens": 0.6901387605536329,
    "Rare Document Tokens Attending Rare Semantic Match Query Tokens": 0.6891323981680965,
    "Document Tokens Attending Query Tokens": 0.6878220071261723,
    "Rare Tokens Attending Query Tokens": 0.6876997111096683,
    "Very Rare Tokens Attending Very Rare Query Tokens": 0.683071445939964,
    "Rare Document Tokens Attending Query Tokens": 0.680639698803928,
    "Rare Tokens Attending Document Tokens": -0.6784971529971597,
    "Rare Document Tokens Attending Document Tokens": -0.6784971529971597,
    "Document Tokens Attending Rare Tokens": 0.67679886653448,
    "All Tokens Attending Rare Tokens": 0.6696937795537998,
    "Document Tokens Attending Lexical Match Query Tokens": 0.6693641704683044,
    "Very Rare Document Tokens Attending Document Tokens": -0.6693073642644434,
    "Very Rare Tokens Attending Document Tokens": -0.6693073642644434,
    "Very Rare Document Tokens Attending Semantic Match Query Tokens": 0.6617478524279858,
    "Very Rare Document Tokens Attending Rare Semantic Match Query Tokens": 0.6608951381515444,
    "Document Tokens Attending Very Rare Semantic Match Query Tokens": 0.6532242728121386,
    "Rare Document Tokens Attending Very Rare Semantic Match Query Tokens": 0.6529720994543264,
    "Very Rare Document Tokens Attending Very Rare Semantic Match Query Tokens": 0.6454548984596511,
    "Rare Document Tokens Attending Lexical Match Query Tokens": 0.6405773996795232,
    "Rare Document Tokens Attending Rare Lexical Match Query Tokens": 0.6405773996795232,
    "Document Tokens Attending Rare Lexical Match Query Tokens": 0.6405773996795232,
    "Document Tokens Attending Very Rare Lexical Match Query Tokens": 0.6101964125126538,
    "Rare Document Tokens Attending Very Rare Lexical Match Query Tokens": 0.6101964125126538,
    "Very Rare Document Tokens Attending Lexical Match Query Tokens": 0.6101964125126538,
    "Very Rare Document Tokens Attending Very Rare Lexical Match Query Tokens": 0.6101964125126538,
    "Very Rare Document Tokens Attending Rare Lexical Match Query Tokens": 0.6101964125126538,
    "Rare Document Tokens Attending Rare Tokens": 0.6052707658708267,
    "Rare Tokens Attending Rare Tokens": 0.5901201624942475,
    "Very Rare Document Tokens Attending All Tokens": 0.5890546630532667,
    "Very Rare Document Tokens Attending Rare Tokens": 0.5845132379637668,
    "Very Rare Tokens Attending Rare Tokens": 0.5675231533250578,
    "All Tokens Attending Semantic Match Query Tokens": 0.556279947024631,
    "All Tokens Attending Rare Semantic Match Query Tokens": 0.5537818040453879,
    "Rare Tokens Attending Semantic Match Query Tokens": 0.5534409215495982,
    "Rare Tokens Attending Rare Semantic Match Query Tokens": 0.5493218547380254,
    "Very Rare Tokens Attending All Tokens": 0.5227592070556256,
    "Very Rare Tokens Attending Semantic Match Query Tokens": 0.514587930339788,
    "Very Rare Tokens Attending Rare Semantic Match Query Tokens": 0.511272038708479,
    "Rare Document Tokens Attending All Tokens": 0.5029397526762014,
    "All Tokens Attending Very Rare Semantic Match Query Tokens": 0.5023310013901601,
    "Rare Tokens Attending All Tokens": 0.5019192912689739,
    "Rare Tokens Attending Very Rare Semantic Match Query Tokens": 0.5016859124216277,
    "Very Rare Tokens Attending Very Rare Semantic Match Query Tokens": 0.47774020706028275,
    "Rare Tokens Attending Lexical Match Query Tokens": 0.4353877996973123,
    "All Tokens Attending Rare Lexical Match Query Tokens": 0.4353877996973123,
    "Rare Tokens Attending Rare Lexical Match Query Tokens": 0.4353877996973123,
    "Very Rare Tokens Attending Lexical Match Query Tokens": 0.4036399599391885,
    "All Tokens Attending Very Rare Lexical Match Query Tokens": 0.4036399599391885,
    "Very Rare Tokens Attending Very Rare Lexical Match Query Tokens": 0.4036399599391885,
    "Very Rare Tokens Attending Rare Lexical Match Query Tokens": 0.4036399599391885,
    "Rare Tokens Attending Very Rare Lexical Match Query Tokens": 0.4036399599391885,
    "All Tokens Attending Very Rare Document Tokens": -0.3989250519259839,
    "Document Tokens Attending Very Rare Document Tokens": -0.3989250519259839,
    "Document Tokens Attending Very Rare Tokens": 0.36137653353745036,
    "All Tokens Attending Lexical Match Query Tokens": 0.3563544293521892,
    "All Tokens Attending Very Rare Tokens": 0.35214611398623574,
    "Document Tokens Attending Lexical Match Document Tokens": -0.34694048301390756,
    "All Tokens Attending Lexical Match Document Tokens": -0.34694048301390756,
    "Rare Document Tokens Attending Very Rare Tokens": 0.33901487201798064,
    "Rare Tokens Attending Very Rare Tokens": 0.32301768402805925,
    "Document Tokens Attending Lexical Match Tokens": -0.24290233963173613,
    "Very Rare Document Tokens Attending Very Rare Tokens": 0.22925906642320826,
    "All Tokens Attending Lexical Match Tokens": -0.22582827026989927,
    "Very Rare Tokens Attending Very Rare Tokens": 0.2117750857962882,
    "Rare Document Tokens Attending Very Rare Document Tokens": -0.2107072456721198,
    "Rare Tokens Attending Very Rare Document Tokens": -0.2107072456721198,
    "Rare Tokens Attending Rare Document Tokens": 0.18986115927578867,
    "Rare Document Tokens Attending Rare Document Tokens": 0.18986115927578867,
    "Very Rare Tokens Attending Rare Document Tokens": 0.17698576388037987,
    "Very Rare Document Tokens Attending Rare Document Tokens": 0.17698576388037987,
    "Very Rare Document Tokens Attending Very Rare Document Tokens": -0.16847627145850863,
    "Very Rare Tokens Attending Very Rare Document Tokens": -0.16847627145850863,
    "All Tokens Attending Semantic Match Document Tokens": -0.15948751797098504,
    "Document Tokens Attending Semantic Match Document Tokens": -0.15948751797098504,
    "Document Tokens Attending Rare Semantic Match Document Tokens": -0.15758057002149867,
    "All Tokens Attending Rare Semantic Match Document Tokens": -0.15758057002149867,
    "Rare Document Tokens Attending Semantic Match Document Tokens": -0.15508078277779896,
    "Rare Tokens Attending Semantic Match Document Tokens": -0.15508078277779896,