{
    "All Tokens Attending Rare Tokens": 0.5837438423645319,
    "Rare Tokens Attending Rare Query Tokens": 0.580295566502463,
    "Very Rare Tokens Attending Query Tokens": 0.5679802955665022,
    "Document Tokens Attending Rare Tokens": 0.567487684729064,
    "Very Rare Tokens Attending Rare Query Tokens": 0.5655172413793101,
    "Very Rare Document Tokens Attending All Tokens": 0.5630541871921182,
    "All Tokens Attending Rare Query Tokens": 0.5625615763546797,
    "Document Tokens Attending Lexical Match Query Tokens": 0.5620689655172413,
    "Rare Tokens Attending Query Tokens": 0.5556650246305418,
    "Very Rare Tokens Attending Rare Tokens": 0.5541871921182264,
    "Rare Document Tokens Attending Rare Tokens": 0.5527093596059112,
    "Rare Tokens Attending Rare Tokens": 0.5507389162561575,
    "Very Rare Document Tokens Attending Rare Tokens": 0.5497536945812806,
    "Rare Tokens Attending Very Rare Query Tokens": 0.5487684729064038,
    "Rare Document Tokens Attending All Tokens": 0.5487684729064038,
    "Very Rare Document Tokens Attending Rare Query Tokens": 0.5477832512315269,
    "All Tokens Attending Document Tokens": -0.5472906403940886,
    "All Tokens Attending Query Tokens": 0.5472906403940886,
    "Document Tokens Attending Document Tokens": -0.5472906403940886,
    "All Tokens Attending Very Rare Query Tokens": 0.5467980295566501,
    "Rare Document Tokens Attending Rare Query Tokens": 0.5443349753694581,
    "Very Rare Document Tokens Attending Query Tokens": 0.5399014778325122,
    "Rare Tokens Attending Document Tokens": -0.5374384236453201,
    "Rare Document Tokens Attending Document Tokens": -0.5374384236453201,
    "Very Rare Tokens Attending Very Rare Query Tokens": 0.5364532019704432,
    "Document Tokens Attending Very Rare Query Tokens": 0.5354679802955664,
    "Very Rare Document Tokens Attending Document Tokens": -0.5339901477832512,
    "Very Rare Tokens Attending Document Tokens": -0.5339901477832512,
    "Rare Document Tokens Attending Very Rare Query Tokens": 0.5300492610837437,
    "Document Tokens Attending Rare Query Tokens": 0.5275862068965517,
    "Rare Document Tokens Attending Query Tokens": 0.5211822660098521,
    "Very Rare Document Tokens Attending Very Rare Query Tokens": 0.5103448275862068,
    "Document Tokens Attending Query Tokens": 0.5044334975369457,
    "Document Tokens Attending Very Rare Lexical Match Query Tokens": 0.48817733990147766,
    "Rare Document Tokens Attending Very Rare Lexical Match Query Tokens": 0.48817733990147766,
    "Very Rare Document Tokens Attending Lexical Match Query Tokens": 0.48817733990147766,
    "Very Rare Document Tokens Attending Very Rare Lexical Match Query Tokens": 0.48817733990147766,
    "Very Rare Document Tokens Attending Rare Lexical Match Query Tokens": 0.48817733990147766,
    "Rare Document Tokens Attending Lexical Match Query Tokens": 0.4812807881773397,
    "Rare Document Tokens Attending Rare Lexical Match Query Tokens": 0.4812807881773397,
    "Document Tokens Attending Rare Lexical Match Query Tokens": 0.4812807881773397,
    "Document Tokens Attending Semantic Match Query Tokens": 0.47438423645320177,
    "Rare Tokens Attending Rare Semantic Match Query Tokens": 0.47192118226600976,
    "All Tokens Attending Semantic Match Query Tokens": 0.47192118226600976,
    "Rare Tokens Attending Semantic Match Query Tokens": 0.47192118226600976,
    "All Tokens Attending Rare Semantic Match Query Tokens": 0.47192118226600976,
    "Very Rare Tokens Attending Semantic Match Query Tokens": 0.4620689655172413,
    "Rare Document Tokens Attending Semantic Match Query Tokens": 0.4576354679802954,
    "Document Tokens Attending Rare Semantic Match Query Tokens": 0.4576354679802954,
    "Rare Document Tokens Attending Rare Semantic Match Query Tokens": 0.4576354679802954,
    "Document Tokens Attending Very Rare Semantic Match Query Tokens": 0.4551724137931034,
    "Rare Document Tokens Attending Very Rare Semantic Match Query Tokens": 0.4551724137931034,
    "Very Rare Document Tokens Attending Rare Semantic Match Query Tokens": 0.45467980295566496,
    "Very Rare Document Tokens Attending Semantic Match Query Tokens": 0.4541871921182265,
    "Very Rare Tokens Attending Rare Semantic Match Query Tokens": 0.45369458128078805,
    "Very Rare Document Tokens Attending Very Rare Semantic Match Query Tokens": 0.447783251231527,
    "Rare Tokens Attending Very Rare Semantic Match Query Tokens": 0.434975369458128,
    "All Tokens Attending Very Rare Semantic Match Query Tokens": 0.434975369458128,
    "Document Tokens Attending Very Rare Tokens": 0.4339901477832511,
    "Rare Tokens Attending All Tokens": 0.42167487684729055,
    "Very Rare Tokens Attending Very Rare Semantic Match Query Tokens": 0.42019704433497523,
    "Very Rare Tokens Attending All Tokens": 0.39211822660098516,
    "All Tokens Attending Very Rare Document Tokens": -0.38029556650246293,
    "Document Tokens Attending Very Rare Document Tokens": -0.38029556650246293,
    "Document Tokens Attending Lexical Match Document Tokens": -0.3704433497536945,
    "All Tokens Attending Lexical Match Document Tokens": -0.3704433497536945,
    "Rare Tokens Attending Lexical Match Query Tokens": 0.36453201970443344,
    "All Tokens Attending Rare Lexical Match Query Tokens": 0.36453201970443344,
    "Rare Tokens Attending Rare Lexical Match Query Tokens": 0.36453201970443344,
    "Very Rare Tokens Attending Lexical Match Query Tokens": 0.3458128078817733,
    "All Tokens Attending Very Rare Lexical Match Query Tokens": 0.3458128078817733,
    "Very Rare Tokens Attending Very Rare Lexical Match Query Tokens": 0.3458128078817733,
    "Very Rare Tokens Attending Rare Lexical Match Query Tokens": 0.3458128078817733,
    "Rare Tokens Attending Very Rare Lexical Match Query Tokens": 0.3458128078817733,
    "All Tokens Attending Very Rare Tokens": 0.3177339901477832,
    "Rare Document Tokens Attending Very Rare Tokens": 0.30492610837438416,
    "All Tokens Attending Lexical Match Query Tokens": 0.3034482758620689,
    "All Tokens Attending Lexical Match Tokens": -0.28472906403940884,
    "Document Tokens Attending Lexical Match Tokens": -0.2793103448275862,
    "Query Tokens Attending Very Rare Lexical Match Tokens": -0.2502463054187192,
    "Rare Query Tokens Attending Very Rare Lexical Match Tokens": -0.2502463054187192,
    "Very Rare Query Tokens Attending Lexical Match Query Tokens": -0.2502463054187192,
    "Very Rare Query Tokens Attending Lexical Match Tokens": -0.2502463054187192,
    "Very Rare Query Tokens Attending Very Rare Lexical Match Tokens": -0.2502463054187192,
    "Very Rare Query Tokens Attending Rare Lexical Match Query Tokens": -0.2502463054187192,
    "Very Rare Query Tokens Attending Very Rare Lexical Match Query Tokens": -0.2502463054187192,
    "Very Rare Query Tokens Attending Rare Lexical Match Tokens": -0.2502463054187192,
    "Rare Query Tokens Attending Very Rare Lexical Match Query Tokens": -0.2502463054187192,
    "Query Tokens Attending Very Rare Lexical Match Query Tokens": -0.2502463054187192,
    "Very Rare Query Tokens Attending Very Rare Semantic Match Query Tokens": -0.234975369458128,
    "Very Rare Query Tokens Attending Very Rare Semantic Match Tokens": -0.234975369458128,
    "Document Tokens Attending Very Rare Semantic Match Document Tokens": -0.23004926108374377,
    "All Tokens Attending Very Rare Semantic Match Document Tokens": -0.23004926108374377,
    "Very Rare Query Tokens Attending Semantic Match Tokens": -0.22906403940886697,
    "Very Rare Query Tokens Attending Semantic Match Query Tokens": -0.22906403940886697,
    "Rare Tokens Attending Very Rare Tokens": 0.2285714285714285,
    "Rare Tokens Attending Very Rare Semantic Match Document Tokens": -0.22709359605911325,
    "Rare Document Tokens Attending Very Rare Semantic Match Document Tokens": -0.22709359605911325,
    "Very Rare Query Tokens Attending Rare Semantic Match Query Tokens": -0.225615763546798,