{
    "Very Rare Tokens Attending Rare Document Tokens": 0.8591133004926107,
    "Very Rare Document Tokens Attending Rare Document Tokens": 0.8591133004926107,
    "Document Tokens Attending Rare Document Tokens": 0.8482758620689654,
    "All Tokens Attending Rare Document Tokens": 0.8482758620689654,
    "Rare Tokens Attending Rare Document Tokens": 0.8463054187192117,
    "Rare Document Tokens Attending Rare Document Tokens": 0.8463054187192117,
    "All Tokens Attending Very Rare Document Tokens": 0.8394088669950738,
    "Document Tokens Attending Very Rare Document Tokens": 0.8394088669950738,
    "Very Rare Document Tokens Attending Very Rare Tokens": 0.8305418719211821,
    "Rare Document Tokens Attending Very Rare Document Tokens": 0.8295566502463052,
    "Rare Tokens Attending Very Rare Document Tokens": 0.8295566502463052,
    "Very Rare Document Tokens Attending Rare Tokens": 0.8275862068965516,
    "Very Rare Document Tokens Attending Very Rare Document Tokens": 0.8216748768472905,
    "Very Rare Tokens Attending Very Rare Document Tokens": 0.8216748768472905,
    "Very Rare Tokens Attending Rare Tokens": 0.8206896551724137,
    "Rare Document Tokens Attending Rare Tokens": 0.8157635467980293,
    "Rare Tokens Attending Very Rare Tokens": 0.815270935960591,
    "Rare Document Tokens Attending Very Rare Tokens": 0.815270935960591,
    "Very Rare Tokens Attending Very Rare Tokens": 0.8147783251231525,
    "Rare Tokens Attending Rare Tokens": 0.8088669950738915,
    "Document Tokens Attending Rare Tokens": 0.8014778325123151,
    "All Tokens Attending Rare Tokens": 0.8014778325123151,
    "All Tokens Attending Very Rare Tokens": 0.7935960591133003,
    "Document Tokens Attending Very Rare Tokens": 0.7901477832512314,
    "Very Rare Document Tokens Attending Synonymous Document Tokens": 0.782758620689655,
    "Very Rare Document Tokens Attending Rare Synonymous Document Tokens": 0.782758620689655,
    "Very Rare Tokens Attending Rare Synonymous Document Tokens": 0.782758620689655,
    "Rare Tokens Attending Very Rare Synonymous Document Tokens": 0.782758620689655,
    "Rare Document Tokens Attending Very Rare Synonymous Document Tokens": 0.782758620689655,
    "Very Rare Tokens Attending Synonymous Document Tokens": 0.782758620689655,
    "Document Tokens Attending Rare Synonymous Tokens": 0.7793103448275861,
    "Document Tokens Attending Very Rare Synonymous Document Tokens": 0.7773399014778324,
    "All Tokens Attending Very Rare Synonymous Document Tokens": 0.7773399014778324,
    "Rare Document Tokens Attending Rare Synonymous Document Tokens": 0.7768472906403939,
    "Rare Tokens Attending Rare Synonymous Document Tokens": 0.7768472906403939,
    "All Tokens Attending Synonymous Document Tokens": 0.7763546798029555,
    "Document Tokens Attending Synonymous Document Tokens": 0.7763546798029555,
    "Rare Document Tokens Attending Synonymous Tokens": 0.7748768472906402,
    "Document Tokens Attending Rare Synonymous Document Tokens": 0.7743842364532018,
    "Rare Tokens Attending Synonymous Document Tokens": 0.7743842364532018,
    "Rare Document Tokens Attending Synonymous Document Tokens": 0.7743842364532018,
    "All Tokens Attending Rare Synonymous Document Tokens": 0.7743842364532018,
    "Very Rare Document Tokens Attending Very Rare Synonymous Tokens": 0.7738916256157633,
    "Very Rare Document Tokens Attending Rare Synonymous Tokens": 0.7714285714285711,
    "Document Tokens Attending Synonymous Tokens": 0.7714285714285711,
    "Rare Document Tokens Attending Rare Synonymous Tokens": 0.7709359605911329,
    "Document Tokens Attending Very Rare Synonymous Tokens": 0.769950738916256,
    "Very Rare Document Tokens Attending Very Rare Synonymous Document Tokens": 0.7689655172413792,
    "Very Rare Tokens Attending Very Rare Synonymous Document Tokens": 0.7689655172413792,
    "Rare Document Tokens Attending Very Rare Synonymous Tokens": 0.7684729064039407,
    "Very Rare Document Tokens Attending Synonymous Tokens": 0.7684729064039407,
    "Very Rare Tokens Attending Synonymous Tokens": 0.7665024630541871,
    "All Tokens Attending Synonymous Tokens": 0.764039408866995,
    "Very Rare Tokens Attending Rare Synonymous Tokens": 0.763054187192118,
    "All Tokens Attending Rare Synonymous Tokens": 0.7605911330049259,
    "Rare Tokens Attending Synonymous Tokens": 0.7605911330049259,
    "Rare Tokens Attending Rare Synonymous Tokens": 0.7581280788177337,
    "Rare Tokens Attending Very Rare Synonymous Tokens": 0.7561576354679801,
    "Very Rare Tokens Attending Very Rare Synonymous Tokens": 0.7551724137931033,
    "All Tokens Attending Very Rare Synonymous Tokens": 0.7551724137931033,
    "Rare Document Tokens Attending Matching Word Tokens": 0.7384236453201969,
    "Rare Document Tokens Attending Rare Matching Word Tokens": 0.7384236453201969,
    "Document Tokens Attending Rare Matching Word Tokens": 0.7384236453201969,
    "Very Rare Document Tokens Attending Matching Word Tokens": 0.7320197044334974,
    "Very Rare Document Tokens Attending Very Rare Matching Word Tokens": 0.7320197044334974,
    "Very Rare Document Tokens Attending Rare Matching Word Tokens": 0.7320197044334974,
    "Rare Document Tokens Attending Very Rare Matching Word Tokens": 0.7320197044334974,
    "Document Tokens Attending Very Rare Matching Word Tokens": 0.7320197044334974,
    "Rare Tokens Attending Rare Matching Word Tokens": 0.7128078817733988,
    "Rare Tokens Attending Matching Word Tokens": 0.7128078817733988,
    "All Tokens Attending Rare Matching Word Tokens": 0.7128078817733988,
    "All Tokens Attending Rare Synonymous Query Tokens": 0.7019704433497536,
    "Rare Tokens Attending Synonymous Query Tokens": 0.7019704433497536,
    "Rare Tokens Attending Rare Matching Word Document Tokens": 0.6995073891625614,
    "Rare Document Tokens Attending Matching Word Document Tokens": 0.6995073891625614,
    "Rare Document Tokens Attending Rare Matching Word Document Tokens": 0.6995073891625614,
    "Document Tokens Attending Rare Matching Word Document Tokens": 0.6995073891625614,
    "Rare Tokens Attending Matching Word Document Tokens": 0.6995073891625614,
    "All Tokens Attending Rare Matching Word Document Tokens": 0.6995073891625614,
    "All Tokens Attending Synonymous Query Tokens": 0.6975369458128078,
    "Rare Tokens Attending Rare Synonymous Query Tokens": 0.6960591133004924,
    "All Tokens Attending Very Rare Matching Word Tokens": 0.685221674876847,
    "Very Rare Tokens Attending Rare Matching Word Tokens": 0.685221674876847,
    "Very Rare Tokens Attending Matching Word Tokens": 0.685221674876847,
    "Very Rare Tokens Attending Very Rare Matching Word Tokens": 0.685221674876847,
    "Rare Tokens Attending Very Rare Matching Word Tokens": 0.685221674876847,
    "Very Rare Tokens Attending Synonymous Query Tokens": 0.685221674876847,
    "Very Rare Tokens Attending Rare Synonymous Query Tokens": 0.682758620689655,
    "Rare Tokens Attending Rare Query Tokens": 0.6798029556650245,
    "Very Rare Tokens Attending Very Rare Query Tokens": 0.6773399014778324,
    "Very Rare Tokens Attending Rare Query Tokens": 0.6773399014778324,
    "Rare Tokens Attending Very Rare Synonymous Query Tokens": 0.676847290640394,
    "All Tokens Attending Very Rare Synonymous Query Tokens": 0.676847290640394,
    "Rare Tokens Attending Very Rare Query Tokens": 0.6738916256157633,
    "Very Rare Tokens Attending Very Rare Synonymous Query Tokens": 0.6625615763546797,
    "All Tokens Attending Rare Query Tokens": 0.6522167487684728,
    "Very Rare Tokens Attending Matching Word Document Tokens": 0.650246305418719,
    "Rare Document Tokens Attending Very Rare Matching Word Document Tokens": 0.650246305418719,
    "Very Rare Document Tokens Attending Matching Word Document Tokens": 0.650246305418719,