{
    "Very Rare Document Tokens Attending Very Rare Tokens": 0.8369458128078816,
    "Very Rare Document Tokens Attending Rare Tokens": 0.8334975369458125,
    "Very Rare Tokens Attending Rare Tokens": 0.824630541871921,
    "Rare Document Tokens Attending Very Rare Tokens": 0.8206896551724137,
    "Very Rare Tokens Attending Rare Document Tokens": 0.8201970443349751,
    "Very Rare Document Tokens Attending Rare Document Tokens": 0.8201970443349751,
    "Very Rare Tokens Attending Very Rare Tokens": 0.817733990147783,
    "Rare Tokens Attending Very Rare Tokens": 0.8157635467980293,
    "Rare Document Tokens Attending Rare Tokens": 0.8147783251231525,
    "Rare Tokens Attending Rare Tokens": 0.8044334975369456,
    "Rare Tokens Attending Rare Document Tokens": 0.7911330049261082,
    "Rare Document Tokens Attending Rare Document Tokens": 0.7911330049261082,
    "Document Tokens Attending Rare Document Tokens": 0.7847290640394087,
    "All Tokens Attending Rare Document Tokens": 0.7847290640394087,
    "Very Rare Document Tokens Attending Very Rare Document Tokens": 0.775862068965517,
    "Very Rare Tokens Attending Very Rare Document Tokens": 0.775862068965517,
    "Document Tokens Attending Rare Tokens": 0.7743842364532018,
    "All Tokens Attending Rare Tokens": 0.7743842364532018,
    "Rare Document Tokens Attending Rare Synonymous Query Tokens": 0.7738916256157633,
    "Document Tokens Attending Synonymous Query Tokens": 0.7738916256157633,
    "Document Tokens Attending Rare Synonymous Query Tokens": 0.7738916256157633,
    "Rare Document Tokens Attending Synonymous Query Tokens": 0.7738916256157633,
    "Document Tokens Attending Very Rare Synonymous Tokens": 0.7729064039408866,
    "Rare Document Tokens Attending Very Rare Synonymous Tokens": 0.7719211822660096,
    "Very Rare Document Tokens Attending Synonymous Tokens": 0.7719211822660096,
    "Very Rare Document Tokens Attending Rare Synonymous Tokens": 0.7704433497536944,
    "Very Rare Document Tokens Attending Synonymous Query Tokens": 0.7694581280788175,
    "Very Rare Document Tokens Attending Rare Synonymous Query Tokens": 0.7679802955665023,
    "Rare Document Tokens Attending Very Rare Document Tokens": 0.7674876847290638,
    "Rare Tokens Attending Very Rare Document Tokens": 0.7674876847290638,
    "Document Tokens Attending Rare Matching Word Query Tokens": 0.763054187192118,
    "Rare Document Tokens Attending Rare Matching Word Query Tokens": 0.763054187192118,
    "Rare Document Tokens Attending Matching Word Query Tokens": 0.763054187192118,
    "Document Tokens Attending Very Rare Synonymous Query Tokens": 0.7625615763546796,
    "Rare Document Tokens Attending Very Rare Synonymous Query Tokens": 0.7625615763546796,
    "Very Rare Document Tokens Attending Very Rare Synonymous Query Tokens": 0.7615763546798028,
    "Document Tokens Attending Rare Synonymous Tokens": 0.7610837438423643,
    "Very Rare Document Tokens Attending Very Rare Synonymous Tokens": 0.7610837438423643,
    "Rare Document Tokens Attending Synonymous Tokens": 0.7581280788177337,
    "Rare Document Tokens Attending Rare Synonymous Tokens": 0.7532019704433496,
    "Document Tokens Attending Synonymous Tokens": 0.7527093596059112,
    "All Tokens Attending Rare Synonymous Query Tokens": 0.7512315270935959,
    "Rare Tokens Attending Synonymous Query Tokens": 0.7512315270935959,
    "Very Rare Tokens Attending Synonymous Tokens": 0.7497536945812806,
    "Very Rare Document Tokens Attending Synonymous Document Tokens": 0.7472906403940884,
    "Very Rare Document Tokens Attending Rare Synonymous Document Tokens": 0.7472906403940884,
    "Very Rare Tokens Attending Rare Synonymous Document Tokens": 0.7472906403940884,
    "Very Rare Tokens Attending Synonymous Document Tokens": 0.7472906403940884,
    "Very Rare Tokens Attending Very Rare Query Tokens": 0.7467980295566501,
    "Very Rare Document Tokens Attending Rare Matching Word Query Tokens": 0.7458128078817733,
    "Very Rare Document Tokens Attending Matching Word Query Tokens": 0.7458128078817733,
    "All Tokens Attending Synonymous Query Tokens": 0.7458128078817733,
    "Very Rare Document Tokens Attending Very Rare Matching Word Query Tokens": 0.7458128078817733,
    "Document Tokens Attending Very Rare Matching Word Query Tokens": 0.7458128078817733,
    "Rare Document Tokens Attending Very Rare Matching Word Query Tokens": 0.7458128078817733,
    "All Tokens Attending Very Rare Document Tokens": 0.7448275862068964,
    "Document Tokens Attending Very Rare Document Tokens": 0.7448275862068964,
    "Document Tokens Attending Matching Word Query Tokens": 0.7443349753694579,
    "Very Rare Tokens Attending Rare Synonymous Tokens": 0.7438423645320195,
    "Rare Tokens Attending Very Rare Synonymous Document Tokens": 0.7438423645320195,
    "Rare Document Tokens Attending Very Rare Synonymous Document Tokens": 0.7438423645320195,
    "All Tokens Attending Very Rare Synonymous Tokens": 0.7423645320197043,
    "All Tokens Attending Very Rare Tokens": 0.7418719211822659,
    "Document Tokens Attending Very Rare Synonymous Document Tokens": 0.7413793103448275,
    "All Tokens Attending Very Rare Synonymous Document Tokens": 0.7413793103448275,
    "Rare Tokens Attending Rare Synonymous Query Tokens": 0.740886699507389,
    "Rare Tokens Attending Very Rare Query Tokens": 0.7399014778325121,
    "Rare Tokens Attending Very Rare Synonymous Tokens": 0.7394088669950737,
    "Very Rare Tokens Attending Rare Query Tokens": 0.7354679802955664,
    "Very Rare Tokens Attending Very Rare Synonymous Tokens": 0.7354679802955664,
    "All Tokens Attending Rare Synonymous Tokens": 0.7349753694581279,
    "Rare Tokens Attending Synonymous Tokens": 0.7349753694581279,
    "Document Tokens Attending Very Rare Tokens": 0.7344827586206896,
    "Rare Tokens Attending Rare Query Tokens": 0.7344827586206896,
    "Rare Tokens Attending Rare Synonymous Tokens": 0.7320197044334974,
    "All Tokens Attending Synonymous Tokens": 0.7320197044334974,
    "Very Rare Tokens Attending Synonymous Query Tokens": 0.7300492610837437,
    "Very Rare Document Tokens Attending Matching Word Tokens": 0.7285714285714284,
    "Very Rare Document Tokens Attending Very Rare Matching Word Tokens": 0.7285714285714284,
    "Very Rare Document Tokens Attending Rare Matching Word Tokens": 0.7285714285714284,
    "Rare Document Tokens Attending Very Rare Matching Word Tokens": 0.7285714285714284,
    "Document Tokens Attending Very Rare Matching Word Tokens": 0.7285714285714284,
    "Very Rare Document Tokens Attending Very Rare Query Tokens": 0.7270935960591131,
    "Very Rare Tokens Attending Rare Synonymous Query Tokens": 0.7261083743842363,
    "Rare Tokens Attending Very Rare Synonymous Query Tokens": 0.7256157635467978,
    "All Tokens Attending Very Rare Synonymous Query Tokens": 0.7256157635467978,
    "Very Rare Document Tokens Attending Rare Query Tokens": 0.7251231527093595,
    "Rare Document Tokens Attending Very Rare Query Tokens": 0.7201970443349752,
    "All Tokens Attending Synonymous Document Tokens": 0.7197044334975368,
    "Document Tokens Attending Synonymous Document Tokens": 0.7197044334975368,
    "Document Tokens Attending Rare Synonymous Document Tokens": 0.7192118226600983,
    "Rare Tokens Attending Synonymous Document Tokens": 0.7192118226600983,
    "Rare Document Tokens Attending Synonymous Document Tokens": 0.7192118226600983,
    "All Tokens Attending Rare Synonymous Document Tokens": 0.7192118226600983,
    "Rare Document Tokens Attending Matching Word Tokens": 0.7182266009852215,
    "Rare Document Tokens Attending Rare Matching Word Tokens": 0.7182266009852215,