{
    "Document Tokens Attending Rare Document Tokens": 0.3409574313034044,
    "All Tokens Attending Rare Document Tokens": 0.3409574313034044,
    "All Tokens Attending Very Rare Document Tokens": 0.33819082669298056,
    "Document Tokens Attending Very Rare Document Tokens": 0.33819082669298056,
    "Rare Document Tokens Attending Very Rare Document Tokens": 0.3027268083940655,
    "Rare Tokens Attending Very Rare Document Tokens": 0.3027268083940655,
    "Rare Tokens Attending Rare Document Tokens": 0.29907327584735444,
    "Rare Document Tokens Attending Rare Document Tokens": 0.29907327584735444,
    "Very Rare Tokens Attending Rare Document Tokens": 0.2884492412253685,
    "Very Rare Document Tokens Attending Rare Document Tokens": 0.2884492412253685,
    "Very Rare Document Tokens Attending Very Rare Document Tokens": 0.284391493675714,
    "Very Rare Tokens Attending Very Rare Document Tokens": 0.284391493675714,
    "Document Tokens Attending Rare Tokens": 0.28309632419536207,
    "Very Rare Tokens Attending All Tokens": -0.2766282060580199,
    "Document Tokens Attending Very Rare Tokens": 0.2714577266738786,
    "All Tokens Attending Rare Tokens": 0.26477342598052167,
    "Very Rare Document Tokens Attending Very Rare Tokens": 0.25786877685234577,
    "Rare Document Tokens Attending Rare Tokens": 0.2517023972376687,
    "All Tokens Attending Very Rare Tokens": 0.2514614998042353,
    "Rare Document Tokens Attending Very Rare Tokens": 0.25075186239485037,
    "Very Rare Document Tokens Attending Rare Tokens": 0.25025457294329456,
    "Very Rare Document Tokens Attending Semantic Match Tokens": 0.2460946358335791,
    "Document Tokens Attending Very Rare Semantic Match Tokens": 0.24497885076790601,
    "Very Rare Document Tokens Attending Rare Semantic Match Tokens": 0.24479058705333356,
    "Rare Document Tokens Attending Very Rare Semantic Match Tokens": 0.2437470739228896,
    "Rare Document Tokens Attending Semantic Match Tokens": 0.23761565900307202,
    "Document Tokens Attending Rare Semantic Match Tokens": 0.23736335639232056,
    "Very Rare Document Tokens Attending Semantic Match Document Tokens": 0.2370303549696958,
    "Very Rare Tokens Attending Semantic Match Document Tokens": 0.2370303549696958,
    "Document Tokens Attending Semantic Match Tokens": 0.23696576231152092,
    "Document Tokens Attending Very Rare Semantic Match Document Tokens": 0.2359742937655759,
    "All Tokens Attending Very Rare Semantic Match Document Tokens": 0.2359742937655759,
    "Very Rare Document Tokens Attending Rare Semantic Match Document Tokens": 0.23561507937598694,
    "Very Rare Tokens Attending Rare Semantic Match Document Tokens": 0.23561507937598694,
    "Rare Tokens Attending Very Rare Semantic Match Document Tokens": 0.23499221731588488,
    "Rare Document Tokens Attending Very Rare Semantic Match Document Tokens": 0.23499221731588488,
    "Rare Document Tokens Attending Rare Semantic Match Tokens": 0.2349304565336949,
    "Very Rare Document Tokens Attending Very Rare Semantic Match Tokens": 0.23141023099579391,
    "All Tokens Attending Semantic Match Document Tokens": 0.22931000260851736,
    "Document Tokens Attending Semantic Match Document Tokens": 0.22931000260851736,
    "Rare Document Tokens Attending Semantic Match Document Tokens": 0.22930112352397033,
    "Rare Tokens Attending Semantic Match Document Tokens": 0.22930112352397033,
    "Document Tokens Attending Rare Semantic Match Document Tokens": 0.22880645440920072,
    "All Tokens Attending Rare Semantic Match Document Tokens": 0.22880645440920072,
    "Rare Tokens Attending Rare Tokens": 0.2266354723233066,
    "Rare Tokens Attending Rare Semantic Match Document Tokens": 0.22647621021029257,
    "Rare Document Tokens Attending Rare Semantic Match Document Tokens": 0.22647621021029257,
    "Very Rare Tokens Attending Very Rare Semantic Match Document Tokens": 0.22332765544636057,
    "Very Rare Document Tokens Attending Very Rare Semantic Match Document Tokens": 0.22332765544636057,
    "Rare Tokens Attending Very Rare Tokens": 0.22249942159206165,
    "Very Rare Tokens Attending Very Rare Tokens": 0.2222971629271407,
    "Very Rare Tokens Attending Rare Tokens": 0.22210365581786184,
    "Rare Tokens Attending All Tokens": -0.22170286093732486,
    "Very Rare Tokens Attending Semantic Match Tokens": 0.2043733837177217,
    "All Tokens Attending Very Rare Semantic Match Tokens": 0.20325810335562985,
    "Very Rare Tokens Attending Rare Semantic Match Tokens": 0.20302242568104537,
    "Rare Tokens Attending Very Rare Semantic Match Tokens": 0.20212317412298425,
    "All Tokens Attending Semantic Match Tokens": 0.1998460956264172,
    "Rare Tokens Attending Semantic Match Tokens": 0.19938948472933798,
    "Very Rare Document Tokens Attending Very Rare Lexical Match Tokens": 0.19924904899732196,
    "Very Rare Document Tokens Attending Rare Lexical Match Tokens": 0.19924904899732196,
    "Very Rare Document Tokens Attending Lexical Match Tokens": 0.19924904899732196,
    "Rare Document Tokens Attending Very Rare Lexical Match Tokens": 0.19924904899732196,
    "Document Tokens Attending Very Rare Lexical Match Tokens": 0.19924904899732196,
    "All Tokens Attending Rare Semantic Match Tokens": 0.19910296328063776,
    "Rare Tokens Attending Rare Semantic Match Tokens": 0.19689950020750369,
    "Document Tokens Attending Query Tokens": -0.1943556701342896,
    "All Tokens Attending Document Tokens": 0.19288959056861,
    "Document Tokens Attending Document Tokens": 0.19288959056861,
    "All Tokens Attending Query Tokens": -0.1928880890260361,
    "Rare Document Tokens Attending Lexical Match Tokens": 0.19145577920917223,
    "Document Tokens Attending Rare Lexical Match Tokens": 0.19145577920917223,
    "Rare Document Tokens Attending Rare Lexical Match Tokens": 0.19145577920917223,
    "Very Rare Tokens Attending Very Rare Semantic Match Tokens": 0.19076871264823056,
    "Rare Tokens Attending Very Rare Lexical Match Document Tokens": 0.18662257567892063,
    "Very Rare Document Tokens Attending Rare Lexical Match Document Tokens": 0.18662257567892063,
    "Very Rare Tokens Attending Rare Lexical Match Document Tokens": 0.18662257567892063,
    "Document Tokens Attending Very Rare Lexical Match Document Tokens": 0.18662257567892063,
    "Very Rare Tokens Attending Lexical Match Document Tokens": 0.18662257567892063,
    "All Tokens Attending Very Rare Lexical Match Document Tokens": 0.18662257567892063,
    "Very Rare Document Tokens Attending Lexical Match Document Tokens": 0.18662257567892063,
    "Rare Document Tokens Attending Very Rare Lexical Match Document Tokens": 0.18662257567892063,
    "Very Rare Tokens Attending Very Rare Lexical Match Document Tokens": 0.18662257567892063,
    "Very Rare Document Tokens Attending Very Rare Lexical Match Document Tokens": 0.18662257567892063,
    "Very Rare Query Tokens Attending All Tokens": -0.18337620656590564,
    "Very Rare Query Tokens Attending Query Tokens": -0.18337620656590564,
    "All Tokens Attending Rare Lexical Match Document Tokens": 0.18192964563305847,
    "Rare Tokens Attending Lexical Match Document Tokens": 0.18192964563305847,
    "Rare Document Tokens Attending Lexical Match Document Tokens": 0.18192964563305847,
    "Rare Tokens Attending Rare Lexical Match Document Tokens": 0.18192964563305847,
    "Rare Document Tokens Attending Rare Lexical Match Document Tokens": 0.18192964563305847,
    "Document Tokens Attending Rare Lexical Match Document Tokens": 0.18192964563305847,
    "Document Tokens Attending All Tokens": 0.1771935054302491,
    "Query Tokens Attending All Tokens": -0.17718186263371333,
    "Query Tokens Attending Query Tokens": -0.17718186263371333,
    "Rare Tokens Attending Query Tokens": -0.1746708162665983,
    "Very Rare Tokens Attending Query Tokens": -0.17296503297335283,
    "Rare Document Tokens Attending Query Tokens": -0.17216503137238054,