{
    "All Tokens Attending Very Rare Document Tokens": 0.28939368720630426,
    "Document Tokens Attending Very Rare Document Tokens": 0.28939368720630426,
    "Document Tokens Attending Rare Document Tokens": 0.2833725995331353,
    "All Tokens Attending Rare Document Tokens": 0.2833725995331353,
    "Rare Document Tokens Attending Very Rare Document Tokens": 0.2595797026339185,
    "Rare Tokens Attending Very Rare Document Tokens": 0.2595797026339185,
    "Very Rare Tokens Attending All Tokens": -0.2551955791275978,
    "Rare Tokens Attending Rare Document Tokens": 0.250107877371604,
    "Rare Document Tokens Attending Rare Document Tokens": 0.250107877371604,
    "Very Rare Document Tokens Attending Very Rare Document Tokens": 0.24745786486175497,
    "Very Rare Tokens Attending Very Rare Document Tokens": 0.24745786486175497,
    "Very Rare Tokens Attending Rare Document Tokens": 0.23985428548130056,
    "Very Rare Document Tokens Attending Rare Document Tokens": 0.23985428548130056,
    "Document Tokens Attending Very Rare Semantic Match Tokens": 0.2285719697001658,
    "Very Rare Document Tokens Attending Semantic Match Tokens": 0.22832117539712604,
    "Very Rare Document Tokens Attending Rare Semantic Match Tokens": 0.22743353916453285,
    "Rare Document Tokens Attending Very Rare Semantic Match Tokens": 0.22734030356786888,
    "Document Tokens Attending Very Rare Semantic Match Document Tokens": 0.22569695740332424,
    "All Tokens Attending Very Rare Semantic Match Document Tokens": 0.22569695740332424,
    "Very Rare Document Tokens Attending Semantic Match Document Tokens": 0.22542581175498377,
    "Very Rare Tokens Attending Semantic Match Document Tokens": 0.22542581175498377,
    "Document Tokens Attending Rare Tokens": 0.2252973620709675,
    "Rare Tokens Attending Very Rare Semantic Match Document Tokens": 0.22467110179555716,
    "Rare Document Tokens Attending Very Rare Semantic Match Document Tokens": 0.22467110179555716,
    "Very Rare Document Tokens Attending Rare Semantic Match Document Tokens": 0.22440357614850553,
    "Very Rare Tokens Attending Rare Semantic Match Document Tokens": 0.22440357614850553,
    "Document Tokens Attending Very Rare Tokens": 0.22210064344060906,
    "Very Rare Document Tokens Attending Very Rare Semantic Match Tokens": 0.21796223999316838,
    "Document Tokens Attending Semantic Match Tokens": 0.21761946330120296,
    "Document Tokens Attending Rare Semantic Match Tokens": 0.21738133023150086,
    "Rare Document Tokens Attending Semantic Match Tokens": 0.21735065533272624,
    "Rare Document Tokens Attending Rare Semantic Match Tokens": 0.21547388562441394,
    "Very Rare Tokens Attending Very Rare Semantic Match Document Tokens": 0.21539341719711474,
    "Very Rare Document Tokens Attending Very Rare Semantic Match Document Tokens": 0.21539341719711474,
    "All Tokens Attending Semantic Match Document Tokens": 0.21510169104058072,
    "Document Tokens Attending Semantic Match Document Tokens": 0.21510169104058072,
    "Rare Document Tokens Attending Semantic Match Document Tokens": 0.21454742905058116,
    "Rare Tokens Attending Semantic Match Document Tokens": 0.21454742905058116,
    "Document Tokens Attending Rare Semantic Match Document Tokens": 0.2143724679475564,
    "All Tokens Attending Rare Semantic Match Document Tokens": 0.2143724679475564,
    "Very Rare Document Tokens Attending Very Rare Tokens": 0.21430293982193815,
    "Rare Tokens Attending Rare Semantic Match Document Tokens": 0.21249618348045896,
    "Rare Document Tokens Attending Rare Semantic Match Document Tokens": 0.21249618348045896,
    "All Tokens Attending Rare Tokens": 0.20887843213553567,
    "Document Tokens Attending Query Tokens": -0.20697949923363013,
    "Rare Tokens Attending All Tokens": -0.20503654670172233,
    "All Tokens Attending Very Rare Tokens": 0.2041314264302108,
    "Rare Document Tokens Attending Very Rare Tokens": 0.20348603145268804,
    "All Tokens Attending Document Tokens": 0.20276545020124354,
    "Document Tokens Attending Document Tokens": 0.20276545020124354,
    "All Tokens Attending Query Tokens": -0.20276465870785917,
    "Rare Document Tokens Attending Rare Tokens": 0.19961163702427728,
    "Very Rare Document Tokens Attending Rare Tokens": 0.19749809004439725,
    "Very Rare Document Tokens Attending Very Rare Lexical Match Tokens": 0.19165207897364234,
    "Very Rare Document Tokens Attending Rare Lexical Match Tokens": 0.19165207897364234,
    "Very Rare Document Tokens Attending Lexical Match Tokens": 0.19165207897364234,
    "Rare Document Tokens Attending Very Rare Lexical Match Tokens": 0.19165207897364234,
    "Document Tokens Attending Very Rare Lexical Match Tokens": 0.19165207897364234,
    "All Tokens Attending Very Rare Semantic Match Tokens": 0.18996153807594318,
    "Very Rare Tokens Attending Semantic Match Tokens": 0.18989873245249056,
    "Very Rare Tokens Attending Rare Semantic Match Tokens": 0.1889593106520188,
    "Rare Tokens Attending Very Rare Semantic Match Tokens": 0.18883426151959137,
    "Rare Document Tokens Attending Query Tokens": -0.18725501741462555,
    "Rare Tokens Attending Query Tokens": -0.1864460699761306,
    "Very Rare Tokens Attending Query Tokens": -0.18496472036679285,
    "Rare Tokens Attending Very Rare Lexical Match Document Tokens": 0.18491853851859552,
    "Very Rare Document Tokens Attending Rare Lexical Match Document Tokens": 0.18491853851859552,
    "Very Rare Tokens Attending Rare Lexical Match Document Tokens": 0.18491853851859552,
    "Document Tokens Attending Very Rare Lexical Match Document Tokens": 0.18491853851859552,
    "Very Rare Tokens Attending Lexical Match Document Tokens": 0.18491853851859552,
    "All Tokens Attending Very Rare Lexical Match Document Tokens": 0.18491853851859552,
    "Very Rare Document Tokens Attending Lexical Match Document Tokens": 0.18491853851859552,
    "Rare Document Tokens Attending Very Rare Lexical Match Document Tokens": 0.18491853851859552,
    "Very Rare Tokens Attending Very Rare Lexical Match Document Tokens": 0.18491853851859552,
    "Very Rare Document Tokens Attending Very Rare Lexical Match Document Tokens": 0.18491853851859552,
    "Very Rare Query Tokens Attending All Tokens": -0.1843165332452784,
    "Very Rare Query Tokens Attending Query Tokens": -0.1843165332452784,
    "All Tokens Attending Semantic Match Tokens": 0.1832376391175764,
    "Very Rare Tokens Attending Very Rare Tokens": 0.1829678986633276,
    "Rare Document Tokens Attending Lexical Match Tokens": 0.1828197703899983,
    "Document Tokens Attending Rare Lexical Match Tokens": 0.1828197703899983,
    "Rare Document Tokens Attending Rare Lexical Match Tokens": 0.1828197703899983,
    "Document Tokens Attending Lexical Match Document Tokens": 0.18267117107409603,
    "All Tokens Attending Lexical Match Document Tokens": 0.18267117107409603,
    "Rare Tokens Attending Semantic Match Tokens": 0.18209723422600493,
    "All Tokens Attending Rare Semantic Match Tokens": 0.18207662511860243,
    "Rare Tokens Attending Rare Semantic Match Tokens": 0.1803603298512077,
    "Document Tokens Attending All Tokens": 0.18034270821132065,
    "Query Tokens Attending All Tokens": -0.18033409306305578,
    "Query Tokens Attending Query Tokens": -0.18033409306305578,
    "Very Rare Tokens Attending Very Rare Semantic Match Tokens": 0.18029245566869267,
    "Document Tokens Attending Lexical Match Tokens": 0.17999037331043188,
    "Very Rare Document Tokens Attending Query Tokens": -0.1793617504988821,
    "Rare Tokens Attending Very Rare Tokens": 0.17836035067688427,
    "All Tokens Attending Rare Lexical Match Document Tokens": 0.1779777936803255,
    "Rare Tokens Attending Lexical Match Document Tokens": 0.1779777936803255,
    "Rare Document Tokens Attending Lexical Match Document Tokens": 0.1779777936803255,