{
    "Very Rare Document Tokens Attending Very Rare Document Tokens": 0.533724340175953,
    "Very Rare Tokens Attending Very Rare Document Tokens": 0.533724340175953,
    "All Tokens Attending Very Rare Document Tokens": 0.5260263929618768,
    "Document Tokens Attending Very Rare Document Tokens": 0.5260263929618768,
    "Rare Document Tokens Attending Very Rare Document Tokens": 0.5194281524926686,
    "Rare Tokens Attending Very Rare Document Tokens": 0.5194281524926686,
    "Very Rare Tokens Attending Rare Document Tokens": 0.5014662756598239,
    "Very Rare Document Tokens Attending Rare Document Tokens": 0.5014662756598239,
    "Rare Document Tokens Attending Very Rare Tokens": 0.49596774193548376,
    "Very Rare Document Tokens Attending Very Rare Tokens": 0.49193548387096764,
    "Rare Tokens Attending Rare Document Tokens": 0.49010263929618764,
    "Rare Document Tokens Attending Rare Document Tokens": 0.49010263929618764,
    "Very Rare Tokens Attending Very Rare Tokens": 0.48423753665689145,
    "Document Tokens Attending Rare Document Tokens": 0.48130498533724336,
    "All Tokens Attending Rare Document Tokens": 0.48130498533724336,
    "Very Rare Document Tokens Attending Semantic Match Tokens": 0.4637096774193548,
    "Rare Tokens Attending Very Rare Tokens": 0.46187683284457465,
    "Document Tokens Attending Very Rare Tokens": 0.45857771260997054,
    "Very Rare Document Tokens Attending Rare Semantic Match Tokens": 0.4538123167155425,
    "Very Rare Document Tokens Attending Rare Tokens": 0.4512463343108504,
    "Document Tokens Attending Very Rare Semantic Match Tokens": 0.44831378299120234,
    "Rare Document Tokens Attending Very Rare Semantic Match Tokens": 0.44831378299120234,
    "All Tokens Attending Very Rare Tokens": 0.44721407624633425,
    "Rare Document Tokens Attending Rare Tokens": 0.44538123167155425,
    "Very Rare Document Tokens Attending Semantic Match Document Tokens": 0.43841642228739,
    "Very Rare Tokens Attending Semantic Match Document Tokens": 0.43841642228739,
    "Very Rare Tokens Attending Rare Tokens": 0.4358504398826979,
    "Very Rare Document Tokens Attending Rare Semantic Match Document Tokens": 0.43108504398826974,
    "Very Rare Tokens Attending Rare Semantic Match Document Tokens": 0.43108504398826974,
    "Rare Document Tokens Attending Semantic Match Document Tokens": 0.43108504398826974,
    "Rare Tokens Attending Semantic Match Document Tokens": 0.43108504398826974,
    "Document Tokens Attending Rare Semantic Match Tokens": 0.4299853372434017,
    "Rare Document Tokens Attending Semantic Match Tokens": 0.4288856304985337,
    "Rare Tokens Attending Rare Tokens": 0.42815249266862165,
    "Rare Tokens Attending Rare Semantic Match Document Tokens": 0.4255865102639296,
    "Rare Document Tokens Attending Rare Semantic Match Document Tokens": 0.4255865102639296,
    "Document Tokens Attending Rare Semantic Match Document Tokens": 0.4244868035190615,
    "All Tokens Attending Rare Semantic Match Document Tokens": 0.4244868035190615,
    "All Tokens Attending Semantic Match Document Tokens": 0.41788856304985333,
    "Document Tokens Attending Semantic Match Document Tokens": 0.41788856304985333,
    "Document Tokens Attending Rare Tokens": 0.4167888563049853,
    "Rare Document Tokens Attending Rare Semantic Match Tokens": 0.4167888563049853,
    "Document Tokens Attending Very Rare Semantic Match Document Tokens": 0.4164222873900293,
    "All Tokens Attending Very Rare Semantic Match Document Tokens": 0.4164222873900293,
    "Document Tokens Attending Semantic Match Tokens": 0.40799120234604097,
    "Rare Tokens Attending Very Rare Semantic Match Document Tokens": 0.40762463343108496,
    "Rare Document Tokens Attending Very Rare Semantic Match Document Tokens": 0.40762463343108496,
    "All Tokens Attending Rare Tokens": 0.406524926686217,
    "Very Rare Tokens Attending Very Rare Semantic Match Document Tokens": 0.4021260997067448,
    "Very Rare Document Tokens Attending Very Rare Semantic Match Document Tokens": 0.4021260997067448,
    "Very Rare Document Tokens Attending Very Rare Semantic Match Tokens": 0.38269794721407624,
    "All Tokens Attending Semantic Match Tokens": 0.38159824046920815,
    "Very Rare Tokens Attending Rare Semantic Match Tokens": 0.3801319648093841,
    "Very Rare Tokens Attending Semantic Match Tokens": 0.3801319648093841,
    "Rare Tokens Attending Semantic Match Tokens": 0.36950146627565983,
    "All Tokens Attending Rare Semantic Match Tokens": 0.36803519061583573,
    "Rare Tokens Attending Rare Semantic Match Tokens": 0.3647360703812316,
    "Very Rare Document Tokens Attending Very Rare Lexical Match Tokens": 0.35557184750733134,
    "Very Rare Document Tokens Attending Rare Lexical Match Tokens": 0.35557184750733134,
    "Very Rare Document Tokens Attending Lexical Match Tokens": 0.35557184750733134,
    "Rare Document Tokens Attending Very Rare Lexical Match Tokens": 0.35557184750733134,
    "Document Tokens Attending Very Rare Lexical Match Tokens": 0.35557184750733134,
    "All Tokens Attending Very Rare Semantic Match Tokens": 0.35153958944281516,
    "Rare Tokens Attending Very Rare Semantic Match Tokens": 0.345674486803519,
    "Very Rare Tokens Attending Very Rare Semantic Match Tokens": 0.34274193548387094,
    "All Tokens Attending Rare Lexical Match Document Tokens": 0.32954545454545453,
    "Rare Tokens Attending Lexical Match Document Tokens": 0.32954545454545453,
    "Rare Document Tokens Attending Lexical Match Document Tokens": 0.32954545454545453,
    "Rare Tokens Attending Rare Lexical Match Document Tokens": 0.32954545454545453,
    "Rare Document Tokens Attending Rare Lexical Match Document Tokens": 0.32954545454545453,
    "Document Tokens Attending Rare Lexical Match Document Tokens": 0.32954545454545453,
    "Rare Document Tokens Attending Lexical Match Tokens": 0.3251466275659824,
    "Document Tokens Attending Rare Lexical Match Tokens": 0.3251466275659824,
    "Rare Document Tokens Attending Rare Lexical Match Tokens": 0.3251466275659824,
    "Rare Tokens Attending Very Rare Lexical Match Document Tokens": 0.30901759530791784,
    "Very Rare Document Tokens Attending Rare Lexical Match Document Tokens": 0.30901759530791784,
    "Very Rare Tokens Attending Rare Lexical Match Document Tokens": 0.30901759530791784,
    "Document Tokens Attending Very Rare Lexical Match Document Tokens": 0.30901759530791784,
    "Very Rare Tokens Attending Lexical Match Document Tokens": 0.30901759530791784,
    "All Tokens Attending Very Rare Lexical Match Document Tokens": 0.30901759530791784,
    "Very Rare Document Tokens Attending Lexical Match Document Tokens": 0.30901759530791784,
    "Rare Document Tokens Attending Very Rare Lexical Match Document Tokens": 0.30901759530791784,
    "Very Rare Tokens Attending Very Rare Lexical Match Document Tokens": 0.30901759530791784,
    "Very Rare Document Tokens Attending Very Rare Lexical Match Document Tokens": 0.30901759530791784,
    "Rare Tokens Attending Rare Lexical Match Tokens": 0.2947214076246334,
    "All Tokens Attending Rare Lexical Match Tokens": 0.2947214076246334,
    "Rare Tokens Attending Lexical Match Tokens": 0.2947214076246334,
    "Document Tokens Attending Lexical Match Document Tokens": 0.2807917888563049,
    "All Tokens Attending Lexical Match Document Tokens": 0.2807917888563049,
    "All Tokens Attending Very Rare Lexical Match Tokens": 0.2785923753665689,
    "Very Rare Tokens Attending Very Rare Lexical Match Tokens": 0.2785923753665689,
    "Very Rare Tokens Attending Rare Lexical Match Tokens": 0.2785923753665689,
    "Very Rare Tokens Attending Lexical Match Tokens": 0.2785923753665689,
    "Rare Tokens Attending Very Rare Lexical Match Tokens": 0.2785923753665689,
    "Document Tokens Attending Lexical Match Tokens": 0.25366568914956006,
    "Very Rare Tokens Attending Query Tokens": 0.2349706744868035,
    "Document Tokens Attending Query Tokens": 0.22727272727272727,