{
    "Rare Tokens Attending Document Tokens": -0.5300586510263929,
    "Rare Document Tokens Attending Document Tokens": -0.5300586510263929,
    "Rare Tokens Attending Query Tokens": 0.5201612903225806,
    "Rare Document Tokens Attending Query Tokens": 0.4974340175953078,
    "Very Rare Tokens Attending Query Tokens": 0.4963343108504399,
    "Rare Document Tokens Attending Rare Query Tokens": 0.4934017595307918,
    "All Tokens Attending Document Tokens": -0.49010263929618764,
    "All Tokens Attending Query Tokens": 0.49010263929618764,
    "Document Tokens Attending Document Tokens": -0.49010263929618764,
    "Very Rare Document Tokens Attending Rare Tokens": 0.4886363636363636,
    "Very Rare Tokens Attending Rare Document Tokens": 0.4879032258064516,
    "Very Rare Document Tokens Attending Rare Document Tokens": 0.4879032258064516,
    "Very Rare Document Tokens Attending Document Tokens": -0.48093841642228735,
    "Very Rare Tokens Attending Document Tokens": -0.48093841642228735,
    "Rare Tokens Attending Rare Query Tokens": 0.4791055718475073,
    "Very Rare Tokens Attending Rare Tokens": 0.47800586510263926,
    "Rare Document Tokens Attending Very Rare Tokens": 0.47800586510263926,
    "Very Rare Document Tokens Attending Query Tokens": 0.4769061583577712,
    "Rare Document Tokens Attending Rare Tokens": 0.47507331378299117,
    "Document Tokens Attending Query Tokens": 0.470307917888563,
    "Rare Tokens Attending Rare Tokens": 0.46847507331378296,
    "Very Rare Document Tokens Attending Very Rare Tokens": 0.4596774193548387,
    "Very Rare Document Tokens Attending Rare Query Tokens": 0.4593108504398827,
    "Very Rare Tokens Attending Rare Query Tokens": 0.45821114369501453,
    "Document Tokens Attending Rare Document Tokens": 0.4538123167155425,
    "All Tokens Attending Rare Document Tokens": 0.4538123167155425,
    "Document Tokens Attending Rare Tokens": 0.45161290322580644,
    "Rare Document Tokens Attending Very Rare Query Tokens": 0.4508797653958944,
    "Rare Tokens Attending Very Rare Query Tokens": 0.4479472140762463,
    "Very Rare Document Tokens Attending Very Rare Query Tokens": 0.4461143695014662,
    "Rare Tokens Attending Very Rare Tokens": 0.4461143695014662,
    "All Tokens Attending Very Rare Document Tokens": 0.44538123167155425,
    "Document Tokens Attending Very Rare Document Tokens": 0.44538123167155425,
    "Rare Tokens Attending Rare Document Tokens": 0.44428152492668616,
    "Rare Document Tokens Attending Rare Document Tokens": 0.44428152492668616,
    "All Tokens Attending Rare Tokens": 0.4424486803519062,
    "Very Rare Tokens Attending Very Rare Tokens": 0.439149560117302,
    "Document Tokens Attending Rare Query Tokens": 0.4211876832844574,
    "Rare Document Tokens Attending Very Rare Document Tokens": 0.4208211143695014,
    "Rare Tokens Attending Very Rare Document Tokens": 0.4208211143695014,
    "All Tokens Attending Rare Query Tokens": 0.4167888563049853,
    "Very Rare Tokens Attending Very Rare Query Tokens": 0.4160557184750733,
    "Very Rare Document Tokens Attending Very Rare Document Tokens": 0.4134897360703812,
    "Very Rare Tokens Attending Very Rare Document Tokens": 0.4134897360703812,
    "Document Tokens Attending Very Rare Tokens": 0.4127565982404692,
    "All Tokens Attending Very Rare Tokens": 0.4109237536656892,
    "Document Tokens Attending Very Rare Lexical Match Query Tokens": 0.4006598240469208,
    "Rare Document Tokens Attending Very Rare Lexical Match Query Tokens": 0.4006598240469208,
    "Very Rare Document Tokens Attending Lexical Match Query Tokens": 0.4006598240469208,
    "Very Rare Document Tokens Attending Very Rare Lexical Match Query Tokens": 0.4006598240469208,
    "Very Rare Document Tokens Attending Rare Lexical Match Query Tokens": 0.4006598240469208,
    "Rare Document Tokens Attending Lexical Match Query Tokens": 0.3698680351906158,
    "Rare Document Tokens Attending Rare Lexical Match Query Tokens": 0.3698680351906158,
    "Document Tokens Attending Rare Lexical Match Query Tokens": 0.3698680351906158,
    "Rare Document Tokens Attending Semantic Match Query Tokens": 0.3581378299120234,
    "Document Tokens Attending Rare Semantic Match Query Tokens": 0.3581378299120234,
    "Rare Document Tokens Attending Rare Semantic Match Query Tokens": 0.3581378299120234,
    "Document Tokens Attending Semantic Match Query Tokens": 0.3570381231671554,
    "Very Rare Document Tokens Attending Rare Semantic Match Query Tokens": 0.34970674486803516,
    "Document Tokens Attending Very Rare Semantic Match Query Tokens": 0.34970674486803516,
    "Very Rare Document Tokens Attending Semantic Match Query Tokens": 0.34970674486803516,
    "Rare Document Tokens Attending Very Rare Semantic Match Query Tokens": 0.34970674486803516,
    "Very Rare Document Tokens Attending Very Rare Semantic Match Query Tokens": 0.3387096774193548,
    "Document Tokens Attending Lexical Match Query Tokens": 0.33651026392961875,
    "Document Tokens Attending Very Rare Query Tokens": 0.313782991202346,
    "All Tokens Attending Very Rare Query Tokens": 0.2877565982404692,
    "Rare Query Tokens Attending Query Tokens": 0.281524926686217,
    "Rare Query Tokens Attending All Tokens": 0.281524926686217,
    "Query Tokens Attending Very Rare Lexical Match Tokens": -0.2653958944281525,
    "Rare Query Tokens Attending Very Rare Lexical Match Tokens": -0.2653958944281525,
    "Very Rare Query Tokens Attending Lexical Match Query Tokens": -0.2653958944281525,
    "Very Rare Query Tokens Attending Lexical Match Tokens": -0.2653958944281525,
    "Very Rare Query Tokens Attending Very Rare Lexical Match Tokens": -0.2653958944281525,
    "Very Rare Query Tokens Attending Rare Lexical Match Query Tokens": -0.2653958944281525,
    "Very Rare Query Tokens Attending Very Rare Lexical Match Query Tokens": -0.2653958944281525,
    "Very Rare Query Tokens Attending Rare Lexical Match Tokens": -0.2653958944281525,
    "Rare Query Tokens Attending Very Rare Lexical Match Query Tokens": -0.2653958944281525,
    "Query Tokens Attending Very Rare Lexical Match Query Tokens": -0.2653958944281525,
    "Very Rare Document Tokens Attending Semantic Match Tokens": 0.25659824046920815,
    "Query Tokens Attending Lexical Match Tokens": -0.25476539589442815,
    "Query Tokens Attending Lexical Match Query Tokens": -0.25476539589442815,
    "Very Rare Document Tokens Attending Rare Semantic Match Tokens": 0.24303519061583576,
    "Rare Query Tokens Attending Lexical Match Query Tokens": -0.24010263929618766,
    "Rare Query Tokens Attending Lexical Match Tokens": -0.24010263929618766,
    "Rare Query Tokens Attending Rare Lexical Match Tokens": -0.24010263929618766,
    "Query Tokens Attending Rare Lexical Match Query Tokens": -0.24010263929618766,
    "Query Tokens Attending Rare Lexical Match Tokens": -0.24010263929618766,
    "Rare Query Tokens Attending Rare Lexical Match Query Tokens": -0.24010263929618766,
    "Very Rare Query Tokens Attending All Tokens": 0.23533724340175952,
    "Very Rare Query Tokens Attending Query Tokens": 0.23533724340175952,
    "Query Tokens Attending All Tokens": 0.2349706744868035,
    "Document Tokens Attending All Tokens": -0.2349706744868035,
    "Query Tokens Attending Query Tokens": 0.2349706744868035,
    "Document Tokens Attending Very Rare Semantic Match Tokens": 0.22653958944281521,
    "Rare Document Tokens Attending Very Rare Semantic Match Tokens": 0.22653958944281521,
    "Very Rare Query Tokens Attending Very Rare Semantic Match Query Tokens": -0.21517595307917886,
    "Very Rare Query Tokens Attending Very Rare Semantic Match Tokens": -0.21517595307917886,
    "Rare Document Tokens Attending Semantic Match Tokens": 0.21480938416422285,
    "Very Rare Query Tokens Attending Semantic Match Tokens": -0.20747800586510262,
    "Very Rare Query Tokens Attending Rare Semantic Match Query Tokens": -0.20747800586510262,