{
    "Document Tokens Attending Rare Document Tokens": 0.5083863793558452,
    "All Tokens Attending Rare Document Tokens": 0.5083863793558452,
    "Document Tokens Attending Rare Tokens": 0.4756440741100099,
    "All Tokens Attending Rare Tokens": 0.4545706521122306,
    "All Tokens Attending Very Rare Document Tokens": 0.45174819720099235,
    "Document Tokens Attending Very Rare Document Tokens": 0.45174819720099235,
    "Rare Tokens Attending Rare Document Tokens": 0.4382354286532961,
    "Rare Document Tokens Attending Rare Document Tokens": 0.4382354286532961,
    "Very Rare Document Tokens Attending Rare Tokens": 0.4345282148537123,
    "Very Rare Tokens Attending Rare Document Tokens": 0.4311144419198126,
    "Very Rare Document Tokens Attending Rare Document Tokens": 0.4311144419198126,
    "Rare Document Tokens Attending Rare Tokens": 0.43028090439140143,
    "Document Tokens Attending Very Rare Tokens": 0.41527778011804345,
    "Document Tokens Attending Very Rare Lexical Match Query Tokens": 0.40884331582879574,
    "Rare Document Tokens Attending Very Rare Lexical Match Query Tokens": 0.40884331582879574,
    "Very Rare Document Tokens Attending Lexical Match Query Tokens": 0.40884331582879574,
    "Very Rare Document Tokens Attending Very Rare Lexical Match Query Tokens": 0.40884331582879574,
    "Very Rare Document Tokens Attending Rare Lexical Match Query Tokens": 0.40884331582879574,
    "Rare Document Tokens Attending Very Rare Document Tokens": 0.4039955558470617,
    "Rare Tokens Attending Very Rare Document Tokens": 0.4039955558470617,
    "Rare Document Tokens Attending Lexical Match Query Tokens": 0.401331609260127,
    "Rare Document Tokens Attending Rare Lexical Match Query Tokens": 0.401331609260127,
    "Document Tokens Attending Rare Lexical Match Query Tokens": 0.401331609260127,
    "Rare Tokens Attending Rare Tokens": 0.3999460246611376,
    "Rare Document Tokens Attending Very Rare Tokens": 0.3988229461941296,
    "Very Rare Tokens Attending Rare Tokens": 0.39833226633114815,
    "All Tokens Attending Very Rare Tokens": 0.3924944093929581,
    "Rare Document Tokens Attending Rare Semantic Match Query Tokens": 0.3854913785972212,
    "Document Tokens Attending Rare Semantic Match Query Tokens": 0.38505734565749056,
    "Rare Document Tokens Attending Semantic Match Query Tokens": 0.38440108691705954,
    "Very Rare Document Tokens Attending Very Rare Tokens": 0.3793966900676362,
    "Document Tokens Attending Semantic Match Query Tokens": 0.3785339628180755,
    "Very Rare Document Tokens Attending Rare Semantic Match Query Tokens": 0.3746830781796904,
    "Very Rare Document Tokens Attending Semantic Match Query Tokens": 0.37419305937923614,
    "Document Tokens Attending Very Rare Semantic Match Query Tokens": 0.36961319045052665,
    "Rare Document Tokens Attending Very Rare Semantic Match Query Tokens": 0.3686747703662987,
    "Rare Tokens Attending Very Rare Tokens": 0.36466640581298015,
    "Very Rare Document Tokens Attending Very Rare Semantic Match Query Tokens": 0.35860136825667044,
    "Very Rare Document Tokens Attending Very Rare Document Tokens": 0.35569613904357894,
    "Very Rare Tokens Attending Very Rare Document Tokens": 0.35569613904357894,
    "Very Rare Tokens Attending Very Rare Tokens": 0.3344614850784174,
    "Very Rare Document Tokens Attending Rare Query Tokens": 0.2813715967822082,
    "Very Rare Tokens Attending All Tokens": -0.27870422471412415,
    "Very Rare Document Tokens Attending Very Rare Query Tokens": 0.27164535511730237,
    "Rare Document Tokens Attending Rare Query Tokens": 0.23013337556872965,
    "Rare Document Tokens Attending Semantic Match Tokens": 0.2279344672413773,
    "Document Tokens Attending Rare Semantic Match Tokens": 0.22597957061452179,
    "Document Tokens Attending Lexical Match Query Tokens": 0.2247675713112038,
    "Document Tokens Attending Semantic Match Tokens": 0.2232723901065542,
    "Rare Document Tokens Attending Rare Semantic Match Tokens": 0.22144795825511598,
    "Very Rare Document Tokens Attending Semantic Match Tokens": 0.21903280384922147,
    "Rare Tokens Attending All Tokens": -0.21634500371022963,
    "Very Rare Document Tokens Attending Rare Semantic Match Tokens": 0.2157440048991908,
    "Document Tokens Attending Very Rare Semantic Match Tokens": 0.21024089191891296,
    "Rare Document Tokens Attending Very Rare Semantic Match Tokens": 0.20965836126202816,
    "Rare Document Tokens Attending Very Rare Query Tokens": 0.19954521708502493,
    "Rare Document Tokens Attending Semantic Match Document Tokens": 0.19214459871278042,
    "Rare Tokens Attending Semantic Match Document Tokens": 0.19214459871278042,
    "All Tokens Attending Semantic Match Document Tokens": 0.18998111473082863,
    "Document Tokens Attending Semantic Match Document Tokens": 0.18998111473082863,
    "Document Tokens Attending Rare Semantic Match Document Tokens": 0.18986805858455685,
    "All Tokens Attending Rare Semantic Match Document Tokens": 0.18986805858455685,
    "Rare Tokens Attending Semantic Match Tokens": 0.18937217159198302,
    "Very Rare Tokens Attending Rare Query Tokens": 0.188878771047078,
    "All Tokens Attending Rare Semantic Match Tokens": 0.18749842789777238,
    "All Tokens Attending Semantic Match Tokens": 0.18666104455644109,
    "Rare Tokens Attending Rare Semantic Match Document Tokens": 0.1857952999429347,
    "Rare Document Tokens Attending Rare Semantic Match Document Tokens": 0.1857952999429347,
    "Very Rare Document Tokens Attending Very Rare Semantic Match Tokens": 0.18538273778579548,
    "Rare Tokens Attending Rare Semantic Match Tokens": 0.18333413218067401,
    "Very Rare Document Tokens Attending Semantic Match Document Tokens": 0.17914268056474833,
    "Very Rare Tokens Attending Semantic Match Document Tokens": 0.17914268056474833,
    "Very Rare Tokens Attending Semantic Match Tokens": 0.17603964404342634,
    "Very Rare Document Tokens Attending Rare Semantic Match Document Tokens": 0.17594019303434244,
    "Very Rare Tokens Attending Rare Semantic Match Document Tokens": 0.17594019303434244,
    "Very Rare Document Tokens Attending All Tokens": -0.17414951080844515,
    "Very Rare Tokens Attending Rare Semantic Match Tokens": 0.1727545250486598,
    "Document Tokens Attending Rare Query Tokens": 0.17078966446677327,
    "Document Tokens Attending Very Rare Semantic Match Document Tokens": 0.17070611394702295,
    "All Tokens Attending Very Rare Semantic Match Document Tokens": 0.17070611394702295,
    "Rare Tokens Attending Very Rare Semantic Match Document Tokens": 0.17049693980119862,
    "Rare Document Tokens Attending Very Rare Semantic Match Document Tokens": 0.17049693980119862,
    "Rare Tokens Attending Rare Query Tokens": 0.16844022357234315,
    "All Tokens Attending Very Rare Semantic Match Tokens": 0.16837506620692294,
    "Rare Tokens Attending Very Rare Semantic Match Tokens": 0.16780347378757793,
    "Query Tokens Attending Very Rare Lexical Match Tokens": -0.16499190172912073,
    "Rare Query Tokens Attending Very Rare Lexical Match Tokens": -0.16499190172912073,
    "Very Rare Query Tokens Attending Lexical Match Query Tokens": -0.16499190172912073,
    "Very Rare Query Tokens Attending Lexical Match Tokens": -0.16499190172912073,
    "Very Rare Query Tokens Attending Very Rare Lexical Match Tokens": -0.16499190172912073,
    "Very Rare Query Tokens Attending Rare Lexical Match Query Tokens": -0.16499190172912073,
    "Very Rare Query Tokens Attending Very Rare Lexical Match Query Tokens": -0.16499190172912073,
    "Very Rare Query Tokens Attending Rare Lexical Match Tokens": -0.16499190172912073,
    "Rare Query Tokens Attending Very Rare Lexical Match Query Tokens": -0.16499190172912073,