{
    "Document Tokens Attending Rare Document Tokens": 0.5213896095758922,
    "All Tokens Attending Rare Document Tokens": 0.5213896095758922,
    "Document Tokens Attending Rare Tokens": 0.481297928932434,
    "All Tokens Attending Very Rare Document Tokens": 0.47739794173818884,
    "Document Tokens Attending Very Rare Document Tokens": 0.47739794173818884,
    "All Tokens Attending Rare Tokens": 0.4648543054935694,
    "Rare Tokens Attending Rare Document Tokens": 0.46230569307933206,
    "Rare Document Tokens Attending Rare Document Tokens": 0.46230569307933206,
    "Very Rare Tokens Attending Rare Document Tokens": 0.4547487492765765,
    "Very Rare Document Tokens Attending Rare Document Tokens": 0.4547487492765765,
    "Very Rare Document Tokens Attending Rare Tokens": 0.443614000409934,
    "Rare Document Tokens Attending Rare Tokens": 0.4418903675868123,
    "Rare Document Tokens Attending Very Rare Document Tokens": 0.4372130038178299,
    "Rare Tokens Attending Very Rare Document Tokens": 0.4372130038178299,
    "Document Tokens Attending Very Rare Tokens": 0.43276590021323547,
    "Rare Document Tokens Attending Very Rare Tokens": 0.4181016300761692,
    "Rare Tokens Attending Rare Tokens": 0.4175848575854336,
    "Very Rare Tokens Attending Rare Tokens": 0.41428514563068797,
    "All Tokens Attending Very Rare Tokens": 0.4142575988002282,
    "Very Rare Document Tokens Attending Very Rare Tokens": 0.4088735795136803,
    "Very Rare Document Tokens Attending Very Rare Document Tokens": 0.4004407156029226,
    "Very Rare Tokens Attending Very Rare Document Tokens": 0.4004407156029226,
    "Rare Tokens Attending Very Rare Tokens": 0.3898955529003482,
    "Very Rare Tokens Attending Very Rare Tokens": 0.37123225227515083,
    "Document Tokens Attending Very Rare Lexical Match Query Tokens": 0.30716447626095333,
    "Rare Document Tokens Attending Very Rare Lexical Match Query Tokens": 0.30716447626095333,
    "Very Rare Document Tokens Attending Lexical Match Query Tokens": 0.30716447626095333,
    "Very Rare Document Tokens Attending Very Rare Lexical Match Query Tokens": 0.30716447626095333,
    "Very Rare Document Tokens Attending Rare Lexical Match Query Tokens": 0.30716447626095333,
    "Very Rare Tokens Attending All Tokens": -0.30317509862499825,
    "Rare Document Tokens Attending Lexical Match Query Tokens": 0.30035438853975926,
    "Rare Document Tokens Attending Rare Lexical Match Query Tokens": 0.30035438853975926,
    "Document Tokens Attending Rare Lexical Match Query Tokens": 0.30035438853975926,
    "Rare Document Tokens Attending Semantic Match Tokens": 0.29146435300786816,
    "Document Tokens Attending Semantic Match Tokens": 0.2903558959681551,
    "Rare Document Tokens Attending Rare Semantic Match Query Tokens": 0.2895940124651088,
    "Document Tokens Attending Rare Semantic Match Tokens": 0.2895668681121281,
    "Document Tokens Attending Rare Semantic Match Query Tokens": 0.2892656650280891,
    "Rare Document Tokens Attending Semantic Match Query Tokens": 0.28849242390331664,
    "Rare Document Tokens Attending Rare Semantic Match Tokens": 0.2851333760325668,
    "Document Tokens Attending Semantic Match Query Tokens": 0.2835336535544634,
    "Very Rare Document Tokens Attending Rare Semantic Match Query Tokens": 0.27997435979343954,
    "Very Rare Document Tokens Attending Semantic Match Query Tokens": 0.2796343421766011,
    "Very Rare Document Tokens Attending Semantic Match Tokens": 0.27892155086732295,
    "Document Tokens Attending Very Rare Semantic Match Query Tokens": 0.27611163825625107,
    "Very Rare Document Tokens Attending Rare Semantic Match Tokens": 0.27572784724804056,
    "Rare Document Tokens Attending Very Rare Semantic Match Query Tokens": 0.27534785329983386,
    "Document Tokens Attending Very Rare Semantic Match Tokens": 0.27067684863708885,
    "Rare Document Tokens Attending Very Rare Semantic Match Tokens": 0.2701200795983748,
    "Very Rare Document Tokens Attending All Tokens": -0.2666418222980317,
    "Very Rare Document Tokens Attending Very Rare Semantic Match Query Tokens": 0.26507297448311606,
    "All Tokens Attending Semantic Match Document Tokens": 0.26423686145853637,
    "Document Tokens Attending Semantic Match Document Tokens": 0.26423686145853637,
    "Rare Document Tokens Attending Semantic Match Document Tokens": 0.26349162529997766,
    "Rare Tokens Attending Semantic Match Document Tokens": 0.26349162529997766,
    "Document Tokens Attending Rare Semantic Match Document Tokens": 0.2612693999633192,
    "All Tokens Attending Rare Semantic Match Document Tokens": 0.2612693999633192,
    "All Tokens Attending Semantic Match Tokens": 0.25983352180797675,
    "Rare Tokens Attending Semantic Match Tokens": 0.25944070812854814,
    "All Tokens Attending Rare Semantic Match Tokens": 0.25766874510417437,
    "Rare Tokens Attending Rare Semantic Match Document Tokens": 0.2572103202325401,
    "Rare Document Tokens Attending Rare Semantic Match Document Tokens": 0.2572103202325401,
    "Rare Tokens Attending Rare Semantic Match Tokens": 0.2535449963848711,
    "Very Rare Document Tokens Attending Very Rare Semantic Match Tokens": 0.24856081415273235,
    "Very Rare Document Tokens Attending Semantic Match Document Tokens": 0.24784607065368391,
    "Very Rare Tokens Attending Semantic Match Document Tokens": 0.24784607065368391,
    "Rare Document Tokens Attending All Tokens": -0.24703283110537402,
    "Very Rare Document Tokens Attending Rare Semantic Match Document Tokens": 0.24469976255963022,
    "Very Rare Tokens Attending Rare Semantic Match Document Tokens": 0.24469976255963022,
    "Very Rare Tokens Attending Semantic Match Tokens": 0.24269854097613797,
    "Rare Tokens Attending All Tokens": -0.2419190045083478,
    "Document Tokens Attending Very Rare Semantic Match Document Tokens": 0.23976297934919769,
    "All Tokens Attending Very Rare Semantic Match Document Tokens": 0.23976297934919769,
    "Rare Tokens Attending Very Rare Semantic Match Document Tokens": 0.2395611926559394,
    "Rare Document Tokens Attending Very Rare Semantic Match Document Tokens": 0.2395611926559394,
    "Very Rare Tokens Attending Rare Semantic Match Tokens": 0.2395075817607223,
    "All Tokens Attending Very Rare Semantic Match Tokens": 0.23560835429555788,
    "Rare Tokens Attending Very Rare Semantic Match Tokens": 0.2350010727791244,
    "Very Rare Document Tokens Attending Rare Query Tokens": 0.22417050935288046,
    "Very Rare Tokens Attending Very Rare Semantic Match Document Tokens": 0.2208934045159301,
    "Very Rare Document Tokens Attending Very Rare Semantic Match Document Tokens": 0.2208934045159301,
    "Very Rare Tokens Attending Very Rare Semantic Match Tokens": 0.21447276124508086,
    "Very Rare Document Tokens Attending Very Rare Query Tokens": 0.21166075569031695,
    "Rare Document Tokens Attending Lexical Match Tokens": 0.20941686671962556,
    "Document Tokens Attending Rare Lexical Match Tokens": 0.20941686671962556,
    "Rare Document Tokens Attending Rare Lexical Match Tokens": 0.20941686671962556,
    "Very Rare Document Tokens Attending Very Rare Lexical Match Tokens": 0.20619563112789363,
    "Very Rare Document Tokens Attending Rare Lexical Match Tokens": 0.20619563112789363,
    "Very Rare Document Tokens Attending Lexical Match Tokens": 0.20619563112789363,
    "Rare Document Tokens Attending Very Rare Lexical Match Tokens": 0.20619563112789363,
    "Document Tokens Attending Very Rare Lexical Match Tokens": 0.20619563112789363,
    "Rare Document Tokens Attending Rare Query Tokens": 0.18446072712345238,
    "All Tokens Attending Rare Lexical Match Document Tokens": 0.18427864147708956,
    "Rare Tokens Attending Lexical Match Document Tokens": 0.18427864147708956,
    "Rare Document Tokens Attending Lexical Match Document Tokens": 0.18427864147708956,