{
    "Rare Tokens Attending Document Tokens": -0.5014662756598239,
    "Rare Document Tokens Attending Document Tokens": -0.5014662756598239,
    "Rare Tokens Attending Query Tokens": 0.4897360703812316,
    "Very Rare Tokens Attending Query Tokens": 0.468841642228739,
    "Rare Tokens Attending Rare Query Tokens": 0.468841642228739,
    "Very Rare Document Tokens Attending Document Tokens": -0.4644428152492667,
    "Very Rare Tokens Attending Document Tokens": -0.4644428152492667,
    "All Tokens Attending Document Tokens": -0.4640762463343108,
    "All Tokens Attending Query Tokens": 0.4640762463343108,
    "Document Tokens Attending Document Tokens": -0.4640762463343108,
    "Rare Document Tokens Attending Query Tokens": 0.4560117302052785,
    "Very Rare Tokens Attending Rare Document Tokens": 0.4523460410557184,
    "Very Rare Document Tokens Attending Rare Document Tokens": 0.4523460410557184,
    "Rare Document Tokens Attending Rare Query Tokens": 0.4523460410557184,
    "Very Rare Tokens Attending Rare Query Tokens": 0.4461143695014662,
    "Very Rare Document Tokens Attending Rare Tokens": 0.4450146627565982,
    "Very Rare Document Tokens Attending Query Tokens": 0.44061583577712604,
    "Rare Document Tokens Attending Very Rare Tokens": 0.43768328445747795,
    "Rare Document Tokens Attending Rare Tokens": 0.4369501466275659,
    "Very Rare Tokens Attending Rare Tokens": 0.43438416422287385,
    "Rare Tokens Attending Rare Tokens": 0.43181818181818177,
    "Rare Tokens Attending Very Rare Query Tokens": 0.43108504398826974,
    "All Tokens Attending Rare Tokens": 0.4296187683284457,
    "Rare Document Tokens Attending Very Rare Query Tokens": 0.4270527859237536,
    "Very Rare Document Tokens Attending Rare Query Tokens": 0.4263196480938416,
    "Document Tokens Attending Rare Tokens": 0.4241202346041055,
    "Document Tokens Attending Query Tokens": 0.4226539589442815,
    "Rare Tokens Attending Rare Document Tokens": 0.4226539589442815,
    "Rare Document Tokens Attending Rare Document Tokens": 0.4226539589442815,
    "Document Tokens Attending Rare Document Tokens": 0.4222873900293254,
    "All Tokens Attending Rare Document Tokens": 0.4222873900293254,
    "All Tokens Attending Rare Query Tokens": 0.4208211143695014,
    "All Tokens Attending Very Rare Document Tokens": 0.4182551319648093,
    "Document Tokens Attending Very Rare Document Tokens": 0.4182551319648093,
    "Document Tokens Attending Rare Query Tokens": 0.4164222873900293,
    "Rare Tokens Attending Very Rare Tokens": 0.4160557184750733,
    "Very Rare Document Tokens Attending Very Rare Query Tokens": 0.41532258064516125,
    "Very Rare Document Tokens Attending Very Rare Tokens": 0.4087243401759531,
    "Very Rare Tokens Attending Very Rare Query Tokens": 0.3999266862170088,
    "All Tokens Attending Very Rare Tokens": 0.3929618768328445,
    "Document Tokens Attending Very Rare Tokens": 0.3896627565982404,
    "Very Rare Tokens Attending Very Rare Tokens": 0.3896627565982404,
    "Rare Document Tokens Attending Very Rare Document Tokens": 0.38306451612903225,
    "Rare Tokens Attending Very Rare Document Tokens": 0.38306451612903225,
    "Very Rare Document Tokens Attending Very Rare Document Tokens": 0.3541055718475073,
    "Very Rare Tokens Attending Very Rare Document Tokens": 0.3541055718475073,
    "Document Tokens Attending Very Rare Lexical Match Query Tokens": 0.3412756598240469,
    "Rare Document Tokens Attending Very Rare Lexical Match Query Tokens": 0.3412756598240469,
    "Very Rare Document Tokens Attending Lexical Match Query Tokens": 0.3412756598240469,
    "Very Rare Document Tokens Attending Very Rare Lexical Match Query Tokens": 0.3412756598240469,
    "Very Rare Document Tokens Attending Rare Lexical Match Query Tokens": 0.3412756598240469,
    "Rare Query Tokens Attending Query Tokens": 0.3225806451612903,
    "Rare Query Tokens Attending All Tokens": 0.3225806451612903,
    "Document Tokens Attending Very Rare Query Tokens": 0.31854838709677413,
    "Rare Document Tokens Attending Lexical Match Query Tokens": 0.314882697947214,
    "Rare Document Tokens Attending Rare Lexical Match Query Tokens": 0.314882697947214,
    "Document Tokens Attending Rare Lexical Match Query Tokens": 0.314882697947214,
    "Document Tokens Attending Semantic Match Query Tokens": 0.30975073313782986,
    "Rare Document Tokens Attending Semantic Match Query Tokens": 0.30938416422287385,
    "Document Tokens Attending Rare Semantic Match Query Tokens": 0.30938416422287385,
    "Rare Document Tokens Attending Rare Semantic Match Query Tokens": 0.30938416422287385,
    "Very Rare Document Tokens Attending Rare Semantic Match Query Tokens": 0.30388563049853373,
    "Document Tokens Attending Very Rare Semantic Match Query Tokens": 0.30388563049853373,
    "Very Rare Document Tokens Attending Semantic Match Query Tokens": 0.30388563049853373,
    "Rare Document Tokens Attending Very Rare Semantic Match Query Tokens": 0.30388563049853373,
    "All Tokens Attending Very Rare Query Tokens": 0.30131964809384165,
    "Query Tokens Attending All Tokens": 0.2947214076246334,
    "Document Tokens Attending All Tokens": -0.2947214076246334,
    "Query Tokens Attending Query Tokens": 0.2947214076246334,
    "Very Rare Document Tokens Attending Very Rare Semantic Match Query Tokens": 0.2910557184750733,
    "Rare Document Tokens Attending All Tokens": -0.2796920821114369,
    "Document Tokens Attending Lexical Match Query Tokens": 0.2785923753665689,
    "Very Rare Document Tokens Attending All Tokens": -0.26796187683284456,
    "Very Rare Query Tokens Attending All Tokens": 0.2602639296187683,
    "Very Rare Query Tokens Attending Query Tokens": 0.2602639296187683,
    "Very Rare Document Tokens Attending Semantic Match Tokens": 0.25,
    "Very Rare Document Tokens Attending Rare Semantic Match Tokens": 0.24340175953079177,
    "Very Rare Tokens Attending All Tokens": -0.23020527859237536,
    "Document Tokens Attending Very Rare Semantic Match Tokens": 0.2283724340175953,
    "Rare Document Tokens Attending Very Rare Semantic Match Tokens": 0.2283724340175953,
    "Query Tokens Attending Rare Query Tokens": 0.22690615835777125,
    "Query Tokens Attending Rare Tokens": 0.22690615835777125,
    "All Tokens Attending Semantic Match Query Tokens": 0.21737536656891493,
    "Query Tokens Attending Very Rare Lexical Match Tokens": -0.21590909090909088,
    "Rare Query Tokens Attending Very Rare Lexical Match Tokens": -0.21590909090909088,
    "Very Rare Query Tokens Attending Lexical Match Query Tokens": -0.21590909090909088,
    "Very Rare Query Tokens Attending Lexical Match Tokens": -0.21590909090909088,
    "Very Rare Query Tokens Attending Very Rare Lexical Match Tokens": -0.21590909090909088,
    "Very Rare Query Tokens Attending Rare Lexical Match Query Tokens": -0.21590909090909088,
    "Very Rare Query Tokens Attending Very Rare Lexical Match Query Tokens": -0.21590909090909088,
    "Very Rare Query Tokens Attending Rare Lexical Match Tokens": -0.21590909090909088,
    "Rare Query Tokens Attending Very Rare Lexical Match Query Tokens": -0.21590909090909088,
    "Query Tokens Attending Very Rare Lexical Match Query Tokens": -0.21590909090909088,
    "Rare Tokens Attending Semantic Match Query Tokens": 0.21517595307917886,
    "Rare Document Tokens Attending Semantic Match Tokens": 0.21407624633431083,
    "All Tokens Attending Rare Semantic Match Query Tokens": 0.21151026392961875,
    "Rare Tokens Attending Rare Semantic Match Query Tokens": 0.2104105571847507,
    "Document Tokens Attending Rare Semantic Match Tokens": 0.20417888563049855,
    "Very Rare Tokens Attending Rare Semantic Match Query Tokens": 0.2005131964809384,
    "Very Rare Tokens Attending Semantic Match Query Tokens": 0.2005131964809384,
    "Rare Tokens Attending Very Rare Semantic Match Query Tokens": 0.1997800586510264,
    "All Tokens Attending Very Rare Semantic Match Query Tokens": 0.1997800586510264,