{
    "Document Tokens Attending Rare Document Tokens": 0.4541788856304985,
    "All Tokens Attending Rare Document Tokens": 0.4541788856304985,
    "Very Rare Document Tokens Attending Rare Tokens": 0.44098240469208205,
    "Very Rare Tokens Attending Rare Tokens": 0.4288856304985337,
    "Rare Tokens Attending Rare Document Tokens": 0.42741935483870963,
    "Rare Document Tokens Attending Rare Document Tokens": 0.42741935483870963,
    "Very Rare Document Tokens Attending Rare Query Tokens": 0.4252199413489736,
    "Document Tokens Attending Rare Tokens": 0.4230205278592375,
    "Very Rare Document Tokens Attending Rare Semantic Match Tokens": 0.4219208211143694,
    "Very Rare Document Tokens Attending Semantic Match Tokens": 0.4219208211143694,
    "Rare Document Tokens Attending Very Rare Semantic Match Tokens": 0.4200879765395894,
    "Rare Document Tokens Attending Very Rare Tokens": 0.4200879765395894,
    "Rare Document Tokens Attending Rare Tokens": 0.4193548387096773,
    "Rare Document Tokens Attending Rare Semantic Match Tokens": 0.4175219941348973,
    "Document Tokens Attending Very Rare Semantic Match Tokens": 0.4167888563049853,
    "Document Tokens Attending Semantic Match Query Tokens": 0.4160557184750733,
    "Rare Document Tokens Attending Semantic Match Tokens": 0.41495601173020524,
    "Rare Document Tokens Attending Semantic Match Query Tokens": 0.41495601173020524,
    "Document Tokens Attending Rare Semantic Match Query Tokens": 0.41495601173020524,
    "Document Tokens Attending Rare Semantic Match Tokens": 0.41495601173020524,
    "Rare Document Tokens Attending Rare Semantic Match Query Tokens": 0.41495601173020524,
    "All Tokens Attending Very Rare Tokens": 0.4142228739002932,
    "Rare Tokens Attending Very Rare Tokens": 0.41202346041055715,
    "Rare Tokens Attending Rare Tokens": 0.41202346041055715,
    "All Tokens Attending Very Rare Document Tokens": 0.41165689149560114,
    "Document Tokens Attending Very Rare Document Tokens": 0.41165689149560114,
    "Document Tokens Attending Very Rare Tokens": 0.41165689149560114,
    "Rare Document Tokens Attending Very Rare Document Tokens": 0.4109237536656892,
    "Rare Tokens Attending Very Rare Document Tokens": 0.4109237536656892,
    "All Tokens Attending Rare Tokens": 0.406524926686217,
    "Document Tokens Attending Semantic Match Tokens": 0.40469208211143687,
    "Very Rare Tokens Attending Rare Document Tokens": 0.4035923753665689,
    "Very Rare Document Tokens Attending Rare Document Tokens": 0.4035923753665689,
    "Rare Document Tokens Attending Rare Query Tokens": 0.40285923753665687,
    "Very Rare Document Tokens Attending Very Rare Semantic Match Tokens": 0.4017595307917888,
    "Document Tokens Attending Rare Query Tokens": 0.4013929618768328,
    "Document Tokens Attending Very Rare Lexical Match Query Tokens": 0.4010263929618768,
    "Rare Document Tokens Attending Very Rare Lexical Match Query Tokens": 0.4010263929618768,
    "Very Rare Document Tokens Attending Lexical Match Query Tokens": 0.4010263929618768,
    "Very Rare Document Tokens Attending Very Rare Lexical Match Query Tokens": 0.4010263929618768,
    "Very Rare Document Tokens Attending Rare Lexical Match Query Tokens": 0.4010263929618768,
    "Very Rare Document Tokens Attending Very Rare Tokens": 0.3984604105571847,
    "Rare Document Tokens Attending Lexical Match Query Tokens": 0.3925953079178885,
    "Rare Document Tokens Attending Rare Lexical Match Query Tokens": 0.3925953079178885,
    "Document Tokens Attending Rare Lexical Match Query Tokens": 0.3925953079178885,
    "Very Rare Document Tokens Attending Rare Semantic Match Query Tokens": 0.3896627565982404,
    "Document Tokens Attending Very Rare Semantic Match Query Tokens": 0.3896627565982404,
    "Very Rare Document Tokens Attending Semantic Match Query Tokens": 0.3896627565982404,
    "Rare Document Tokens Attending Very Rare Semantic Match Query Tokens": 0.3896627565982404,
    "Very Rare Tokens Attending Very Rare Tokens": 0.38599706744868034,
    "All Tokens Attending Rare Query Tokens": 0.38599706744868034,
    "Very Rare Document Tokens Attending Very Rare Query Tokens": 0.38196480938416416,
    "Very Rare Document Tokens Attending Very Rare Document Tokens": 0.3793988269794721,
    "Very Rare Tokens Attending Very Rare Document Tokens": 0.3793988269794721,
    "Rare Tokens Attending Rare Semantic Match Document Tokens": 0.375366568914956,
    "Rare Document Tokens Attending Rare Semantic Match Document Tokens": 0.375366568914956,
    "Document Tokens Attending Rare Semantic Match Document Tokens": 0.36803519061583573,
    "All Tokens Attending Rare Semantic Match Document Tokens": 0.36803519061583573,
    "Very Rare Document Tokens Attending Very Rare Semantic Match Query Tokens": 0.3662023460410557,
    "Rare Document Tokens Attending Semantic Match Document Tokens": 0.3640029325513196,
    "Rare Tokens Attending Semantic Match Document Tokens": 0.3640029325513196,
    "Document Tokens Attending Very Rare Query Tokens": 0.36253665689149556,
    "All Tokens Attending Semantic Match Tokens": 0.36217008797653955,
    "Rare Document Tokens Attending Very Rare Query Tokens": 0.3614369501466275,
    "Rare Tokens Attending Semantic Match Tokens": 0.3610703812316715,
    "Rare Tokens Attending Rare Semantic Match Tokens": 0.3607038123167155,
    "Very Rare Document Tokens Attending Rare Semantic Match Document Tokens": 0.3574046920821114,
    "Very Rare Tokens Attending Rare Semantic Match Document Tokens": 0.3574046920821114,
    "Very Rare Document Tokens Attending Semantic Match Document Tokens": 0.3574046920821114,
    "Very Rare Tokens Attending Semantic Match Document Tokens": 0.3574046920821114,
    "All Tokens Attending Rare Semantic Match Tokens": 0.3574046920821114,
    "All Tokens Attending Semantic Match Document Tokens": 0.35630498533724336,
    "Document Tokens Attending Semantic Match Document Tokens": 0.35630498533724336,
    "Rare Document Tokens Attending Lexical Match Tokens": 0.3511730205278592,
    "Document Tokens Attending Rare Lexical Match Tokens": 0.3511730205278592,
    "Rare Document Tokens Attending Rare Lexical Match Tokens": 0.3511730205278592,
    "Rare Tokens Attending Very Rare Semantic Match Document Tokens": 0.3412756598240469,
    "Rare Document Tokens Attending Very Rare Semantic Match Document Tokens": 0.3412756598240469,
    "Very Rare Tokens Attending Semantic Match Tokens": 0.3390762463343108,
    "Rare Tokens Attending Rare Query Tokens": 0.3390762463343108,
    "Very Rare Tokens Attending Rare Query Tokens": 0.3376099706744868,
    "Rare Tokens Attending Very Rare Semantic Match Tokens": 0.33614369501466274,
    "Document Tokens Attending Very Rare Semantic Match Document Tokens": 0.33614369501466274,
    "All Tokens Attending Very Rare Semantic Match Document Tokens": 0.33614369501466274,
    "All Tokens Attending Very Rare Semantic Match Tokens": 0.33394428152492667,
    "Very Rare Tokens Attending Rare Semantic Match Tokens": 0.33394428152492667,
    "Very Rare Tokens Attending Very Rare Semantic Match Document Tokens": 0.33321114369501464,
    "Very Rare Document Tokens Attending Very Rare Semantic Match Document Tokens": 0.33321114369501464,
    "Very Rare Document Tokens Attending Very Rare Lexical Match Tokens": 0.32624633431085037,
    "Very Rare Document Tokens Attending Rare Lexical Match Tokens": 0.32624633431085037,
    "Very Rare Document Tokens Attending Lexical Match Tokens": 0.32624633431085037,
    "Rare Document Tokens Attending Very Rare Lexical Match Tokens": 0.32624633431085037,
    "Document Tokens Attending Very Rare Lexical Match Tokens": 0.32624633431085037,
    "Very Rare Tokens Attending Very Rare Semantic Match Tokens": 0.3233137829912023,
    "Very Rare Tokens Attending Very Rare Query Tokens": 0.3214809384164222,
    "All Tokens Attending Very Rare Query Tokens": 0.3203812316715542,