{
    "Document Tokens Attending Rare Document Tokens": 0.43768328445747795,
    "All Tokens Attending Rare Document Tokens": 0.43768328445747795,
    "Very Rare Document Tokens Attending Rare Tokens": 0.406524926686217,
    "Rare Tokens Attending Rare Document Tokens": 0.4050586510263929,
    "Rare Document Tokens Attending Rare Document Tokens": 0.4050586510263929,
    "All Tokens Attending Very Rare Document Tokens": 0.4013929618768328,
    "Document Tokens Attending Very Rare Document Tokens": 0.4013929618768328,
    "Rare Document Tokens Attending Rare Semantic Match Tokens": 0.3944281524926686,
    "Rare Document Tokens Attending Very Rare Document Tokens": 0.3925953079178885,
    "Very Rare Tokens Attending Rare Tokens": 0.3925953079178885,
    "Rare Tokens Attending Very Rare Document Tokens": 0.3925953079178885,
    "Document Tokens Attending Rare Tokens": 0.3914956011730205,
    "Rare Document Tokens Attending Semantic Match Tokens": 0.3911290322580645,
    "Document Tokens Attending Rare Semantic Match Tokens": 0.3911290322580645,
    "Very Rare Document Tokens Attending Rare Semantic Match Tokens": 0.3896627565982404,
    "Very Rare Document Tokens Attending Semantic Match Tokens": 0.3896627565982404,
    "Rare Document Tokens Attending Rare Tokens": 0.38782991202346034,
    "Rare Document Tokens Attending Very Rare Semantic Match Tokens": 0.38782991202346034,
    "All Tokens Attending Very Rare Tokens": 0.3867302052785923,
    "Rare Document Tokens Attending Very Rare Tokens": 0.3867302052785923,
    "Document Tokens Attending Very Rare Semantic Match Tokens": 0.38416422287390023,
    "Document Tokens Attending Very Rare Tokens": 0.38306451612903225,
    "Document Tokens Attending Semantic Match Tokens": 0.38196480938416416,
    "Rare Tokens Attending Very Rare Tokens": 0.3808651026392961,
    "Rare Tokens Attending Rare Tokens": 0.37976539589442815,
    "Very Rare Tokens Attending Rare Document Tokens": 0.37866568914956006,
    "Very Rare Document Tokens Attending Rare Document Tokens": 0.37866568914956006,
    "All Tokens Attending Rare Tokens": 0.376099706744868,
    "Very Rare Document Tokens Attending Very Rare Semantic Match Tokens": 0.3720674486803519,
    "Very Rare Document Tokens Attending Rare Query Tokens": 0.3717008797653959,
    "Rare Tokens Attending Rare Semantic Match Document Tokens": 0.3698680351906158,
    "Rare Document Tokens Attending Rare Semantic Match Document Tokens": 0.3698680351906158,
    "Very Rare Document Tokens Attending Very Rare Tokens": 0.36510263929618764,
    "Very Rare Document Tokens Attending Very Rare Document Tokens": 0.36253665689149556,
    "Very Rare Tokens Attending Very Rare Document Tokens": 0.36253665689149556,
    "Document Tokens Attending Rare Semantic Match Document Tokens": 0.36180351906158353,
    "All Tokens Attending Rare Semantic Match Document Tokens": 0.36180351906158353,
    "Rare Document Tokens Attending Semantic Match Document Tokens": 0.35887096774193544,
    "Rare Tokens Attending Semantic Match Document Tokens": 0.35887096774193544,
    "Document Tokens Attending Semantic Match Query Tokens": 0.3566715542521994,
    "Rare Document Tokens Attending Semantic Match Query Tokens": 0.35557184750733134,
    "Document Tokens Attending Rare Query Tokens": 0.35557184750733134,
    "Document Tokens Attending Rare Semantic Match Query Tokens": 0.35557184750733134,
    "Rare Document Tokens Attending Rare Semantic Match Query Tokens": 0.35557184750733134,
    "All Tokens Attending Semantic Match Document Tokens": 0.35337243401759527,
    "Document Tokens Attending Semantic Match Document Tokens": 0.35337243401759527,
    "Very Rare Tokens Attending Very Rare Tokens": 0.35153958944281516,
    "Rare Document Tokens Attending Rare Query Tokens": 0.34934017595307915,
    "Very Rare Document Tokens Attending Rare Semantic Match Document Tokens": 0.3478739002932551,
    "Very Rare Tokens Attending Rare Semantic Match Document Tokens": 0.3478739002932551,
    "Very Rare Document Tokens Attending Semantic Match Document Tokens": 0.3478739002932551,
    "Very Rare Tokens Attending Semantic Match Document Tokens": 0.3478739002932551,
    "All Tokens Attending Semantic Match Tokens": 0.3383431085043988,
    "All Tokens Attending Rare Query Tokens": 0.3376099706744868,
    "Document Tokens Attending Very Rare Lexical Match Query Tokens": 0.33687683284457476,
    "Rare Document Tokens Attending Very Rare Lexical Match Query Tokens": 0.33687683284457476,
    "Rare Tokens Attending Semantic Match Tokens": 0.33687683284457476,
    "Very Rare Document Tokens Attending Lexical Match Query Tokens": 0.33687683284457476,
    "Very Rare Document Tokens Attending Very Rare Lexical Match Query Tokens": 0.33687683284457476,
    "Very Rare Document Tokens Attending Rare Lexical Match Query Tokens": 0.33687683284457476,
    "Rare Tokens Attending Rare Semantic Match Tokens": 0.33651026392961875,
    "All Tokens Attending Rare Semantic Match Tokens": 0.33357771260997066,
    "Rare Tokens Attending Very Rare Semantic Match Document Tokens": 0.3321114369501466,
    "Rare Document Tokens Attending Very Rare Semantic Match Document Tokens": 0.3321114369501466,
    "Rare Document Tokens Attending Lexical Match Tokens": 0.3310117302052786,
    "Document Tokens Attending Rare Lexical Match Tokens": 0.3310117302052786,
    "Rare Document Tokens Attending Rare Lexical Match Tokens": 0.3310117302052786,
    "Rare Document Tokens Attending Lexical Match Query Tokens": 0.3291788856304985,
    "Rare Document Tokens Attending Rare Lexical Match Query Tokens": 0.3291788856304985,
    "Document Tokens Attending Rare Lexical Match Query Tokens": 0.3291788856304985,
    "Very Rare Document Tokens Attending Rare Semantic Match Query Tokens": 0.3288123167155425,
    "Document Tokens Attending Very Rare Semantic Match Query Tokens": 0.3288123167155425,
    "Very Rare Document Tokens Attending Semantic Match Query Tokens": 0.3288123167155425,
    "Rare Document Tokens Attending Very Rare Semantic Match Query Tokens": 0.3288123167155425,
    "Very Rare Tokens Attending Very Rare Semantic Match Document Tokens": 0.3280791788856305,
    "Document Tokens Attending Very Rare Semantic Match Document Tokens": 0.3280791788856305,
    "All Tokens Attending Very Rare Semantic Match Document Tokens": 0.3280791788856305,
    "Very Rare Document Tokens Attending Very Rare Semantic Match Document Tokens": 0.3280791788856305,
    "Very Rare Document Tokens Attending Very Rare Query Tokens": 0.32368035190615835,
    "Document Tokens Attending Very Rare Query Tokens": 0.3112170087976539,
    "Very Rare Tokens Attending Semantic Match Tokens": 0.30901759530791784,
    "Rare Tokens Attending Very Rare Semantic Match Tokens": 0.30608504398826974,
    "Very Rare Tokens Attending Rare Semantic Match Tokens": 0.3049853372434017,
    "All Tokens Attending Very Rare Semantic Match Tokens": 0.30388563049853373,
    "Very Rare Document Tokens Attending Very Rare Semantic Match Query Tokens": 0.30388563049853373,
    "Rare Document Tokens Attending Very Rare Query Tokens": 0.3016862170087976,
    "Very Rare Document Tokens Attending Very Rare Lexical Match Tokens": 0.2987536656891495,
    "Very Rare Document Tokens Attending Rare Lexical Match Tokens": 0.2987536656891495,
    "Very Rare Document Tokens Attending Lexical Match Tokens": 0.2987536656891495,
    "Rare Document Tokens Attending Very Rare Lexical Match Tokens": 0.2987536656891495,
    "Document Tokens Attending Very Rare Lexical Match Tokens": 0.2987536656891495,
    "Very Rare Tokens Attending Very Rare Semantic Match Tokens": 0.2965542521994135,
    "Very Rare Tokens Attending Rare Query Tokens": 0.2859237536656891,
    "Rare Tokens Attending Rare Query Tokens": 0.28372434017595305,
    "All Tokens Attending Very Rare Query Tokens": 0.27126099706744866,
    "Rare Tokens Attending Rare Semantic Match Query Tokens": 0.2694281524926686,