{
    "Document Tokens Attending Rare Tokens": -0.8742368742368741,
    "All Tokens Attending Rare Tokens": -0.8736263736263736,
    "Rare Document Tokens Attending Rare Tokens": -0.8528693528693528,
    "Rare Tokens Attending Rare Tokens": -0.8443223443223443,
    "Very Rare Document Tokens Attending Rare Tokens": -0.8406593406593406,
    "Document Tokens Attending Lexical Match Query Tokens": -0.8388278388278387,
    "Very Rare Tokens Attending Rare Tokens": -0.8327228327228328,
    "Very Rare Tokens Attending Very Rare Query Tokens": -0.8070818070818071,
    "Very Rare Tokens Attending Rare Query Tokens": -0.8046398046398046,
    "Rare Tokens Attending Very Rare Query Tokens": -0.8003663003663004,
    "Rare Tokens Attending Rare Query Tokens": -0.7832722832722833,
    "All Tokens Attending Semantic Match Query Tokens": -0.7826617826617827,
    "Rare Tokens Attending Rare Semantic Match Query Tokens": -0.7771672771672772,
    "Rare Tokens Attending Semantic Match Query Tokens": -0.7771672771672772,
    "All Tokens Attending Rare Semantic Match Query Tokens": -0.7728937728937728,
    "Rare Document Tokens Attending Semantic Match Query Tokens": -0.7704517704517704,
    "Rare Document Tokens Attending Lexical Match Query Tokens": -0.7704517704517704,
    "Rare Document Tokens Attending Rare Lexical Match Query Tokens": -0.7704517704517704,
    "Document Tokens Attending Rare Semantic Match Query Tokens": -0.7704517704517704,
    "Rare Document Tokens Attending Rare Semantic Match Query Tokens": -0.7704517704517704,
    "Document Tokens Attending Rare Lexical Match Query Tokens": -0.7704517704517704,
    "Document Tokens Attending Semantic Match Query Tokens": -0.7698412698412698,
    "All Tokens Attending Very Rare Query Tokens": -0.7692307692307693,
    "Very Rare Document Tokens Attending Rare Semantic Match Query Tokens": -0.7649572649572649,
    "Very Rare Document Tokens Attending Semantic Match Query Tokens": -0.7649572649572649,
    "Very Rare Tokens Attending All Tokens": -0.7612942612942613,
    "Very Rare Tokens Attending Rare Semantic Match Query Tokens": -0.7612942612942613,
    "Very Rare Tokens Attending Semantic Match Query Tokens": -0.7612942612942613,
    "All Tokens Attending Rare Query Tokens": -0.7606837606837606,
    "Document Tokens Attending Very Rare Lexical Match Query Tokens": -0.7570207570207569,
    "Rare Document Tokens Attending Very Rare Lexical Match Query Tokens": -0.7570207570207569,
    "Very Rare Document Tokens Attending Lexical Match Query Tokens": -0.7570207570207569,
    "Very Rare Document Tokens Attending Very Rare Lexical Match Query Tokens": -0.7570207570207569,
    "Very Rare Document Tokens Attending Rare Lexical Match Query Tokens": -0.7570207570207569,
    "Document Tokens Attending Very Rare Semantic Match Query Tokens": -0.7564102564102564,
    "Rare Document Tokens Attending Very Rare Semantic Match Query Tokens": -0.7564102564102564,
    "Very Rare Tokens Attending Query Tokens": -0.7527472527472527,
    "Very Rare Document Tokens Attending All Tokens": -0.7503052503052503,
    "Rare Tokens Attending Very Rare Semantic Match Query Tokens": -0.7472527472527473,
    "All Tokens Attending Very Rare Semantic Match Query Tokens": -0.7472527472527473,
    "Rare Document Tokens Attending Very Rare Query Tokens": -0.7448107448107448,
    "Very Rare Document Tokens Attending Very Rare Semantic Match Query Tokens": -0.742979242979243,
    "Very Rare Document Tokens Attending Very Rare Query Tokens": -0.7423687423687424,
    "Rare Document Tokens Attending All Tokens": -0.73992673992674,
    "Very Rare Document Tokens Attending Rare Query Tokens": -0.7368742368742369,
    "Very Rare Tokens Attending Very Rare Semantic Match Query Tokens": -0.735042735042735,
    "Rare Tokens Attending Query Tokens": -0.7344322344322345,
    "Rare Tokens Attending Lexical Match Query Tokens": -0.7264957264957265,
    "All Tokens Attending Rare Lexical Match Query Tokens": -0.7264957264957265,
    "Rare Tokens Attending Rare Lexical Match Query Tokens": -0.7264957264957265,
    "Document Tokens Attending Very Rare Query Tokens": -0.7252747252747253,
    "All Tokens Attending Document Tokens": 0.7228327228327228,
    "All Tokens Attending Query Tokens": -0.7228327228327228,
    "Document Tokens Attending Document Tokens": 0.7228327228327228,
    "Rare Document Tokens Attending Rare Query Tokens": -0.7185592185592186,
    "Very Rare Tokens Attending Lexical Match Query Tokens": -0.7112332112332113,
    "All Tokens Attending Very Rare Lexical Match Query Tokens": -0.7112332112332113,
    "Very Rare Tokens Attending Very Rare Lexical Match Query Tokens": -0.7112332112332113,
    "Very Rare Tokens Attending Rare Lexical Match Query Tokens": -0.7112332112332113,
    "Rare Tokens Attending Very Rare Lexical Match Query Tokens": -0.7112332112332113,
    "Rare Tokens Attending All Tokens": -0.7106227106227105,
    "Document Tokens Attending Very Rare Tokens": -0.699023199023199,
    "Document Tokens Attending Rare Query Tokens": -0.6929181929181929,
    "All Tokens Attending Very Rare Tokens": -0.6813186813186813,
    "Rare Tokens Attending Document Tokens": 0.6788766788766789,
    "Rare Document Tokens Attending Document Tokens": 0.6788766788766789,
    "All Tokens Attending Lexical Match Query Tokens": -0.6788766788766789,
    "Very Rare Document Tokens Attending Query Tokens": -0.6758241758241758,
    "Very Rare Document Tokens Attending Document Tokens": 0.673992673992674,
    "Rare Document Tokens Attending Query Tokens": -0.673992673992674,
    "Very Rare Tokens Attending Document Tokens": 0.673992673992674,
    "Document Tokens Attending Query Tokens": -0.6501831501831502,
    "Rare Tokens Attending Very Rare Tokens": -0.6336996336996337,
    "Rare Document Tokens Attending Very Rare Tokens": -0.6288156288156289,
    "Very Rare Document Tokens Attending Very Rare Tokens": -0.5128205128205128,
    "Very Rare Tokens Attending Very Rare Tokens": -0.5042735042735043,
    "Rare Tokens Attending Rare Document Tokens": -0.5006105006105006,
    "Rare Document Tokens Attending Rare Document Tokens": -0.5006105006105006,
    "Very Rare Tokens Attending Rare Document Tokens": -0.48107448107448103,
    "Very Rare Document Tokens Attending Rare Document Tokens": -0.48107448107448103,
    "Query Tokens Attending Rare Query Tokens": -0.43223443223443225,
    "Query Tokens Attending Rare Tokens": -0.43223443223443225,
    "Document Tokens Attending Rare Document Tokens": -0.42490842490842484,
    "All Tokens Attending Rare Document Tokens": -0.42490842490842484,
    "Query Tokens Attending All Tokens": -0.3974358974358974,
    "Document Tokens Attending All Tokens": 0.3974358974358974,
    "Query Tokens Attending Query Tokens": -0.3974358974358974,
    "Rare Query Tokens Attending Query Tokens": -0.38949938949938945,
    "Rare Query Tokens Attending All Tokens": -0.38949938949938945,
    "Rare Query Tokens Attending Rare Tokens": -0.3882783882783883,
    "Rare Query Tokens Attending Rare Query Tokens": -0.3882783882783883,
    "Query Tokens Attending Semantic Match Tokens": -0.35225885225885223,
    "Query Tokens Attending Semantic Match Query Tokens": -0.35225885225885223,
    "Rare Query Tokens Attending Rare Semantic Match Query Tokens": -0.34371184371184366,
    "Rare Query Tokens Attending Semantic Match Tokens": -0.34371184371184366,
    "Query Tokens Attending Rare Semantic Match Query Tokens": -0.34371184371184366,
    "Rare Query Tokens Attending Rare Semantic Match Tokens": -0.34371184371184366,
    "Query Tokens Attending Rare Semantic Match Tokens": -0.34371184371184366,
    "Rare Query Tokens Attending Semantic Match Query Tokens": -0.34371184371184366,
    "Very Rare Document Tokens Attending Very Rare Document Tokens": -0.336996336996337,
    "Very Rare Tokens Attending Very Rare Document Tokens": -0.336996336996337,
    "Rare Tokens Attending Rare Lexical Match Tokens": -0.32722832722832723,