{
    "Document Tokens Attending Rare Query Tokens": 0.4161989450118066,
    "All Tokens Attending Rare Query Tokens": 0.41027890882024265,
    "Very Rare Document Tokens Attending Rare Query Tokens": 0.40593777483242366,
    "Rare Document Tokens Attending Rare Query Tokens": 0.403099005601818,
    "Document Tokens Attending Very Rare Query Tokens": 0.402640578251939,
    "Document Tokens Attending Semantic Match Query Tokens": 0.3943296508305204,
    "Document Tokens Attending Query Tokens": 0.3940198028995687,
    "Document Tokens Attending Rare Semantic Match Query Tokens": 0.393721567061898,
    "Rare Document Tokens Attending Semantic Match Query Tokens": 0.39318674436739953,
    "Rare Document Tokens Attending Rare Semantic Match Query Tokens": 0.3927014291656695,
    "Very Rare Document Tokens Attending Very Rare Query Tokens": 0.3905738097746494,
    "All Tokens Attending Very Rare Query Tokens": 0.3901495634367904,
    "Document Tokens Attending Lexical Match Query Tokens": 0.38709596495600895,
    "Rare Document Tokens Attending Very Rare Query Tokens": 0.38639132921560904,
    "Very Rare Document Tokens Attending Query Tokens": 0.3841071869202131,
    "All Tokens Attending Query Tokens": 0.38127780262370026,
    "All Tokens Attending Document Tokens": -0.3812609706806714,
    "Document Tokens Attending Document Tokens": -0.3812609706806714,
    "Rare Tokens Attending Rare Query Tokens": 0.38100218773151173,
    "Rare Document Tokens Attending Lexical Match Query Tokens": 0.3774895118126108,
    "Rare Document Tokens Attending Rare Lexical Match Query Tokens": 0.3774895118126108,
    "Document Tokens Attending Rare Lexical Match Query Tokens": 0.3774895118126108,
    "Rare Document Tokens Attending Query Tokens": 0.375991438834511,
    "Very Rare Tokens Attending Rare Query Tokens": 0.3749302246529043,
    "Very Rare Document Tokens Attending Semantic Match Query Tokens": 0.37262220934874246,
    "Very Rare Document Tokens Attending Rare Semantic Match Query Tokens": 0.3720585871873531,
    "Document Tokens Attending Very Rare Semantic Match Query Tokens": 0.36816892352444824,
    "Rare Document Tokens Attending Very Rare Semantic Match Query Tokens": 0.3676555030405732,
    "Rare Tokens Attending Document Tokens": -0.3644223296192233,
    "Rare Document Tokens Attending Document Tokens": -0.3644223296192233,
    "Very Rare Document Tokens Attending Very Rare Semantic Match Query Tokens": 0.3639731420715232,
    "Rare Tokens Attending Query Tokens": 0.3605261624652239,
    "Very Rare Tokens Attending Query Tokens": 0.35983246090305043,
    "Document Tokens Attending Very Rare Lexical Match Query Tokens": 0.3580680442262878,
    "Rare Document Tokens Attending Very Rare Lexical Match Query Tokens": 0.3580680442262878,
    "Very Rare Document Tokens Attending Lexical Match Query Tokens": 0.3580680442262878,
    "Very Rare Document Tokens Attending Very Rare Lexical Match Query Tokens": 0.3580680442262878,
    "Very Rare Document Tokens Attending Rare Lexical Match Query Tokens": 0.3580680442262878,
    "Rare Tokens Attending Very Rare Query Tokens": 0.35169267561281353,
    "Very Rare Document Tokens Attending Document Tokens": -0.350593112034634,
    "Very Rare Tokens Attending Document Tokens": -0.350593112034634,
    "All Tokens Attending Very Rare Document Tokens": -0.34820358014327185,
    "Document Tokens Attending Very Rare Document Tokens": -0.34820358014327185,
    "Very Rare Tokens Attending Very Rare Query Tokens": 0.32399561999586546,
    "Document Tokens Attending Lexical Match Document Tokens": -0.3134459987999828,
    "All Tokens Attending Lexical Match Document Tokens": -0.3134459987999828,
    "Rare Document Tokens Attending Very Rare Document Tokens": -0.302298338768257,
    "Rare Tokens Attending Very Rare Document Tokens": -0.302298338768257,
    "Very Rare Document Tokens Attending Very Rare Document Tokens": -0.2835123892331618,
    "Very Rare Tokens Attending Very Rare Document Tokens": -0.2835123892331618,
    "Document Tokens Attending Lexical Match Tokens": -0.25575320977197663,
    "Very Rare Document Tokens Attending All Tokens": 0.24750096529221058,
    "All Tokens Attending Semantic Match Document Tokens": -0.23928128871108495,
    "Document Tokens Attending Semantic Match Document Tokens": -0.23928128871108495,
    "Document Tokens Attending Rare Semantic Match Document Tokens": -0.23643216897576277,
    "All Tokens Attending Rare Semantic Match Document Tokens": -0.23643216897576277,
    "Rare Document Tokens Attending Semantic Match Document Tokens": -0.23602848779568872,
    "Rare Tokens Attending Semantic Match Document Tokens": -0.23602848779568872,
    "Rare Tokens Attending Rare Semantic Match Document Tokens": -0.2332322803620629,
    "Rare Document Tokens Attending Rare Semantic Match Document Tokens": -0.2332322803620629,
    "Document Tokens Attending Very Rare Semantic Match Document Tokens": -0.22421234030942094,
    "All Tokens Attending Very Rare Semantic Match Document Tokens": -0.22421234030942094,
    "All Tokens Attending Lexical Match Tokens": -0.2232272324912446,
    "Rare Tokens Attending Very Rare Semantic Match Document Tokens": -0.22203063755327207,
    "Rare Document Tokens Attending Very Rare Semantic Match Document Tokens": -0.22203063755327207,
    "Very Rare Document Tokens Attending Semantic Match Document Tokens": -0.22046967897486575,
    "Very Rare Tokens Attending Semantic Match Document Tokens": -0.22046967897486575,
    "Very Rare Document Tokens Attending Rare Semantic Match Document Tokens": -0.21931004783735475,
    "Very Rare Tokens Attending Rare Semantic Match Document Tokens": -0.21931004783735475,
    "Very Rare Tokens Attending Very Rare Semantic Match Document Tokens": -0.21328502305255287,
    "Very Rare Document Tokens Attending Very Rare Semantic Match Document Tokens": -0.21328502305255287,
    "All Tokens Attending Rare Lexical Match Document Tokens": -0.21190140423594386,
    "Rare Tokens Attending Lexical Match Document Tokens": -0.21190140423594386,
    "Rare Document Tokens Attending Lexical Match Document Tokens": -0.21190140423594386,
    "Rare Tokens Attending Rare Lexical Match Document Tokens": -0.21190140423594386,
    "Rare Document Tokens Attending Rare Lexical Match Document Tokens": -0.21190140423594386,
    "Document Tokens Attending Rare Lexical Match Document Tokens": -0.21190140423594386,
    "Rare Tokens Attending Very Rare Lexical Match Document Tokens": -0.201663628935967,
    "Very Rare Document Tokens Attending Rare Lexical Match Document Tokens": -0.201663628935967,
    "Very Rare Tokens Attending Rare Lexical Match Document Tokens": -0.201663628935967,
    "Document Tokens Attending Very Rare Lexical Match Document Tokens": -0.201663628935967,
    "Very Rare Tokens Attending Lexical Match Document Tokens": -0.201663628935967,
    "All Tokens Attending Very Rare Lexical Match Document Tokens": -0.201663628935967,
    "Very Rare Document Tokens Attending Lexical Match Document Tokens": -0.201663628935967,
    "Rare Document Tokens Attending Very Rare Lexical Match Document Tokens": -0.201663628935967,
    "Very Rare Tokens Attending Very Rare Lexical Match Document Tokens": -0.201663628935967,
    "Very Rare Document Tokens Attending Very Rare Lexical Match Document Tokens": -0.201663628935967,
    "All Tokens Attending Rare Semantic Match Query Tokens": 0.19515930423796463,
    "Rare Tokens Attending Semantic Match Query Tokens": 0.19454463702342203,
    "All Tokens Attending Semantic Match Query Tokens": 0.19433023390530996,
    "Rare Tokens Attending Rare Semantic Match Query Tokens": 0.19110284220625562,
    "Very Rare Tokens Attending All Tokens": 0.18776139475566198,
    "Rare Tokens Attending All Tokens": 0.17884974200278603,
    "Document Tokens Attending Rare Tokens": 0.17874247570362234,
    "All Tokens Attending Rare Tokens": 0.17654390843278744,
    "Rare Document Tokens Attending All Tokens": 0.17378211350419664,