{
    "All Tokens Attending Very Rare Document Tokens": -0.3540400726472862,
    "Document Tokens Attending Very Rare Document Tokens": -0.3540400726472862,
    "Document Tokens Attending Lexical Match Document Tokens": -0.34490820034147757,
    "All Tokens Attending Lexical Match Document Tokens": -0.34490820034147757,
    "Document Tokens Attending Rare Query Tokens": 0.34448032243240223,
    "Rare Document Tokens Attending Very Rare Document Tokens": -0.33111187896875516,
    "Rare Tokens Attending Very Rare Document Tokens": -0.33111187896875516,
    "All Tokens Attending Rare Query Tokens": 0.3298330244832053,
    "Very Rare Document Tokens Attending Rare Query Tokens": 0.32979729218551807,
    "Document Tokens Attending Very Rare Query Tokens": 0.3280604829597564,
    "Rare Document Tokens Attending Rare Query Tokens": 0.3278484103942315,
    "Document Tokens Attending Query Tokens": 0.3261268056769189,
    "Very Rare Document Tokens Attending Very Rare Document Tokens": -0.3241405526971088,
    "Very Rare Tokens Attending Very Rare Document Tokens": -0.3241405526971088,
    "Document Tokens Attending Semantic Match Query Tokens": 0.31449997789074985,
    "Document Tokens Attending Rare Semantic Match Query Tokens": 0.31376469373906846,
    "Rare Document Tokens Attending Semantic Match Query Tokens": 0.31321549995058356,
    "Very Rare Document Tokens Attending Query Tokens": 0.31272081128179674,
    "Rare Document Tokens Attending Rare Semantic Match Query Tokens": 0.3127011298971437,
    "Very Rare Document Tokens Attending Very Rare Query Tokens": 0.31113061657841845,
    "Rare Document Tokens Attending Very Rare Query Tokens": 0.3083103507642375,
    "Document Tokens Attending Lexical Match Query Tokens": 0.30720558504695405,
    "All Tokens Attending Very Rare Query Tokens": 0.30566903648281807,
    "Rare Document Tokens Attending Query Tokens": 0.3053326989973654,
    "All Tokens Attending Query Tokens": 0.30258454939951324,
    "All Tokens Attending Document Tokens": -0.3025660731771794,
    "Document Tokens Attending Document Tokens": -0.3025660731771794,
    "Document Tokens Attending Lexical Match Tokens": -0.29682975933183225,
    "Rare Document Tokens Attending Lexical Match Query Tokens": 0.2963099866965071,
    "Rare Document Tokens Attending Rare Lexical Match Query Tokens": 0.2963099866965071,
    "Document Tokens Attending Rare Lexical Match Query Tokens": 0.2963099866965071,
    "Rare Tokens Attending Document Tokens": -0.2945779313957241,
    "Rare Document Tokens Attending Document Tokens": -0.2945779313957241,
    "Rare Tokens Attending Rare Query Tokens": 0.2944205025283343,
    "Very Rare Document Tokens Attending Semantic Match Query Tokens": 0.29200528068187837,
    "Very Rare Document Tokens Attending Rare Semantic Match Query Tokens": 0.29142383553057594,
    "All Tokens Attending Semantic Match Document Tokens": -0.28915821378491574,
    "Document Tokens Attending Semantic Match Document Tokens": -0.28915821378491574,
    "Document Tokens Attending Very Rare Semantic Match Query Tokens": 0.2877489280285341,
    "Very Rare Tokens Attending Rare Query Tokens": 0.2873332088737378,
    "Rare Document Tokens Attending Very Rare Semantic Match Query Tokens": 0.2872319530637216,
    "Document Tokens Attending Rare Semantic Match Document Tokens": -0.28637608207753495,
    "All Tokens Attending Rare Semantic Match Document Tokens": -0.28637608207753495,
    "Rare Document Tokens Attending Semantic Match Document Tokens": -0.28629724181820937,
    "Rare Tokens Attending Semantic Match Document Tokens": -0.28629724181820937,
    "Rare Tokens Attending Rare Semantic Match Document Tokens": -0.28371740030906817,
    "Rare Document Tokens Attending Rare Semantic Match Document Tokens": -0.28371740030906817,
    "Very Rare Document Tokens Attending Very Rare Semantic Match Query Tokens": 0.2833546987336246,
    "Very Rare Document Tokens Attending Document Tokens": -0.2796780921976047,
    "Very Rare Tokens Attending Document Tokens": -0.2796780921976047,
    "Rare Tokens Attending Query Tokens": 0.2785334760410534,
    "Very Rare Tokens Attending Query Tokens": 0.2769969934969162,
    "Document Tokens Attending Very Rare Semantic Match Document Tokens": -0.2769258928386993,
    "All Tokens Attending Very Rare Semantic Match Document Tokens": -0.2769258928386993,
    "Document Tokens Attending Very Rare Lexical Match Query Tokens": 0.27647907083433604,
    "Rare Document Tokens Attending Very Rare Lexical Match Query Tokens": 0.27647907083433604,
    "Very Rare Document Tokens Attending Lexical Match Query Tokens": 0.27647907083433604,
    "Very Rare Document Tokens Attending Very Rare Lexical Match Query Tokens": 0.27647907083433604,
    "Very Rare Document Tokens Attending Rare Lexical Match Query Tokens": 0.27647907083433604,
    "Rare Tokens Attending Very Rare Semantic Match Document Tokens": -0.27535588965264934,
    "Rare Document Tokens Attending Very Rare Semantic Match Document Tokens": -0.27535588965264934,
    "Very Rare Document Tokens Attending Semantic Match Document Tokens": -0.2739213935332141,
    "Very Rare Tokens Attending Semantic Match Document Tokens": -0.2739213935332141,
    "Very Rare Document Tokens Attending Rare Semantic Match Document Tokens": -0.2728277293769713,
    "Very Rare Tokens Attending Rare Semantic Match Document Tokens": -0.2728277293769713,
    "Very Rare Tokens Attending Very Rare Semantic Match Document Tokens": -0.2676978209165418,
    "Very Rare Document Tokens Attending Very Rare Semantic Match Document Tokens": -0.2676978209165418,
    "All Tokens Attending Lexical Match Tokens": -0.2674031026138346,
    "All Tokens Attending Rare Lexical Match Document Tokens": -0.2660018124335051,
    "Rare Tokens Attending Lexical Match Document Tokens": -0.2660018124335051,
    "Rare Document Tokens Attending Lexical Match Document Tokens": -0.2660018124335051,
    "Rare Tokens Attending Rare Lexical Match Document Tokens": -0.2660018124335051,
    "Rare Document Tokens Attending Rare Lexical Match Document Tokens": -0.2660018124335051,
    "Document Tokens Attending Rare Lexical Match Document Tokens": -0.2660018124335051,
    "Rare Tokens Attending Very Rare Query Tokens": 0.2620702669925494,
    "Rare Tokens Attending Very Rare Lexical Match Document Tokens": -0.2580110609280232,
    "Very Rare Document Tokens Attending Rare Lexical Match Document Tokens": -0.2580110609280232,
    "Very Rare Tokens Attending Rare Lexical Match Document Tokens": -0.2580110609280232,
    "Document Tokens Attending Very Rare Lexical Match Document Tokens": -0.2580110609280232,
    "Very Rare Tokens Attending Lexical Match Document Tokens": -0.2580110609280232,
    "All Tokens Attending Very Rare Lexical Match Document Tokens": -0.2580110609280232,
    "Very Rare Document Tokens Attending Lexical Match Document Tokens": -0.2580110609280232,
    "Rare Document Tokens Attending Very Rare Lexical Match Document Tokens": -0.2580110609280232,
    "Very Rare Tokens Attending Very Rare Lexical Match Document Tokens": -0.2580110609280232,
    "Very Rare Document Tokens Attending Very Rare Lexical Match Document Tokens": -0.2580110609280232,
    "Very Rare Tokens Attending Very Rare Query Tokens": 0.2342777380373688,
    "Very Rare Document Tokens Attending All Tokens": 0.21663194502724292,
    "Document Tokens Attending Semantic Match Tokens": -0.21586189126626987,
    "Rare Document Tokens Attending Lexical Match Tokens": -0.2111074883383738,
    "Document Tokens Attending Rare Lexical Match Tokens": -0.2111074883383738,
    "Rare Document Tokens Attending Rare Lexical Match Tokens": -0.2111074883383738,
    "All Tokens Attending Semantic Match Tokens": -0.2111057777021479,
    "Rare Document Tokens Attending Semantic Match Tokens": -0.21017059288913081,
    "Document Tokens Attending Rare Semantic Match Tokens": -0.2098885192715531,