{
    "Document Tokens Attending Matching Word Query Tokens": 0.8448275862068964,
    "All Tokens Attending Synonymous Query Tokens": 0.8428571428571426,
    "All Tokens Attending Rare Synonymous Query Tokens": 0.8428571428571426,
    "Rare Tokens Attending Rare Synonymous Query Tokens": 0.8428571428571426,
    "Rare Tokens Attending Synonymous Query Tokens": 0.8428571428571426,
    "Very Rare Tokens Attending Rare Tokens": 0.8413793103448275,
    "Very Rare Tokens Attending Synonymous Query Tokens": 0.834975369458128,
    "All Tokens Attending Very Rare Synonymous Query Tokens": 0.8330049261083742,
    "Very Rare Tokens Attending Rare Synonymous Query Tokens": 0.8320197044334974,
    "Very Rare Document Tokens Attending Rare Matching Word Query Tokens": 0.8310344827586205,
    "Very Rare Document Tokens Attending Matching Word Query Tokens": 0.8310344827586205,
    "Rare Tokens Attending Very Rare Synonymous Query Tokens": 0.8310344827586205,
    "Very Rare Document Tokens Attending Very Rare Matching Word Query Tokens": 0.8310344827586205,
    "Document Tokens Attending Very Rare Matching Word Query Tokens": 0.8310344827586205,
    "Rare Tokens Attending Rare Tokens": 0.8310344827586205,
    "Rare Document Tokens Attending Very Rare Matching Word Query Tokens": 0.8310344827586205,
    "Very Rare Tokens Attending Very Rare Synonymous Query Tokens": 0.8305418719211821,
    "Document Tokens Attending Rare Matching Word Query Tokens": 0.8241379310344826,
    "Rare Document Tokens Attending Rare Matching Word Query Tokens": 0.8241379310344826,
    "Rare Document Tokens Attending Matching Word Query Tokens": 0.8241379310344826,
    "All Tokens Attending Rare Tokens": 0.8216748768472905,
    "All Tokens Attending Rare Matching Word Query Tokens": 0.8192118226600983,
    "Rare Tokens Attending Rare Matching Word Query Tokens": 0.8192118226600983,
    "Rare Tokens Attending Matching Word Query Tokens": 0.8192118226600983,
    "Rare Tokens Attending All Tokens": 0.8187192118226599,
    "Very Rare Document Tokens Attending Rare Tokens": 0.8187192118226599,
    "Very Rare Tokens Attending All Tokens": 0.8128078817733988,
    "Rare Document Tokens Attending Rare Tokens": 0.8108374384236452,
    "Document Tokens Attending Rare Tokens": 0.8054187192118225,
    "Rare Tokens Attending Very Rare Matching Word Query Tokens": 0.8034482758620688,
    "Very Rare Tokens Attending Rare Matching Word Query Tokens": 0.8034482758620688,
    "Very Rare Tokens Attending Very Rare Matching Word Query Tokens": 0.8034482758620688,
    "All Tokens Attending Very Rare Matching Word Query Tokens": 0.8034482758620688,
    "Very Rare Tokens Attending Matching Word Query Tokens": 0.8034482758620688,
    "Rare Document Tokens Attending Very Rare Tokens": 0.786206896551724,
    "All Tokens Attending Matching Word Query Tokens": 0.7822660098522166,
    "Very Rare Document Tokens Attending Synonymous Query Tokens": 0.7793103448275861,
    "Very Rare Document Tokens Attending Rare Synonymous Query Tokens": 0.775862068965517,
    "Document Tokens Attending Very Rare Synonymous Query Tokens": 0.7738916256157633,
    "Rare Document Tokens Attending Very Rare Synonymous Query Tokens": 0.7738916256157633,
    "Very Rare Document Tokens Attending Very Rare Synonymous Query Tokens": 0.7714285714285711,
    "Document Tokens Attending Synonymous Query Tokens": 0.7694581280788175,
    "Rare Document Tokens Attending Rare Synonymous Query Tokens": 0.7665024630541871,
    "Document Tokens Attending Rare Synonymous Query Tokens": 0.7665024630541871,
    "Rare Document Tokens Attending Synonymous Query Tokens": 0.7665024630541871,
    "Rare Tokens Attending Very Rare Tokens": 0.7600985221674875,
    "Very Rare Tokens Attending Very Rare Query Tokens": 0.7384236453201969,
    "Document Tokens Attending Very Rare Tokens": 0.7354679802955664,
    "All Tokens Attending Very Rare Tokens": 0.7206896551724137,
    "Very Rare Document Tokens Attending All Tokens": 0.7177339901477832,
    "Very Rare Tokens Attending Very Rare Tokens": 0.7123152709359604,
    "Rare Tokens Attending Very Rare Query Tokens": 0.6985221674876845,
    "Very Rare Document Tokens Attending Very Rare Tokens": 0.6935960591133004,
    "Rare Document Tokens Attending All Tokens": 0.6783251231527092,
    "Rare Tokens Attending Rare Document Tokens": 0.6714285714285713,
    "Rare Document Tokens Attending Rare Document Tokens": 0.6714285714285713,
    "Very Rare Tokens Attending Rare Query Tokens": 0.6600985221674875,
    "Very Rare Document Tokens Attending Very Rare Query Tokens": 0.6600985221674875,
    "Rare Tokens Attending Rare Query Tokens": 0.6448275862068965,
    "Very Rare Tokens Attending Rare Document Tokens": 0.6443349753694579,
    "Very Rare Document Tokens Attending Rare Document Tokens": 0.6443349753694579,
    "All Tokens Attending Very Rare Query Tokens": 0.6369458128078815,
    "Document Tokens Attending Rare Document Tokens": 0.6285714285714284,
    "All Tokens Attending Rare Document Tokens": 0.6285714285714284,
    "Rare Document Tokens Attending Very Rare Query Tokens": 0.6261083743842363,
    "Rare Document Tokens Attending Matching Word Tokens": 0.6128078817733988,
    "Rare Document Tokens Attending Rare Matching Word Tokens": 0.6128078817733988,
    "Document Tokens Attending Rare Matching Word Tokens": 0.6128078817733988,
    "Rare Document Tokens Attending Rare Synonymous Tokens": 0.6098522167487683,
    "Rare Document Tokens Attending Synonymous Tokens": 0.6098522167487683,
    "Document Tokens Attending Rare Synonymous Tokens": 0.6088669950738915,
    "Rare Tokens Attending Rare Matching Word Tokens": 0.6083743842364531,
    "Rare Tokens Attending Matching Word Tokens": 0.6083743842364531,
    "All Tokens Attending Rare Matching Word Tokens": 0.6083743842364531,
    "Rare Tokens Attending Synonymous Tokens": 0.6078817733990146,
    "Very Rare Tokens Attending Rare Synonymous Tokens": 0.6068965517241378,
    "Very Rare Tokens Attending Synonymous Tokens": 0.6059113300492609,
    "Document Tokens Attending Synonymous Tokens": 0.6059113300492609,
    "Rare Tokens Attending Rare Synonymous Tokens": 0.6044334975369456,
    "All Tokens Attending Rare Synonymous Tokens": 0.6044334975369456,
    "All Tokens Attending Very Rare Matching Word Tokens": 0.6039408866995073,
    "Very Rare Tokens Attending Rare Matching Word Tokens": 0.6039408866995073,
    "Very Rare Tokens Attending Matching Word Tokens": 0.6039408866995073,
    "Very Rare Tokens Attending Very Rare Matching Word Tokens": 0.6039408866995073,
    "Rare Tokens Attending Very Rare Matching Word Tokens": 0.6039408866995073,
    "All Tokens Attending Synonymous Tokens": 0.6039408866995073,
    "All Tokens Attending Rare Query Tokens": 0.5940886699507388,
    "Very Rare Tokens Attending Very Rare Synonymous Tokens": 0.5935960591133004,
    "Rare Tokens Attending Very Rare Synonymous Tokens": 0.5935960591133004,
    "All Tokens Attending Very Rare Synonymous Tokens": 0.5926108374384236,
    "Rare Tokens Attending Rare Matching Word Document Tokens": 0.5906403940886699,
    "Rare Document Tokens Attending Matching Word Document Tokens": 0.5906403940886699,
    "Rare Document Tokens Attending Rare Matching Word Document Tokens": 0.5906403940886699,
    "Document Tokens Attending Rare Matching Word Document Tokens": 0.5906403940886699,
    "Rare Tokens Attending Matching Word Document Tokens": 0.5906403940886699,
    "All Tokens Attending Rare Matching Word Document Tokens": 0.5906403940886699,
    "Very Rare Document Tokens Attending Matching Word Tokens": 0.5866995073891624,
    "Very Rare Document Tokens Attending Very Rare Matching Word Tokens": 0.5866995073891624,
    "Very Rare Document Tokens Attending Rare Matching Word Tokens": 0.5866995073891624,
    "Rare Document Tokens Attending Very Rare Matching Word Tokens": 0.5866995073891624,
    "Document Tokens Attending Very Rare Matching Word Tokens": 0.5866995073891624,