{
    "Document Tokens Attending Matching Word Query Tokens": 0.7970443349753693,
    "All Tokens Attending Rare Tokens": 0.7763546798029555,
    "Very Rare Tokens Attending Rare Tokens": 0.7655172413793102,
    "Rare Tokens Attending Rare Tokens": 0.7551724137931033,
    "Document Tokens Attending Rare Tokens": 0.7522167487684728,
    "Very Rare Document Tokens Attending Rare Tokens": 0.7433497536945811,
    "Rare Document Tokens Attending Rare Tokens": 0.7423645320197043,
    "Very Rare Document Tokens Attending Rare Matching Word Query Tokens": 0.7275862068965516,
    "Very Rare Document Tokens Attending Matching Word Query Tokens": 0.7275862068965516,
    "Very Rare Document Tokens Attending Very Rare Matching Word Query Tokens": 0.7275862068965516,
    "Document Tokens Attending Very Rare Matching Word Query Tokens": 0.7275862068965516,
    "Rare Document Tokens Attending Very Rare Matching Word Query Tokens": 0.7275862068965516,
    "All Tokens Attending Synonymous Query Tokens": 0.7241379310344827,
    "All Tokens Attending Rare Synonymous Query Tokens": 0.7241379310344827,
    "Rare Tokens Attending Rare Synonymous Query Tokens": 0.7241379310344827,
    "Rare Tokens Attending Synonymous Query Tokens": 0.7241379310344827,
    "Very Rare Tokens Attending Synonymous Query Tokens": 0.7147783251231525,
    "Document Tokens Attending Rare Matching Word Query Tokens": 0.7142857142857141,
    "Rare Document Tokens Attending Rare Matching Word Query Tokens": 0.7142857142857141,
    "Rare Document Tokens Attending Matching Word Query Tokens": 0.7142857142857141,
    "Very Rare Tokens Attending Very Rare Query Tokens": 0.7093596059113298,
    "Very Rare Tokens Attending Rare Synonymous Query Tokens": 0.708374384236453,
    "Rare Tokens Attending Rare Query Tokens": 0.7059113300492609,
    "Very Rare Tokens Attending Rare Query Tokens": 0.702463054187192,
    "Rare Tokens Attending Very Rare Query Tokens": 0.7019704433497536,
    "All Tokens Attending Very Rare Synonymous Query Tokens": 0.6945812807881772,
    "Rare Tokens Attending Very Rare Synonymous Query Tokens": 0.6871921182266008,
    "Very Rare Tokens Attending Very Rare Synonymous Query Tokens": 0.685221674876847,
    "All Tokens Attending Very Rare Query Tokens": 0.6842364532019704,
    "Document Tokens Attending Synonymous Query Tokens": 0.6753694581280786,
    "All Tokens Attending Rare Query Tokens": 0.6738916256157633,
    "Very Rare Document Tokens Attending Synonymous Query Tokens": 0.673399014778325,
    "Very Rare Document Tokens Attending Rare Synonymous Query Tokens": 0.6645320197044333,
    "Very Rare Document Tokens Attending All Tokens": 0.6645320197044333,
    "Document Tokens Attending Very Rare Synonymous Query Tokens": 0.6635467980295565,
    "Rare Document Tokens Attending Very Rare Synonymous Query Tokens": 0.6635467980295565,
    "Rare Document Tokens Attending Rare Synonymous Query Tokens": 0.6620689655172413,
    "Document Tokens Attending Rare Synonymous Query Tokens": 0.6620689655172413,
    "Rare Document Tokens Attending Synonymous Query Tokens": 0.6620689655172413,
    "Very Rare Tokens Attending Query Tokens": 0.6591133004926107,
    "Very Rare Document Tokens Attending Very Rare Synonymous Query Tokens": 0.6581280788177338,
    "Very Rare Document Tokens Attending Very Rare Query Tokens": 0.6546798029556649,
    "Document Tokens Attending Very Rare Tokens": 0.6541871921182264,
    "Rare Tokens Attending Query Tokens": 0.6532019704433496,
    "Rare Document Tokens Attending Very Rare Query Tokens": 0.6497536945812806,
    "Rare Tokens Attending All Tokens": 0.6492610837438423,
    "All Tokens Attending Document Tokens": -0.6448275862068965,
    "All Tokens Attending Query Tokens": 0.6448275862068965,
    "Document Tokens Attending Document Tokens": -0.6448275862068965,
    "Document Tokens Attending Very Rare Query Tokens": 0.6438423645320195,
    "All Tokens Attending Rare Matching Word Query Tokens": 0.643349753694581,
    "Rare Tokens Attending Rare Matching Word Query Tokens": 0.643349753694581,
    "Rare Tokens Attending Matching Word Query Tokens": 0.643349753694581,
    "Rare Document Tokens Attending Rare Query Tokens": 0.6389162561576353,
    "Very Rare Document Tokens Attending Rare Query Tokens": 0.6379310344827586,
    "Rare Document Tokens Attending All Tokens": 0.6325123152709358,
    "Rare Tokens Attending Very Rare Matching Word Query Tokens": 0.6290640394088669,
    "Very Rare Tokens Attending Rare Matching Word Query Tokens": 0.6290640394088669,
    "Very Rare Tokens Attending Very Rare Matching Word Query Tokens": 0.6290640394088669,
    "All Tokens Attending Very Rare Matching Word Query Tokens": 0.6290640394088669,
    "Very Rare Tokens Attending Matching Word Query Tokens": 0.6290640394088669,
    "Very Rare Tokens Attending All Tokens": 0.6236453201970442,
    "Document Tokens Attending Rare Query Tokens": 0.615270935960591,
    "Rare Tokens Attending Document Tokens": -0.5975369458128077,
    "Rare Document Tokens Attending Document Tokens": -0.5975369458128077,
    "All Tokens Attending Matching Word Query Tokens": 0.592118226600985,
    "Rare Document Tokens Attending Query Tokens": 0.5916256157635467,
    "Very Rare Document Tokens Attending Query Tokens": 0.5827586206896551,
    "All Tokens Attending Very Rare Tokens": 0.5748768472906401,
    "Document Tokens Attending Query Tokens": 0.5719211822660099,
    "Very Rare Document Tokens Attending Document Tokens": -0.5704433497536944,
    "Very Rare Tokens Attending Document Tokens": -0.5704433497536944,
    "Rare Document Tokens Attending Very Rare Tokens": 0.567487684729064,
    "Rare Tokens Attending Very Rare Tokens": 0.5167487684729063,
    "Very Rare Tokens Attending Very Rare Tokens": 0.4428571428571427,
    "Very Rare Document Tokens Attending Very Rare Tokens": 0.4137931034482758,
    "Rare Tokens Attending Rare Document Tokens": 0.38325123152709356,
    "Rare Document Tokens Attending Rare Document Tokens": 0.38325123152709356,
    "Very Rare Tokens Attending Rare Document Tokens": 0.3359605911330048,
    "Very Rare Document Tokens Attending Rare Document Tokens": 0.3359605911330048,
    "Document Tokens Attending Rare Document Tokens": 0.3118226600985221,
    "All Tokens Attending Rare Document Tokens": 0.3118226600985221,
    "Query Tokens Attending All Tokens": 0.30295566502463045,
    "Document Tokens Attending All Tokens": -0.30295566502463045,
    "Query Tokens Attending Query Tokens": 0.30295566502463045,
    "Query Tokens Attending Rare Query Tokens": 0.2901477832512315,
    "Query Tokens Attending Rare Tokens": 0.2901477832512315,
    "Query Tokens Attending Synonymous Tokens": 0.27142857142857135,
    "Query Tokens Attending Synonymous Query Tokens": 0.27142857142857135,
    "Rare Query Tokens Attending Query Tokens": 0.2689655172413793,
    "Rare Query Tokens Attending All Tokens": 0.2689655172413793,
    "Rare Query Tokens Attending Synonymous Query Tokens": 0.2679802955665024,
    "Rare Query Tokens Attending Rare Synonymous Tokens": 0.2679802955665024,
    "Query Tokens Attending Rare Synonymous Tokens": 0.2679802955665024,
    "Rare Query Tokens Attending Rare Synonymous Query Tokens": 0.2679802955665024,
    "Query Tokens Attending Rare Synonymous Query Tokens": 0.2679802955665024,
    "Rare Query Tokens Attending Synonymous Tokens": 0.2679802955665024,
    "Rare Query Tokens Attending Rare Tokens": 0.2586206896551724,
    "Rare Query Tokens Attending Rare Query Tokens": 0.2586206896551724,
    "Rare Document Tokens Attending Rare Synonymous Tokens": 0.2551724137931034,
    "Rare Document Tokens Attending Synonymous Tokens": 0.2551724137931034,
    "Document Tokens Attending Synonymous Tokens": 0.2532019704433497,
    "Rare Tokens Attending Synonymous Tokens": 0.2527093596059113,
    "Document Tokens Attending Rare Synonymous Tokens": 0.25221674876847283,
    "All Tokens Attending Synonymous Tokens": 0.2507389162561576,