{
    "Very Rare Document Tokens Attending Rare Tokens": -0.8891697806440118,
    "Rare Document Tokens Attending Rare Tokens": -0.8812890916151691,
    "Very Rare Tokens Attending Rare Tokens": -0.8769667614477867,
    "Document Tokens Attending Rare Document Tokens": -0.8722538311780411,
    "All Tokens Attending Rare Document Tokens": -0.8722538311780411,
    "Rare Tokens Attending Rare Tokens": -0.870150849782372,
    "Document Tokens Attending Rare Tokens": -0.8698371756490975,
    "Very Rare Tokens Attending Rare Document Tokens": -0.866041100747565,
    "Very Rare Document Tokens Attending Rare Document Tokens": -0.866041100747565,
    "All Tokens Attending Rare Tokens": -0.8637522903871067,
    "Rare Tokens Attending Rare Document Tokens": -0.8521029584918005,
    "Rare Document Tokens Attending Rare Document Tokens": -0.8521029584918005,
    "Rare Document Tokens Attending Very Rare Tokens": -0.8497399185030282,
    "Rare Tokens Attending Very Rare Tokens": -0.8332637337008639,
    "All Tokens Attending Very Rare Document Tokens": -0.8063637898736582,
    "Document Tokens Attending Very Rare Document Tokens": -0.8063637898736582,
    "Document Tokens Attending Very Rare Tokens": -0.8063168318279866,
    "Rare Document Tokens Attending Very Rare Document Tokens": -0.805487768667295,
    "Rare Tokens Attending Very Rare Document Tokens": -0.805487768667295,
    "All Tokens Attending Very Rare Tokens": -0.797026540561671,
    "Very Rare Document Tokens Attending Very Rare Tokens": -0.7957331241216343,
    "Very Rare Tokens Attending Very Rare Tokens": -0.7614513872183036,
    "Very Rare Document Tokens Attending Very Rare Document Tokens": -0.7237895489712713,
    "Very Rare Tokens Attending Very Rare Document Tokens": -0.7237895489712713,
    "Very Rare Tokens Attending Rare Query Tokens": -0.7182183233903723,
    "Very Rare Document Tokens Attending Rare Query Tokens": -0.715942541160814,
    "Rare Tokens Attending Rare Query Tokens": -0.7114014620663339,
    "Rare Document Tokens Attending Rare Query Tokens": -0.7082641229081954,
    "Very Rare Document Tokens Attending Very Rare Query Tokens": -0.6998300585998289,
    "Rare Document Tokens Attending Very Rare Query Tokens": -0.695415985776475,
    "Rare Document Tokens Attending Rare Semantic Match Query Tokens": -0.6874090946700668,
    "Document Tokens Attending Rare Semantic Match Query Tokens": -0.6871350455946785,
    "Rare Document Tokens Attending Semantic Match Query Tokens": -0.686439263764568,
    "Document Tokens Attending Rare Query Tokens": -0.6846115863932412,
    "Rare Tokens Attending Very Rare Query Tokens": -0.6841314463045458,
    "Document Tokens Attending Semantic Match Query Tokens": -0.6833149463946794,
    "Document Tokens Attending Very Rare Semantic Match Query Tokens": -0.6779053624866315,
    "Rare Document Tokens Attending Very Rare Semantic Match Query Tokens": -0.6775732920588042,
    "Very Rare Document Tokens Attending Rare Semantic Match Query Tokens": -0.6767097710236816,
    "Very Rare Tokens Attending Very Rare Query Tokens": -0.6765471908693397,
    "Rare Document Tokens Attending Lexical Match Query Tokens": -0.6764677242391878,
    "Rare Document Tokens Attending Rare Lexical Match Query Tokens": -0.6764677242391878,
    "Document Tokens Attending Rare Lexical Match Query Tokens": -0.6764677242391878,
    "Very Rare Document Tokens Attending Semantic Match Query Tokens": -0.676364792028622,
    "Document Tokens Attending Very Rare Lexical Match Query Tokens": -0.6686142156737743,
    "Rare Document Tokens Attending Very Rare Lexical Match Query Tokens": -0.6686142156737743,
    "Very Rare Document Tokens Attending Lexical Match Query Tokens": -0.6686142156737743,
    "Very Rare Document Tokens Attending Very Rare Lexical Match Query Tokens": -0.6686142156737743,
    "Very Rare Document Tokens Attending Rare Lexical Match Query Tokens": -0.6686142156737743,
    "Very Rare Document Tokens Attending Very Rare Semantic Match Query Tokens": -0.6666187675914668,
    "All Tokens Attending Rare Query Tokens": -0.6654326166305502,
    "Document Tokens Attending Very Rare Query Tokens": -0.6013326346474357,
    "Document Tokens Attending Lexical Match Query Tokens": -0.5790894685476784,
    "All Tokens Attending Very Rare Query Tokens": -0.5713697642560269,
    "Very Rare Document Tokens Attending Document Tokens": 0.5337602268642941,
    "Very Rare Tokens Attending Document Tokens": 0.5337602268642941,
    "Rare Tokens Attending Semantic Match Query Tokens": -0.5018185253014339,
    "All Tokens Attending Rare Semantic Match Query Tokens": -0.5012172563103767,
    "Rare Tokens Attending Rare Semantic Match Query Tokens": -0.4920163458813785,
    "All Tokens Attending Semantic Match Query Tokens": -0.49109366966528284,
    "Very Rare Tokens Attending Semantic Match Query Tokens": -0.48961382170526113,
    "All Tokens Attending Very Rare Semantic Match Query Tokens": -0.4843700624687071,
    "Rare Tokens Attending Very Rare Semantic Match Query Tokens": -0.48187939338379837,
    "Very Rare Tokens Attending Rare Semantic Match Query Tokens": -0.48119626627670153,
    "Rare Tokens Attending Document Tokens": 0.46808435917606195,
    "Rare Document Tokens Attending Document Tokens": 0.46808435917606195,
    "Very Rare Document Tokens Attending Query Tokens": -0.45458373562693993,
    "Very Rare Document Tokens Attending All Tokens": 0.4509369313898277,
    "Very Rare Tokens Attending All Tokens": 0.437825069805214,
    "Rare Document Tokens Attending Query Tokens": -0.42302240334074603,
    "Very Rare Tokens Attending Very Rare Semantic Match Query Tokens": -0.4006885158490153,
    "Rare Document Tokens Attending All Tokens": 0.397808634254601,
    "Very Rare Tokens Attending Query Tokens": -0.3973189989461718,
    "Query Tokens Attending Rare Query Tokens": -0.3963678865281353,
    "Query Tokens Attending Rare Tokens": -0.3963678865281353,
    "Rare Tokens Attending Query Tokens": -0.39072315300707294,
    "Very Rare Document Tokens Attending Semantic Match Tokens": -0.376325480459184,
    "Very Rare Document Tokens Attending Rare Semantic Match Tokens": -0.3682037761381918,
    "Rare Document Tokens Attending Semantic Match Tokens": -0.3610710854945038,
    "Document Tokens Attending Query Tokens": -0.3594798887436048,
    "Document Tokens Attending Rare Semantic Match Tokens": -0.35424636569047013,
    "Rare Document Tokens Attending Very Rare Semantic Match Tokens": -0.35124763192915875,
    "Document Tokens Attending Very Rare Semantic Match Tokens": -0.3495807239641712,
    "Rare Document Tokens Attending Rare Semantic Match Tokens": -0.3450655784634288,
    "Document Tokens Attending Semantic Match Tokens": -0.3438119502636491,
    "Very Rare Tokens Attending Lexical Match Query Tokens": -0.3158164483838528,
    "All Tokens Attending Very Rare Lexical Match Query Tokens": -0.3158164483838528,
    "Very Rare Tokens Attending Very Rare Lexical Match Query Tokens": -0.3158164483838528,
    "Very Rare Tokens Attending Rare Lexical Match Query Tokens": -0.3158164483838528,
    "Rare Tokens Attending Very Rare Lexical Match Query Tokens": -0.3158164483838528,
    "Very Rare Tokens Attending Semantic Match Tokens": -0.3155487594163817,
    "All Tokens Attending Query Tokens": -0.312552568730302,
    "All Tokens Attending Document Tokens": 0.3125492507987049,
    "Document Tokens Attending Document Tokens": 0.3125492507987049,
    "Rare Tokens Attending Semantic Match Tokens": -0.3084051411537032,
    "Very Rare Tokens Attending Rare Semantic Match Tokens": -0.30743404757333487,
    "All Tokens Attending Rare Semantic Match Tokens": -0.3018379856094146,
    "Very Rare Document Tokens Attending Very Rare Semantic Match Tokens": -0.3009501454260197,
    "All Tokens Attending Semantic Match Tokens": -0.2947489868247288,
    "Rare Tokens Attending Very Rare Semantic Match Tokens": -0.29354295041985656,