{
    "Document Tokens Attending Rare Tokens": 0.5786830911178891,
    "All Tokens Attending Rare Tokens": 0.5564566395678814,
    "Document Tokens Attending Rare Document Tokens": 0.551292547409302,
    "All Tokens Attending Rare Document Tokens": 0.551292547409302,
    "Rare Document Tokens Attending Rare Tokens": 0.5436057578409066,
    "Document Tokens Attending Very Rare Tokens": 0.5362103485106582,
    "Very Rare Document Tokens Attending Rare Tokens": 0.5340793427479864,
    "Document Tokens Attending Rare Query Tokens": 0.5217232797412065,
    "Very Rare Document Tokens Attending Rare Query Tokens": 0.5153310230508048,
    "Rare Tokens Attending Rare Tokens": 0.5097961709119003,
    "Rare Document Tokens Attending Rare Query Tokens": 0.5084274904852215,
    "All Tokens Attending Very Rare Tokens": 0.5066358369253406,
    "Rare Tokens Attending Rare Document Tokens": 0.5028405553159845,
    "Rare Document Tokens Attending Rare Document Tokens": 0.5028405553159845,
    "Rare Document Tokens Attending Very Rare Tokens": 0.4985904962772203,
    "All Tokens Attending Very Rare Document Tokens": 0.49631230475314253,
    "Document Tokens Attending Very Rare Document Tokens": 0.49631230475314253,
    "Very Rare Tokens Attending Rare Tokens": 0.49528927437797265,
    "Document Tokens Attending Semantic Match Query Tokens": 0.48947502927770226,
    "Document Tokens Attending Rare Semantic Match Query Tokens": 0.48865422610603126,
    "All Tokens Attending Rare Query Tokens": 0.4881536681426124,
    "Rare Document Tokens Attending Semantic Match Query Tokens": 0.4880189727695051,
    "Rare Document Tokens Attending Rare Semantic Match Query Tokens": 0.48715019181625785,
    "Very Rare Document Tokens Attending Very Rare Query Tokens": 0.48364360903992776,
    "Document Tokens Attending Very Rare Query Tokens": 0.4831354892160096,
    "Very Rare Tokens Attending Rare Document Tokens": 0.48104985840404024,
    "Very Rare Document Tokens Attending Rare Document Tokens": 0.48104985840404024,
    "Rare Document Tokens Attending Very Rare Query Tokens": 0.4725821985167321,
    "Rare Document Tokens Attending Lexical Match Query Tokens": 0.46306269045222737,
    "Rare Document Tokens Attending Rare Lexical Match Query Tokens": 0.46306269045222737,
    "Document Tokens Attending Rare Lexical Match Query Tokens": 0.46306269045222737,
    "Very Rare Document Tokens Attending Semantic Match Query Tokens": 0.461747767077291,
    "Very Rare Document Tokens Attending Rare Semantic Match Query Tokens": 0.46099124197098545,
    "Very Rare Document Tokens Attending Very Rare Tokens": 0.4598883682556584,
    "Document Tokens Attending Very Rare Semantic Match Query Tokens": 0.4567620939654163,
    "Rare Document Tokens Attending Very Rare Semantic Match Query Tokens": 0.45612145787768965,
    "Very Rare Tokens Attending Rare Query Tokens": 0.4556020588553452,
    "Rare Tokens Attending Very Rare Tokens": 0.45482633634592706,
    "Rare Tokens Attending Rare Query Tokens": 0.4542224266402889,
    "Very Rare Document Tokens Attending Very Rare Semantic Match Query Tokens": 0.4475235589822106,
    "Document Tokens Attending Very Rare Lexical Match Query Tokens": 0.44608243743721643,
    "Rare Document Tokens Attending Very Rare Lexical Match Query Tokens": 0.44608243743721643,
    "Very Rare Document Tokens Attending Lexical Match Query Tokens": 0.44608243743721643,
    "Very Rare Document Tokens Attending Very Rare Lexical Match Query Tokens": 0.44608243743721643,
    "Very Rare Document Tokens Attending Rare Lexical Match Query Tokens": 0.44608243743721643,
    "All Tokens Attending Very Rare Query Tokens": 0.44337381415102695,
    "Rare Document Tokens Attending Very Rare Document Tokens": 0.43960949867986665,
    "Rare Tokens Attending Very Rare Document Tokens": 0.43960949867986665,
    "Rare Tokens Attending Very Rare Query Tokens": 0.410678207326705,
    "Very Rare Tokens Attending Very Rare Tokens": 0.4041619722775154,
    "Very Rare Tokens Attending Very Rare Query Tokens": 0.40266531991896704,
    "Document Tokens Attending Lexical Match Query Tokens": 0.39561152513203984,
    "Very Rare Document Tokens Attending Very Rare Document Tokens": 0.36905148822634215,
    "Very Rare Tokens Attending Very Rare Document Tokens": 0.36905148822634215,
    "Document Tokens Attending Query Tokens": 0.360388164075931,
    "Very Rare Document Tokens Attending Query Tokens": 0.35652966841188305,
    "Rare Document Tokens Attending Query Tokens": 0.3333886185169982,
    "All Tokens Attending Rare Semantic Match Query Tokens": 0.3132709925676593,
    "Rare Tokens Attending Semantic Match Query Tokens": 0.3122500910486973,
    "All Tokens Attending Semantic Match Query Tokens": 0.3093854683632715,
    "Rare Tokens Attending Rare Semantic Match Query Tokens": 0.3084975886199829,
    "Very Rare Document Tokens Attending Semantic Match Tokens": 0.2979157881015728,
    "Very Rare Document Tokens Attending Rare Semantic Match Tokens": 0.29642230324394525,
    "Very Rare Document Tokens Attending Document Tokens": -0.2949660469904627,
    "Very Rare Tokens Attending Document Tokens": -0.2949660469904627,
    "Rare Document Tokens Attending Very Rare Semantic Match Tokens": 0.29093675781411193,
    "Document Tokens Attending Very Rare Semantic Match Tokens": 0.2906508398797981,
    "Rare Document Tokens Attending Semantic Match Tokens": 0.2884687394212958,
    "Document Tokens Attending Rare Semantic Match Tokens": 0.28737283096267585,
    "Rare Document Tokens Attending Rare Semantic Match Tokens": 0.2861345623987424,
    "Document Tokens Attending Semantic Match Tokens": 0.2820553877464589,
    "Very Rare Tokens Attending Semantic Match Query Tokens": 0.27522702102820895,
    "Very Rare Document Tokens Attending Very Rare Semantic Match Tokens": 0.27417101100310515,
    "Very Rare Tokens Attending Rare Semantic Match Query Tokens": 0.27203214440166257,
    "All Tokens Attending Very Rare Semantic Match Query Tokens": 0.26753188955529206,
    "Rare Tokens Attending Document Tokens": -0.2670059230626848,
    "Rare Document Tokens Attending Document Tokens": -0.2670059230626848,
    "Rare Tokens Attending Very Rare Semantic Match Query Tokens": 0.26618038819975026,
    "All Tokens Attending Query Tokens": 0.2567658300727281,
    "All Tokens Attending Document Tokens": -0.25675454506913464,
    "Document Tokens Attending Document Tokens": -0.25675454506913464,
    "Rare Document Tokens Attending All Tokens": 0.24888885265374097,
    "Very Rare Tokens Attending Very Rare Semantic Match Query Tokens": 0.2392738570066814,
    "Very Rare Tokens Attending Query Tokens": 0.2375018418909846,
    "Rare Tokens Attending Query Tokens": 0.23363207035302883,
    "Very Rare Tokens Attending Semantic Match Tokens": 0.22538514617280775,
    "Rare Tokens Attending Semantic Match Tokens": 0.22415703769635584,
    "Very Rare Tokens Attending Rare Semantic Match Tokens": 0.223356156265977,
    "All Tokens Attending Rare Semantic Match Tokens": 0.22265657201578132,
    "Rare Tokens Attending Rare Semantic Match Tokens": 0.2212981872895959,
    "All Tokens Attending Semantic Match Tokens": 0.21912031823475697,
    "Rare Tokens Attending Very Rare Semantic Match Tokens": 0.21754440850075088,
    "All Tokens Attending Very Rare Semantic Match Tokens": 0.21677688824151511,
    "Rare Tokens Attending Lexical Match Query Tokens": 0.20958002377420154,
    "All Tokens Attending Rare Lexical Match Query Tokens": 0.20958002377420154,
    "Rare Tokens Attending Rare Lexical Match Query Tokens": 0.20958002377420154,
    "Very Rare Document Tokens Attending Very Rare Lexical Match Tokens": 0.20501049330054252,
    "Very Rare Document Tokens Attending Rare Lexical Match Tokens": 0.20501049330054252,
    "Very Rare Document Tokens Attending Lexical Match Tokens": 0.20501049330054252,
    "Rare Document Tokens Attending Very Rare Lexical Match Tokens": 0.20501049330054252,