{
    "Document Tokens Attending Rare Tokens": 0.4986683695810737,
    "Document Tokens Attending Rare Document Tokens": 0.48102195950945853,
    "All Tokens Attending Rare Document Tokens": 0.48102195950945853,
    "All Tokens Attending Rare Tokens": 0.47727417259304616,
    "Rare Document Tokens Attending Rare Tokens": 0.4616280379398582,
    "Document Tokens Attending Very Rare Tokens": 0.4609923047202838,
    "Very Rare Document Tokens Attending Rare Tokens": 0.45022839521608843,
    "Document Tokens Attending Rare Query Tokens": 0.4391091090002325,
    "All Tokens Attending Very Rare Document Tokens": 0.4374828529234976,
    "Document Tokens Attending Very Rare Document Tokens": 0.4374828529234976,
    "Rare Tokens Attending Rare Document Tokens": 0.4355360618294296,
    "Rare Document Tokens Attending Rare Document Tokens": 0.4355360618294296,
    "All Tokens Attending Very Rare Tokens": 0.43312593806724536,
    "Rare Tokens Attending Rare Tokens": 0.42989083667389794,
    "Very Rare Document Tokens Attending Rare Query Tokens": 0.4213029463010153,
    "Rare Document Tokens Attending Very Rare Tokens": 0.41707734267762475,
    "Rare Document Tokens Attending Rare Query Tokens": 0.416128938481527,
    "Very Rare Tokens Attending Rare Tokens": 0.41439702204887546,
    "Very Rare Tokens Attending Rare Document Tokens": 0.412774088768961,
    "Very Rare Document Tokens Attending Rare Document Tokens": 0.412774088768961,
    "All Tokens Attending Rare Query Tokens": 0.4050593100633318,
    "Document Tokens Attending Very Rare Query Tokens": 0.3987738556589485,
    "Document Tokens Attending Semantic Match Query Tokens": 0.3891163041472983,
    "Document Tokens Attending Rare Semantic Match Query Tokens": 0.38810559503197656,
    "Rare Document Tokens Attending Semantic Match Query Tokens": 0.3874299012706801,
    "Rare Document Tokens Attending Rare Semantic Match Query Tokens": 0.38651590880928877,
    "Very Rare Document Tokens Attending Very Rare Query Tokens": 0.3858799718296314,
    "Rare Document Tokens Attending Very Rare Document Tokens": 0.3788835433765406,
    "Rare Tokens Attending Very Rare Document Tokens": 0.3788835433765406,
    "Very Rare Document Tokens Attending Very Rare Tokens": 0.378262271910913,
    "Rare Document Tokens Attending Very Rare Query Tokens": 0.3774847535113184,
    "Rare Tokens Attending Very Rare Tokens": 0.3769483815910911,
    "Very Rare Tokens Attending Rare Query Tokens": 0.3636555079854414,
    "Rare Tokens Attending Rare Query Tokens": 0.36348355883035616,
    "Rare Document Tokens Attending Lexical Match Query Tokens": 0.3609518160941498,
    "Rare Document Tokens Attending Rare Lexical Match Query Tokens": 0.3609518160941498,
    "Document Tokens Attending Rare Lexical Match Query Tokens": 0.3609518160941498,
    "Very Rare Document Tokens Attending Semantic Match Query Tokens": 0.36027979568688995,
    "All Tokens Attending Very Rare Query Tokens": 0.3598009326254815,
    "Very Rare Document Tokens Attending Rare Semantic Match Query Tokens": 0.3595010647625803,
    "Document Tokens Attending Very Rare Semantic Match Query Tokens": 0.35528536370277564,
    "Rare Document Tokens Attending Very Rare Semantic Match Query Tokens": 0.35463573277615745,
    "Very Rare Document Tokens Attending Very Rare Semantic Match Query Tokens": 0.34603852575691485,
    "Document Tokens Attending Very Rare Lexical Match Query Tokens": 0.343101135304837,
    "Rare Document Tokens Attending Very Rare Lexical Match Query Tokens": 0.343101135304837,
    "Very Rare Document Tokens Attending Lexical Match Query Tokens": 0.343101135304837,
    "Very Rare Document Tokens Attending Very Rare Lexical Match Query Tokens": 0.343101135304837,
    "Very Rare Document Tokens Attending Rare Lexical Match Query Tokens": 0.343101135304837,
    "Very Rare Tokens Attending Very Rare Tokens": 0.32868470556181545,
    "Rare Tokens Attending Very Rare Query Tokens": 0.3186793323258038,
    "Very Rare Tokens Attending Very Rare Query Tokens": 0.31057229109337087,
    "Very Rare Document Tokens Attending Very Rare Document Tokens": 0.31014005385680143,
    "Very Rare Tokens Attending Very Rare Document Tokens": 0.31014005385680143,
    "Document Tokens Attending Lexical Match Query Tokens": 0.2967661903926425,
    "Document Tokens Attending Query Tokens": 0.2898987896945261,
    "Very Rare Document Tokens Attending Query Tokens": 0.2785866550729476,
    "Rare Document Tokens Attending Query Tokens": 0.2580067411035062,
    "All Tokens Attending Rare Semantic Match Query Tokens": 0.2342586624526922,
    "Rare Tokens Attending Semantic Match Query Tokens": 0.23328876658506292,
    "Very Rare Document Tokens Attending Semantic Match Tokens": 0.2316452357820482,
    "All Tokens Attending Semantic Match Query Tokens": 0.23099572585653932,
    "Very Rare Document Tokens Attending Rare Semantic Match Tokens": 0.23056246107650263,
    "Rare Tokens Attending Rare Semantic Match Query Tokens": 0.23011960055996236,
    "Very Rare Document Tokens Attending Document Tokens": -0.22764343214220364,
    "Very Rare Tokens Attending Document Tokens": -0.22764343214220364,
    "Rare Document Tokens Attending Semantic Match Tokens": 0.22596999337092105,
    "Rare Document Tokens Attending Very Rare Semantic Match Tokens": 0.22519876423382892,
    "Document Tokens Attending Rare Semantic Match Tokens": 0.22514095355281638,
    "Document Tokens Attending Very Rare Semantic Match Tokens": 0.22508030820463365,
    "Rare Document Tokens Attending Rare Semantic Match Tokens": 0.22448071709223938,
    "Document Tokens Attending Semantic Match Tokens": 0.22132042064187973,
    "Rare Document Tokens Attending All Tokens": 0.2156696600813871,
    "Very Rare Document Tokens Attending Very Rare Semantic Match Tokens": 0.21206234804302307,
    "Rare Tokens Attending Document Tokens": -0.20112553682822845,
    "Rare Document Tokens Attending Document Tokens": -0.20112553682822845,
    "Very Rare Tokens Attending Semantic Match Query Tokens": 0.19887416937925123,
    "Very Rare Tokens Attending Rare Semantic Match Query Tokens": 0.19612850494238204,
    "All Tokens Attending Query Tokens": 0.1925349788443962,
    "All Tokens Attending Document Tokens": -0.19252356377013446,
    "Document Tokens Attending Document Tokens": -0.19252356377013446,
    "All Tokens Attending Very Rare Semantic Match Query Tokens": 0.19143834791467734,
    "Very Rare Query Tokens Attending All Tokens": -0.190828720657657,
    "Very Rare Query Tokens Attending Query Tokens": -0.190828720657657,
    "Rare Tokens Attending Very Rare Semantic Match Query Tokens": 0.19024522343885014,
    "Document Tokens Attending All Tokens": 0.18539128882939337,
    "Query Tokens Attending All Tokens": -0.1853784135216061,
    "Query Tokens Attending Query Tokens": -0.1853784135216061,
    "Query Tokens Attending Lexical Match Tokens": -0.172965501509721,
    "Query Tokens Attending Lexical Match Query Tokens": -0.172965501509721,
    "Rare Tokens Attending Semantic Match Tokens": 0.1712943544200405,
    "Very Rare Tokens Attending Semantic Match Tokens": 0.1706119210985773,
    "All Tokens Attending Rare Semantic Match Tokens": 0.17011582000086595,
    "Very Rare Tokens Attending Query Tokens": 0.16946406843415512,
    "Rare Tokens Attending Rare Semantic Match Tokens": 0.16934285088189474,
    "Very Rare Tokens Attending Rare Semantic Match Tokens": 0.1690789592786653,
    "All Tokens Attending Semantic Match Tokens": 0.16763652543917482,
    "Very Rare Tokens Attending Very Rare Semantic Match Query Tokens": 0.16759570364934312,
    "Rare Query Tokens Attending Query Tokens": -0.16653381602492798,
    "Rare Query Tokens Attending All Tokens": -0.16653381602492798,
    "Rare Tokens Attending Query Tokens": 0.166322856333734,
    "Rare Tokens Attending Very Rare Semantic Match Tokens": 0.16342717237377266,