{
    "Very Rare Tokens Attending Rare Query Tokens": -0.5758797653958944,
    "Rare Tokens Attending Rare Query Tokens": -0.5689149560117301,
    "Very Rare Document Tokens Attending Rare Query Tokens": -0.5681818181818181,
    "All Tokens Attending Rare Query Tokens": -0.5670821114369501,
    "Very Rare Tokens Attending Query Tokens": -0.563782991202346,
    "Rare Tokens Attending Query Tokens": -0.5604838709677419,
    "Very Rare Document Tokens Attending Document Tokens": 0.5568181818181818,
    "Very Rare Tokens Attending Document Tokens": 0.5568181818181818,
    "Rare Document Tokens Attending Rare Synonymous Query Tokens": -0.5557184750733136,
    "Document Tokens Attending Rare Synonymous Query Tokens": -0.5524193548387095,
    "Rare Document Tokens Attending Synonymous Query Tokens": -0.5524193548387095,
    "Very Rare Document Tokens Attending Rare Synonymous Query Tokens": -0.5494868035190614,
    "All Tokens Attending Query Tokens": -0.5487536656891494,
    "Document Tokens Attending Synonymous Query Tokens": -0.5480205278592375,
    "All Tokens Attending Document Tokens": 0.5480205278592375,
    "Document Tokens Attending Document Tokens": 0.5480205278592375,
    "Very Rare Document Tokens Attending Synonymous Query Tokens": -0.5472873900293254,
    "Rare Tokens Attending Document Tokens": 0.5461876832844574,
    "Rare Document Tokens Attending Document Tokens": 0.5461876832844574,
    "Rare Document Tokens Attending Rare Query Tokens": -0.5450879765395894,
    "Document Tokens Attending Matching Word Query Tokens": -0.5432551319648093,
    "Document Tokens Attending Very Rare Synonymous Query Tokens": -0.5373900293255132,
    "Rare Document Tokens Attending Very Rare Synonymous Query Tokens": -0.5373900293255132,
    "Very Rare Document Tokens Attending Query Tokens": -0.532624633431085,
    "Document Tokens Attending Rare Query Tokens": -0.532258064516129,
    "Very Rare Document Tokens Attending Very Rare Synonymous Query Tokens": -0.5285923753665689,
    "Rare Tokens Attending Very Rare Query Tokens": -0.5285923753665689,
    "All Tokens Attending Very Rare Query Tokens": -0.5197947214076246,
    "Rare Document Tokens Attending Query Tokens": -0.5157624633431084,
    "Rare Document Tokens Attending Very Rare Query Tokens": -0.5153958944281525,
    "Document Tokens Attending Query Tokens": -0.5139296187683284,
    "Document Tokens Attending Rare Matching Word Query Tokens": -0.5102639296187682,
    "Rare Document Tokens Attending Rare Matching Word Query Tokens": -0.5102639296187682,
    "Rare Document Tokens Attending Matching Word Query Tokens": -0.5102639296187682,
    "Very Rare Tokens Attending Very Rare Query Tokens": -0.5098973607038122,
    "Very Rare Document Tokens Attending Very Rare Query Tokens": -0.5069648093841641,
    "Very Rare Document Tokens Attending Rare Matching Word Query Tokens": -0.5058651026392962,
    "Very Rare Document Tokens Attending Matching Word Query Tokens": -0.5058651026392962,
    "Very Rare Document Tokens Attending Very Rare Matching Word Query Tokens": -0.5058651026392962,
    "Document Tokens Attending Very Rare Matching Word Query Tokens": -0.5058651026392962,
    "Rare Document Tokens Attending Very Rare Matching Word Query Tokens": -0.5058651026392962,
    "Document Tokens Attending Very Rare Query Tokens": -0.48680351906158353,
    "Very Rare Tokens Attending Rare Tokens": -0.4794721407624633,
    "Rare Document Tokens Attending Rare Tokens": -0.4541788856304985,
    "All Tokens Attending Synonymous Query Tokens": -0.45161290322580644,
    "All Tokens Attending Rare Synonymous Query Tokens": -0.4490469208211143,
    "Rare Tokens Attending Synonymous Query Tokens": -0.4490469208211143,
    "Rare Tokens Attending Rare Tokens": -0.44868035190615835,
    "Very Rare Document Tokens Attending Rare Tokens": -0.44428152492668616,
    "Rare Tokens Attending Rare Synonymous Query Tokens": -0.44391495601173014,
    "Document Tokens Attending Rare Tokens": -0.4321847507331378,
    "Rare Tokens Attending All Tokens": -0.43145161290322576,
    "All Tokens Attending Rare Tokens": -0.4226539589442815,
    "Very Rare Tokens Attending All Tokens": -0.4211876832844574,
    "Very Rare Tokens Attending Rare Synonymous Query Tokens": -0.4131231671554252,
    "Very Rare Tokens Attending Synonymous Query Tokens": -0.4131231671554252,
    "Rare Tokens Attending Very Rare Synonymous Query Tokens": -0.3991935483870967,
    "All Tokens Attending Very Rare Synonymous Query Tokens": -0.3991935483870967,
    "Rare Document Tokens Attending All Tokens": -0.3962609970674486,
    "All Tokens Attending Very Rare Document Tokens": 0.3936950146627565,
    "Document Tokens Attending Very Rare Document Tokens": 0.3936950146627565,
    "Very Rare Tokens Attending Very Rare Synonymous Query Tokens": -0.3911290322580645,
    "Very Rare Document Tokens Attending All Tokens": -0.38453079178885624,
    "Rare Tokens Attending Very Rare Matching Word Query Tokens": -0.3691348973607038,
    "Very Rare Tokens Attending Rare Matching Word Query Tokens": -0.3691348973607038,
    "Very Rare Tokens Attending Very Rare Matching Word Query Tokens": -0.3691348973607038,
    "All Tokens Attending Very Rare Matching Word Query Tokens": -0.3691348973607038,
    "Very Rare Tokens Attending Matching Word Query Tokens": -0.3691348973607038,
    "All Tokens Attending Rare Matching Word Query Tokens": -0.3581378299120234,
    "Rare Tokens Attending Rare Matching Word Query Tokens": -0.3581378299120234,
    "Rare Tokens Attending Matching Word Query Tokens": -0.3581378299120234,
    "Rare Document Tokens Attending Very Rare Document Tokens": 0.33357771260997066,
    "Rare Tokens Attending Very Rare Document Tokens": 0.33357771260997066,
    "All Tokens Attending Matching Word Query Tokens": -0.3317448680351906,
    "Very Rare Document Tokens Attending Very Rare Document Tokens": 0.28739002932551316,
    "Very Rare Tokens Attending Very Rare Document Tokens": 0.28739002932551316,
    "Document Tokens Attending Matching Word Document Tokens": 0.2620967741935484,
    "All Tokens Attending Matching Word Document Tokens": 0.2620967741935484,
    "Rare Tokens Attending Very Rare Tokens": -0.24266862170087974,
    "Rare Document Tokens Attending Very Rare Tokens": -0.24010263929618766,
    "Document Tokens Attending Very Rare Synonymous Document Tokens": 0.2027126099706745,
    "All Tokens Attending Very Rare Synonymous Document Tokens": 0.2027126099706745,
    "All Tokens Attending Very Rare Tokens": -0.20124633431085046,
    "All Tokens Attending Matching Word Tokens": 0.1983137829912023,
    "Very Rare Document Tokens Attending Synonymous Document Tokens": 0.1972140762463343,
    "Very Rare Document Tokens Attending Rare Synonymous Document Tokens": 0.1972140762463343,
    "Very Rare Tokens Attending Rare Synonymous Document Tokens": 0.1972140762463343,
    "Very Rare Tokens Attending Synonymous Document Tokens": 0.1972140762463343,
    "Document Tokens Attending Very Rare Tokens": -0.19684750733137826,
    "Very Rare Document Tokens Attending Very Rare Synonymous Document Tokens": 0.1946480938416422,
    "Very Rare Tokens Attending Very Rare Synonymous Document Tokens": 0.1946480938416422,
    "Rare Tokens Attending Very Rare Synonymous Document Tokens": 0.1942815249266862,
    "Rare Document Tokens Attending Very Rare Synonymous Document Tokens": 0.1942815249266862,
    "Very Rare Tokens Attending Matching Word Document Tokens": 0.18475073313782991,
    "Rare Document Tokens Attending Very Rare Matching Word Document Tokens": 0.18475073313782991,
    "Very Rare Document Tokens Attending Matching Word Document Tokens": 0.18475073313782991,