{
    "Very Rare Document Tokens Attending Rare Query Tokens": -0.5260263929618768,
    "Very Rare Document Tokens Attending Document Tokens": 0.5076979472140762,
    "Very Rare Tokens Attending Document Tokens": 0.5076979472140762,
    "Very Rare Document Tokens Attending Query Tokens": -0.5032991202346041,
    "Very Rare Tokens Attending Query Tokens": -0.5,
    "Rare Document Tokens Attending Rare Query Tokens": -0.5,
    "Very Rare Tokens Attending Rare Query Tokens": -0.4974340175953078,
    "Rare Tokens Attending Query Tokens": -0.4945014662756597,
    "Rare Tokens Attending Rare Query Tokens": -0.4945014662756597,
    "All Tokens Attending Rare Query Tokens": -0.4937683284457478,
    "Rare Tokens Attending Document Tokens": 0.48717008797653955,
    "Rare Document Tokens Attending Document Tokens": 0.48717008797653955,
    "Document Tokens Attending Rare Query Tokens": -0.48680351906158353,
    "Rare Document Tokens Attending Query Tokens": -0.48350439882697943,
    "Rare Document Tokens Attending Rare Synonymous Query Tokens": -0.4831378299120234,
    "Document Tokens Attending Query Tokens": -0.4820381231671554,
    "Document Tokens Attending Rare Synonymous Query Tokens": -0.48093841642228735,
    "Rare Document Tokens Attending Synonymous Query Tokens": -0.48093841642228735,
    "All Tokens Attending Query Tokens": -0.48093841642228735,
    "All Tokens Attending Document Tokens": 0.48020527859237533,
    "Document Tokens Attending Document Tokens": 0.48020527859237533,
    "Document Tokens Attending Synonymous Query Tokens": -0.47800586510263926,
    "Very Rare Document Tokens Attending Rare Synonymous Query Tokens": -0.47470674486803516,
    "Very Rare Document Tokens Attending Synonymous Query Tokens": -0.4721407624633431,
    "Document Tokens Attending Matching Word Query Tokens": -0.47104105571847504,
    "Rare Document Tokens Attending Very Rare Query Tokens": -0.469208211143695,
    "Document Tokens Attending Very Rare Synonymous Query Tokens": -0.4626099706744868,
    "Rare Document Tokens Attending Very Rare Synonymous Query Tokens": -0.4626099706744868,
    "Very Rare Document Tokens Attending Very Rare Query Tokens": -0.4607771260997067,
    "Very Rare Document Tokens Attending Very Rare Synonymous Query Tokens": -0.4538123167155425,
    "Rare Tokens Attending Very Rare Query Tokens": -0.44134897360703806,
    "All Tokens Attending Very Rare Query Tokens": -0.43768328445747795,
    "Document Tokens Attending Very Rare Query Tokens": -0.4354838709677419,
    "Document Tokens Attending Rare Matching Word Query Tokens": -0.43438416422287385,
    "Rare Document Tokens Attending Rare Matching Word Query Tokens": -0.43438416422287385,
    "Rare Document Tokens Attending Matching Word Query Tokens": -0.43438416422287385,
    "Very Rare Document Tokens Attending Rare Matching Word Query Tokens": -0.4296187683284457,
    "Very Rare Document Tokens Attending Matching Word Query Tokens": -0.4296187683284457,
    "Very Rare Document Tokens Attending Very Rare Matching Word Query Tokens": -0.4296187683284457,
    "Document Tokens Attending Very Rare Matching Word Query Tokens": -0.4296187683284457,
    "Rare Document Tokens Attending Very Rare Matching Word Query Tokens": -0.4296187683284457,
    "Very Rare Tokens Attending Very Rare Query Tokens": -0.4222873900293254,
    "All Tokens Attending Very Rare Document Tokens": 0.4142228739002932,
    "Document Tokens Attending Very Rare Document Tokens": 0.4142228739002932,
    "Rare Document Tokens Attending Rare Tokens": -0.4109237536656892,
    "Very Rare Tokens Attending Rare Tokens": -0.4098240469208211,
    "Document Tokens Attending Rare Tokens": -0.4017595307917888,
    "Very Rare Document Tokens Attending Rare Tokens": -0.3951612903225806,
    "Rare Tokens Attending Rare Tokens": -0.3944281524926686,
    "All Tokens Attending Rare Tokens": -0.37903225806451607,
    "Rare Document Tokens Attending All Tokens": -0.3687683284457478,
    "Rare Document Tokens Attending Very Rare Document Tokens": 0.3658357771260997,
    "Rare Tokens Attending Very Rare Document Tokens": 0.3658357771260997,
    "Very Rare Document Tokens Attending All Tokens": -0.3614369501466275,
    "Rare Tokens Attending All Tokens": -0.3570381231671554,
    "All Tokens Attending Synonymous Query Tokens": -0.35630498533724336,
    "All Tokens Attending Rare Synonymous Query Tokens": -0.35337243401759527,
    "Rare Tokens Attending Synonymous Query Tokens": -0.35337243401759527,
    "Rare Tokens Attending Rare Synonymous Query Tokens": -0.3482404692082111,
    "Very Rare Tokens Attending All Tokens": -0.3416422287390029,
    "Very Rare Document Tokens Attending Very Rare Document Tokens": 0.33064516129032256,
    "Very Rare Tokens Attending Very Rare Document Tokens": 0.33064516129032256,
    "Very Rare Tokens Attending Rare Synonymous Query Tokens": -0.31854838709677413,
    "Very Rare Tokens Attending Synonymous Query Tokens": -0.31854838709677413,
    "Document Tokens Attending Matching Word Document Tokens": 0.31561583577712604,
    "All Tokens Attending Matching Word Document Tokens": 0.31561583577712604,
    "Rare Tokens Attending Very Rare Synonymous Query Tokens": -0.30351906158357767,
    "All Tokens Attending Very Rare Synonymous Query Tokens": -0.30351906158357767,
    "Very Rare Tokens Attending Very Rare Synonymous Query Tokens": -0.29618768328445744,
    "Rare Tokens Attending Very Rare Matching Word Query Tokens": -0.27639296187683277,
    "Very Rare Tokens Attending Rare Matching Word Query Tokens": -0.27639296187683277,
    "Very Rare Tokens Attending Very Rare Matching Word Query Tokens": -0.27639296187683277,
    "All Tokens Attending Very Rare Matching Word Query Tokens": -0.27639296187683277,
    "Very Rare Tokens Attending Matching Word Query Tokens": -0.27639296187683277,
    "Document Tokens Attending Very Rare Synonymous Document Tokens": 0.2749266862170087,
    "All Tokens Attending Very Rare Synonymous Document Tokens": 0.2749266862170087,
    "Very Rare Document Tokens Attending Synonymous Document Tokens": 0.2701612903225806,
    "Very Rare Document Tokens Attending Rare Synonymous Document Tokens": 0.2701612903225806,
    "Very Rare Tokens Attending Rare Synonymous Document Tokens": 0.2701612903225806,
    "Very Rare Tokens Attending Synonymous Document Tokens": 0.2701612903225806,
    "Very Rare Document Tokens Attending Very Rare Synonymous Document Tokens": 0.26796187683284456,
    "Very Rare Tokens Attending Very Rare Synonymous Document Tokens": 0.26796187683284456,
    "Rare Tokens Attending Very Rare Synonymous Document Tokens": 0.26722873900293254,
    "Rare Document Tokens Attending Very Rare Synonymous Document Tokens": 0.26722873900293254,
    "Very Rare Tokens Attending Matching Word Document Tokens": 0.26392961876832843,
    "Rare Document Tokens Attending Very Rare Matching Word Document Tokens": 0.26392961876832843,
    "Very Rare Document Tokens Attending Matching Word Document Tokens": 0.26392961876832843,
    "All Tokens Attending Very Rare Matching Word Document Tokens": 0.26392961876832843,
    "Very Rare Tokens Attending Very Rare Matching Word Document Tokens": 0.26392961876832843,
    "Very Rare Document Tokens Attending Very Rare Matching Word Document Tokens": 0.26392961876832843,
    "Very Rare Document Tokens Attending Rare Matching Word Document Tokens": 0.26392961876832843,
    "Rare Tokens Attending Very Rare Matching Word Document Tokens": 0.26392961876832843,
    "All Tokens Attending Rare Matching Word Query Tokens": -0.26392961876832843,
    "Very Rare Tokens Attending Rare Matching Word Document Tokens": 0.26392961876832843,
    "Rare Tokens Attending Rare Matching Word Query Tokens": -0.26392961876832843,
    "Rare Tokens Attending Matching Word Query Tokens": -0.26392961876832843,
    "Document Tokens Attending Very Rare Matching Word Document Tokens": 0.26392961876832843,
    "All Tokens Attending Matching Word Tokens": 0.2602639296187683,