{
    "Very Rare Tokens Attending Rare Query Tokens": -0.5780791788856304,
    "Very Rare Document Tokens Attending Rare Query Tokens": -0.5700146627565982,
    "Rare Tokens Attending Rare Query Tokens": -0.5696480938416422,
    "All Tokens Attending Rare Query Tokens": -0.565615835777126,
    "Very Rare Tokens Attending Query Tokens": -0.5641495601173019,
    "Rare Tokens Attending Query Tokens": -0.562683284457478,
    "Rare Document Tokens Attending Rare Synonymous Query Tokens": -0.5538856304985337,
    "Very Rare Document Tokens Attending Rare Synonymous Query Tokens": -0.5513196480938416,
    "Document Tokens Attending Rare Synonymous Query Tokens": -0.5494868035190614,
    "Rare Document Tokens Attending Synonymous Query Tokens": -0.5494868035190614,
    "Very Rare Document Tokens Attending Synonymous Query Tokens": -0.5480205278592375,
    "Rare Document Tokens Attending Rare Query Tokens": -0.5480205278592375,
    "Document Tokens Attending Synonymous Query Tokens": -0.5458211143695014,
    "Document Tokens Attending Matching Word Query Tokens": -0.5439882697947214,
    "All Tokens Attending Query Tokens": -0.5428885630498533,
    "All Tokens Attending Document Tokens": 0.5425219941348973,
    "Document Tokens Attending Document Tokens": 0.5425219941348973,
    "Very Rare Document Tokens Attending Document Tokens": 0.5421554252199413,
    "Very Rare Tokens Attending Document Tokens": 0.5421554252199413,
    "Document Tokens Attending Very Rare Synonymous Query Tokens": -0.5399560117302052,
    "Rare Document Tokens Attending Very Rare Synonymous Query Tokens": -0.5399560117302052,
    "Very Rare Document Tokens Attending Query Tokens": -0.5366568914956011,
    "Document Tokens Attending Rare Query Tokens": -0.5362903225806451,
    "Rare Tokens Attending Very Rare Query Tokens": -0.532258064516129,
    "Very Rare Document Tokens Attending Very Rare Synonymous Query Tokens": -0.530791788856305,
    "Rare Tokens Attending Document Tokens": 0.5271260997067448,
    "Rare Document Tokens Attending Document Tokens": 0.5271260997067448,
    "Rare Document Tokens Attending Query Tokens": -0.5241935483870968,
    "Rare Document Tokens Attending Very Rare Query Tokens": -0.5241935483870968,
    "All Tokens Attending Very Rare Query Tokens": -0.5230938416422287,
    "Document Tokens Attending Rare Matching Word Query Tokens": -0.5201612903225806,
    "Rare Document Tokens Attending Rare Matching Word Query Tokens": -0.5201612903225806,
    "Rare Document Tokens Attending Matching Word Query Tokens": -0.5201612903225806,
    "Document Tokens Attending Query Tokens": -0.5183284457478006,
    "Very Rare Document Tokens Attending Very Rare Query Tokens": -0.5157624633431084,
    "Very Rare Document Tokens Attending Rare Matching Word Query Tokens": -0.5153958944281525,
    "Very Rare Document Tokens Attending Matching Word Query Tokens": -0.5153958944281525,
    "Very Rare Document Tokens Attending Very Rare Matching Word Query Tokens": -0.5153958944281525,
    "Document Tokens Attending Very Rare Matching Word Query Tokens": -0.5153958944281525,
    "Rare Document Tokens Attending Very Rare Matching Word Query Tokens": -0.5153958944281525,
    "Very Rare Tokens Attending Very Rare Query Tokens": -0.5109970674486803,
    "Document Tokens Attending Very Rare Query Tokens": -0.4912023460410556,
    "Very Rare Tokens Attending Rare Tokens": -0.48680351906158353,
    "Rare Document Tokens Attending Rare Tokens": -0.469941348973607,
    "Rare Tokens Attending Rare Tokens": -0.4629765395894428,
    "Very Rare Document Tokens Attending Rare Tokens": -0.45784457478005863,
    "All Tokens Attending Synonymous Query Tokens": -0.45454545454545453,
    "All Tokens Attending Rare Synonymous Query Tokens": -0.45197947214076245,
    "Rare Tokens Attending Synonymous Query Tokens": -0.45197947214076245,
    "Rare Tokens Attending All Tokens": -0.45051319648093835,
    "Document Tokens Attending Rare Tokens": -0.44831378299120234,
    "Rare Tokens Attending Rare Synonymous Query Tokens": -0.44721407624633425,
    "All Tokens Attending Rare Tokens": -0.43768328445747795,
    "Very Rare Tokens Attending All Tokens": -0.4252199413489736,
    "Rare Document Tokens Attending All Tokens": -0.4160557184750733,
    "Very Rare Tokens Attending Rare Synonymous Query Tokens": -0.4109237536656892,
    "Very Rare Tokens Attending Synonymous Query Tokens": -0.4109237536656892,
    "Rare Tokens Attending Very Rare Synonymous Query Tokens": -0.3973607038123167,
    "All Tokens Attending Very Rare Synonymous Query Tokens": -0.3973607038123167,
    "Very Rare Document Tokens Attending All Tokens": -0.3969941348973607,
    "Very Rare Tokens Attending Very Rare Synonymous Query Tokens": -0.38599706744868034,
    "Rare Tokens Attending Very Rare Matching Word Query Tokens": -0.36217008797653955,
    "Very Rare Tokens Attending Rare Matching Word Query Tokens": -0.36217008797653955,
    "Very Rare Tokens Attending Very Rare Matching Word Query Tokens": -0.36217008797653955,
    "All Tokens Attending Very Rare Matching Word Query Tokens": -0.36217008797653955,
    "Very Rare Tokens Attending Matching Word Query Tokens": -0.36217008797653955,
    "All Tokens Attending Very Rare Document Tokens": 0.3577712609970674,
    "Document Tokens Attending Very Rare Document Tokens": 0.3577712609970674,
    "All Tokens Attending Rare Matching Word Query Tokens": -0.35630498533724336,
    "Rare Tokens Attending Rare Matching Word Query Tokens": -0.35630498533724336,
    "Rare Tokens Attending Matching Word Query Tokens": -0.35630498533724336,
    "All Tokens Attending Matching Word Query Tokens": -0.3343108504398827,
    "Rare Document Tokens Attending Very Rare Document Tokens": 0.2965542521994135,
    "Rare Tokens Attending Very Rare Document Tokens": 0.2965542521994135,
    "Rare Tokens Attending Very Rare Tokens": -0.27052785923753664,
    "Rare Document Tokens Attending Very Rare Tokens": -0.2701612903225806,
    "Very Rare Document Tokens Attending Very Rare Document Tokens": 0.25073313782991197,
    "Very Rare Tokens Attending Very Rare Document Tokens": 0.25073313782991197,
    "Document Tokens Attending Matching Word Document Tokens": 0.23533724340175952,
    "All Tokens Attending Matching Word Document Tokens": 0.23533724340175952,
    "All Tokens Attending Very Rare Tokens": -0.22983870967741934,
    "Document Tokens Attending Very Rare Tokens": -0.22690615835777125,
    "All Tokens Attending Matching Word Tokens": 0.18255131964809382,
    "Document Tokens Attending Very Rare Synonymous Document Tokens": 0.1726539589442815,
    "All Tokens Attending Very Rare Synonymous Document Tokens": 0.1726539589442815,
    "Very Rare Document Tokens Attending Very Rare Synonymous Document Tokens": 0.16788856304985336,
    "Very Rare Tokens Attending Very Rare Synonymous Document Tokens": 0.16788856304985336,
    "Very Rare Document Tokens Attending Synonymous Document Tokens": 0.16752199413489735,
    "Very Rare Document Tokens Attending Rare Synonymous Document Tokens": 0.16752199413489735,
    "Very Rare Tokens Attending Rare Synonymous Document Tokens": 0.16752199413489735,
    "Very Rare Tokens Attending Synonymous Document Tokens": 0.16752199413489735,
    "Rare Tokens Attending Very Rare Synonymous Document Tokens": 0.1656891495601173,
    "Rare Document Tokens Attending Very Rare Synonymous Document Tokens": 0.1656891495601173,
    "Very Rare Tokens Attending Matching Word Document Tokens": 0.15835777126099704,
    "Rare Document Tokens Attending Very Rare Matching Word Document Tokens": 0.15835777126099704,
    "Very Rare Document Tokens Attending Matching Word Document Tokens": 0.15835777126099704,