{
    "Very Rare Document Tokens Attending Rare Tokens": 0.7023359288097887,
    "Rare Document Tokens Attending Very Rare Tokens": 0.692992213570634,
    "Rare Document Tokens Attending Rare Tokens": 0.6849833147942158,
    "All Tokens Attending Rare Tokens": 0.6662958843159065,
    "All Tokens Attending Very Rare Tokens": 0.6658509454949945,
    "Document Tokens Attending Very Rare Tokens": 0.6649610678531702,
    "Document Tokens Attending Rare Tokens": 0.6622914349276974,
    "Rare Tokens Attending Rare Tokens": 0.6556173526140155,
    "Very Rare Document Tokens Attending Very Rare Document Tokens": 0.6493882091212457,
    "Very Rare Tokens Attending Very Rare Document Tokens": 0.6493882091212457,
    "Rare Document Tokens Attending Very Rare Document Tokens": 0.6480533926585095,
    "Rare Tokens Attending Very Rare Document Tokens": 0.6480533926585095,
    "Very Rare Document Tokens Attending Very Rare Tokens": 0.6453837597330366,
    "Very Rare Tokens Attending Rare Document Tokens": 0.6395995550611792,
    "Very Rare Document Tokens Attending Rare Document Tokens": 0.6395995550611792,
    "Very Rare Tokens Attending Rare Tokens": 0.6355951056729701,
    "Rare Tokens Attending Very Rare Tokens": 0.6311457174638487,
    "Document Tokens Attending Synonymous Tokens": 0.617797552836485,
    "Rare Tokens Attending Rare Document Tokens": 0.6164627363737486,
    "Rare Document Tokens Attending Rare Document Tokens": 0.6164627363737486,
    "Very Rare Document Tokens Attending Rare Query Tokens": 0.6151279199110122,
    "Very Rare Document Tokens Attending Synonymous Tokens": 0.6151279199110122,
    "Rare Document Tokens Attending Very Rare Query Tokens": 0.6146829810901,
    "Very Rare Document Tokens Attending Rare Synonymous Tokens": 0.6129032258064516,
    "Very Rare Document Tokens Attending Very Rare Query Tokens": 0.6120133481646273,
    "Document Tokens Attending Rare Synonymous Tokens": 0.6115684093437151,
    "Rare Document Tokens Attending Rare Query Tokens": 0.6115684093437151,
    "Rare Document Tokens Attending Synonymous Tokens": 0.6115684093437151,
    "Rare Document Tokens Attending Rare Synonymous Tokens": 0.6106785317018909,
    "All Tokens Attending Very Rare Document Tokens": 0.6093437152391545,
    "Document Tokens Attending Very Rare Document Tokens": 0.6093437152391545,
    "Very Rare Tokens Attending Very Rare Tokens": 0.6088987764182424,
    "Rare Document Tokens Attending Very Rare Synonymous Tokens": 0.607563959955506,
    "Document Tokens Attending Very Rare Synonymous Tokens": 0.607563959955506,
    "Document Tokens Attending Rare Document Tokens": 0.603559510567297,
    "All Tokens Attending Rare Document Tokens": 0.603559510567297,
    "All Tokens Attending Synonymous Tokens": 0.6031145717463848,
    "Rare Document Tokens Attending Rare Synonymous Query Tokens": 0.6008898776418242,
    "Document Tokens Attending Synonymous Query Tokens": 0.6008898776418242,
    "Document Tokens Attending Rare Synonymous Query Tokens": 0.6008898776418242,
    "Rare Document Tokens Attending Synonymous Query Tokens": 0.6008898776418242,
    "All Tokens Attending Rare Synonymous Tokens": 0.5991101223581757,
    "Rare Tokens Attending Synonymous Tokens": 0.5991101223581757,
    "Rare Tokens Attending Rare Synonymous Tokens": 0.5986651835372636,
    "All Tokens Attending Synonymous Document Tokens": 0.596440489432703,
    "Document Tokens Attending Synonymous Document Tokens": 0.596440489432703,
    "Rare Document Tokens Attending Rare Synonymous Document Tokens": 0.5937708565072302,
    "Very Rare Document Tokens Attending Very Rare Synonymous Tokens": 0.5937708565072302,
    "Rare Tokens Attending Rare Synonymous Document Tokens": 0.5937708565072302,
    "Very Rare Tokens Attending Rare Query Tokens": 0.5911012235817574,
    "Very Rare Tokens Attending Rare Synonymous Tokens": 0.5897664071190212,
    "Document Tokens Attending Rare Synonymous Document Tokens": 0.5897664071190212,
    "Rare Tokens Attending Synonymous Document Tokens": 0.5897664071190212,
    "Rare Document Tokens Attending Synonymous Document Tokens": 0.5897664071190212,
    "All Tokens Attending Rare Synonymous Document Tokens": 0.5897664071190212,
    "Rare Tokens Attending Rare Query Tokens": 0.5884315906562848,
    "Very Rare Document Tokens Attending Synonymous Query Tokens": 0.5879866518353727,
    "Very Rare Tokens Attending Synonymous Tokens": 0.5853170189098998,
    "Rare Tokens Attending Very Rare Synonymous Tokens": 0.5853170189098998,
    "Very Rare Document Tokens Attending Rare Synonymous Query Tokens": 0.5848720800889877,
    "Document Tokens Attending Very Rare Query Tokens": 0.5839822024471636,
    "Document Tokens Attending Very Rare Synonymous Query Tokens": 0.5817575083426029,
    "Document Tokens Attending Rare Matching Word Query Tokens": 0.5817575083426029,
    "Rare Document Tokens Attending Very Rare Synonymous Query Tokens": 0.5817575083426029,
    "Rare Document Tokens Attending Rare Matching Word Query Tokens": 0.5817575083426029,
    "Rare Document Tokens Attending Matching Word Query Tokens": 0.5817575083426029,
    "All Tokens Attending Very Rare Synonymous Tokens": 0.5799777530589544,
    "Document Tokens Attending Rare Query Tokens": 0.5790878754171301,
    "Very Rare Tokens Attending Very Rare Synonymous Tokens": 0.578642936596218,
    "Rare Tokens Attending Very Rare Query Tokens": 0.5777530589543938,
    "Very Rare Document Tokens Attending Very Rare Synonymous Query Tokens": 0.5768631813125694,
    "Very Rare Tokens Attending Very Rare Query Tokens": 0.5741935483870967,
    "All Tokens Attending Rare Query Tokens": 0.5737486095661846,
    "Very Rare Document Tokens Attending Rare Matching Word Query Tokens": 0.5697441601779756,
    "Very Rare Document Tokens Attending Matching Word Query Tokens": 0.5697441601779756,
    "Very Rare Document Tokens Attending Very Rare Matching Word Query Tokens": 0.5697441601779756,
    "Document Tokens Attending Very Rare Matching Word Query Tokens": 0.5697441601779756,
    "Rare Document Tokens Attending Very Rare Matching Word Query Tokens": 0.5697441601779756,
    "Very Rare Document Tokens Attending Rare Synonymous Document Tokens": 0.5675194660734149,
    "Very Rare Tokens Attending Rare Synonymous Document Tokens": 0.5675194660734149,
    "Document Tokens Attending Very Rare Synonymous Document Tokens": 0.5675194660734149,
    "All Tokens Attending Very Rare Synonymous Document Tokens": 0.5675194660734149,
    "Very Rare Document Tokens Attending Synonymous Document Tokens": 0.5630700778642936,
    "Rare Tokens Attending Very Rare Synonymous Document Tokens": 0.5630700778642936,
    "Rare Document Tokens Attending Very Rare Synonymous Document Tokens": 0.5630700778642936,
    "Very Rare Tokens Attending Synonymous Document Tokens": 0.5630700778642936,
    "Document Tokens Attending Matching Word Query Tokens": 0.5590656284760844,
    "Rare Document Tokens Attending Matching Word Tokens": 0.5581757508342603,
    "Rare Document Tokens Attending Rare Matching Word Tokens": 0.5581757508342603,
    "Document Tokens Attending Rare Matching Word Tokens": 0.5581757508342603,
    "Very Rare Document Tokens Attending Very Rare Synonymous Document Tokens": 0.5559510567296997,
    "Very Rare Tokens Attending Very Rare Synonymous Document Tokens": 0.5559510567296997,
    "Document Tokens Attending Query Tokens": 0.54972191323693,
    "Very Rare Document Tokens Attending Query Tokens": 0.5417130144605116,
    "All Tokens Attending Very Rare Query Tokens": 0.5408231368186874,
    "Rare Document Tokens Attending Query Tokens": 0.539043381535039,
    "Rare Tokens Attending Document Tokens": -0.5172413793103449,
    "Rare Document Tokens Attending Document Tokens": -0.5172413793103449,
    "Very Rare Document Tokens Attending Document Tokens": -0.5114571746384872,
    "Very Rare Tokens Attending Document Tokens": -0.5114571746384872,