{
    "Document Tokens Attending Rare Document Tokens": -0.885182967728208,
    "All Tokens Attending Rare Document Tokens": -0.885182967728208,
    "Rare Tokens Attending Rare Document Tokens": -0.8706312355738208,
    "Rare Document Tokens Attending Rare Document Tokens": -0.8706312355738208,
    "Rare Document Tokens Attending Rare Tokens": -0.8643917093412139,
    "Document Tokens Attending Rare Tokens": -0.8631206294929351,
    "Very Rare Tokens Attending Rare Document Tokens": -0.8622581263783197,
    "Very Rare Document Tokens Attending Rare Document Tokens": -0.8622581263783197,
    "All Tokens Attending Very Rare Document Tokens": -0.8605992640608442,
    "Document Tokens Attending Very Rare Document Tokens": -0.8605992640608442,
    "Very Rare Document Tokens Attending Rare Tokens": -0.8600924049130186,
    "All Tokens Attending Rare Tokens": -0.8599655363823133,
    "Rare Tokens Attending Rare Tokens": -0.856654498434096,
    "Very Rare Tokens Attending Rare Tokens": -0.8508793633667322,
    "Rare Document Tokens Attending Very Rare Tokens": -0.8489604651229092,
    "Rare Document Tokens Attending Very Rare Document Tokens": -0.8487219886652007,
    "Rare Tokens Attending Very Rare Document Tokens": -0.8487219886652007,
    "Document Tokens Attending Very Rare Tokens": -0.8413167230968229,
    "Rare Tokens Attending Very Rare Tokens": -0.836895547797352,
    "All Tokens Attending Very Rare Tokens": -0.8360380492706573,
    "Very Rare Document Tokens Attending Very Rare Tokens": -0.8325220310442214,
    "Very Rare Tokens Attending Very Rare Tokens": -0.813669269784263,
    "Very Rare Document Tokens Attending Very Rare Document Tokens": -0.8080941037655864,
    "Very Rare Tokens Attending Very Rare Document Tokens": -0.8080941037655864,
    "Very Rare Tokens Attending Rare Query Tokens": -0.7634068038866699,
    "Rare Tokens Attending Rare Query Tokens": -0.7624762926116166,
    "Rare Document Tokens Attending Rare Query Tokens": -0.7611829103152176,
    "Very Rare Document Tokens Attending Rare Query Tokens": -0.7603816038379456,
    "All Tokens Attending Rare Query Tokens": -0.7479138969198877,
    "Very Rare Tokens Attending Very Rare Query Tokens": -0.7434544539772576,
    "Rare Tokens Attending Very Rare Query Tokens": -0.7425601073985892,
    "Document Tokens Attending Rare Query Tokens": -0.7421208014202347,
    "Very Rare Document Tokens Attending Semantic Match Tokens": -0.7391756191977011,
    "Rare Document Tokens Attending Very Rare Query Tokens": -0.7384637095570856,
    "Very Rare Document Tokens Attending Rare Semantic Match Tokens": -0.7381420150562483,
    "Very Rare Document Tokens Attending Very Rare Query Tokens": -0.7371574541018425,
    "Document Tokens Attending Semantic Match Query Tokens": -0.7358845569431853,
    "Rare Document Tokens Attending Semantic Match Tokens": -0.7350156998377062,
    "Document Tokens Attending Rare Semantic Match Query Tokens": -0.7345020157143547,
    "Rare Document Tokens Attending Semantic Match Query Tokens": -0.7341586699787974,
    "Rare Document Tokens Attending Very Rare Semantic Match Tokens": -0.7336406103029603,
    "All Tokens Attending Rare Semantic Match Query Tokens": -0.7334056679415266,
    "Rare Document Tokens Attending Rare Semantic Match Query Tokens": -0.7333936938483637,
    "Document Tokens Attending Rare Semantic Match Tokens": -0.7332192836282363,
    "Rare Document Tokens Attending Rare Semantic Match Tokens": -0.7329186248370819,
    "Rare Tokens Attending Semantic Match Query Tokens": -0.7327779946907383,
    "All Tokens Attending Semantic Match Query Tokens": -0.7324193693558347,
    "Document Tokens Attending Very Rare Semantic Match Tokens": -0.7322422317146715,
    "Rare Tokens Attending Rare Semantic Match Query Tokens": -0.7310663893709883,
    "Document Tokens Attending Semantic Match Tokens": -0.7305254699323577,
    "All Tokens Attending Very Rare Query Tokens": -0.7259391383724355,
    "Very Rare Document Tokens Attending Very Rare Semantic Match Tokens": -0.723092074850057,
    "Document Tokens Attending Very Rare Query Tokens": -0.7186833075753959,
    "Very Rare Document Tokens Attending Semantic Match Query Tokens": -0.7128392015410068,
    "Very Rare Document Tokens Attending Rare Semantic Match Query Tokens": -0.7121870513100387,
    "Document Tokens Attending Very Rare Semantic Match Query Tokens": -0.7086310052002944,
    "Rare Document Tokens Attending Very Rare Semantic Match Query Tokens": -0.7083636944884713,
    "Very Rare Tokens Attending Semantic Match Query Tokens": -0.7046464200348094,
    "Rare Document Tokens Attending Lexical Match Query Tokens": -0.7043660943952516,
    "Rare Document Tokens Attending Rare Lexical Match Query Tokens": -0.7043660943952516,
    "Document Tokens Attending Rare Lexical Match Query Tokens": -0.7043660943952516,
    "Very Rare Tokens Attending Rare Semantic Match Query Tokens": -0.7029059272512147,
    "Very Rare Document Tokens Attending Very Rare Semantic Match Query Tokens": -0.7010963647691763,
    "All Tokens Attending Very Rare Semantic Match Query Tokens": -0.6992037311346324,
    "Rare Tokens Attending Very Rare Semantic Match Query Tokens": -0.6984607531725214,
    "Very Rare Document Tokens Attending Query Tokens": -0.690090004700362,
    "Document Tokens Attending Very Rare Lexical Match Query Tokens": -0.6871746110865916,
    "Rare Document Tokens Attending Very Rare Lexical Match Query Tokens": -0.6871746110865916,
    "Very Rare Document Tokens Attending Lexical Match Query Tokens": -0.6871746110865916,
    "Very Rare Document Tokens Attending Very Rare Lexical Match Query Tokens": -0.6871746110865916,
    "Very Rare Document Tokens Attending Rare Lexical Match Query Tokens": -0.6871746110865916,
    "Very Rare Tokens Attending Semantic Match Tokens": -0.6871593728568364,
    "Rare Tokens Attending Semantic Match Tokens": -0.6850177890634044,
    "Very Rare Tokens Attending Rare Semantic Match Tokens": -0.6849882616814802,
    "All Tokens Attending Rare Semantic Match Tokens": -0.6825332485121173,
    "Document Tokens Attending Lexical Match Query Tokens": -0.6820152592720006,
    "Rare Tokens Attending Rare Semantic Match Tokens": -0.6812174498984834,
    "Very Rare Tokens Attending Very Rare Semantic Match Query Tokens": -0.6810046735020946,
    "All Tokens Attending Semantic Match Tokens": -0.6794704658033197,
    "Rare Tokens Attending Very Rare Semantic Match Tokens": -0.6794648685507025,
    "Rare Document Tokens Attending Query Tokens": -0.6786987016074062,
    "All Tokens Attending Very Rare Semantic Match Tokens": -0.6775297018890838,
    "Document Tokens Attending Query Tokens": -0.6693560069538355,
    "Very Rare Document Tokens Attending Very Rare Lexical Match Tokens": -0.6631567106979424,
    "Very Rare Document Tokens Attending Rare Lexical Match Tokens": -0.6631567106979424,
    "Very Rare Document Tokens Attending Lexical Match Tokens": -0.6631567106979424,
    "Rare Document Tokens Attending Very Rare Lexical Match Tokens": -0.6631567106979424,
    "Document Tokens Attending Very Rare Lexical Match Tokens": -0.6631567106979424,
    "Very Rare Document Tokens Attending Document Tokens": 0.6623610664125168,
    "Very Rare Tokens Attending Document Tokens": 0.6623610664125168,
    "Very Rare Tokens Attending Very Rare Semantic Match Tokens": -0.6620193637075773,
    "Rare Tokens Attending Lexical Match Query Tokens": -0.6611276386180429,
    "All Tokens Attending Rare Lexical Match Query Tokens": -0.6611276386180429,
    "Rare Tokens Attending Rare Lexical Match Query Tokens": -0.6611276386180429,
    "Very Rare Tokens Attending Query Tokens": -0.6569620829751914,
    "Rare Document Tokens Attending Lexical Match Tokens": -0.6546941548210614,
    "Document Tokens Attending Rare Lexical Match Tokens": -0.6546941548210614,
    "Rare Document Tokens Attending Rare Lexical Match Tokens": -0.6546941548210614,
    "Rare Tokens Attending Document Tokens": 0.6532856933699911,