{
    "Very Rare Document Tokens Attending Rare Query Tokens": 0.8866399758539213,
    "Very Rare Tokens Attending Rare Query Tokens": 0.8857527251827508,
    "Very Rare Document Tokens Attending Very Rare Query Tokens": 0.8850744683405389,
    "Rare Document Tokens Attending Very Rare Query Tokens": 0.8838970370217245,
    "Rare Tokens Attending Rare Query Tokens": 0.8833169733250235,
    "Rare Document Tokens Attending Rare Query Tokens": 0.8812627484170357,
    "All Tokens Attending Very Rare Query Tokens": 0.8787697846550077,
    "Rare Tokens Attending Very Rare Query Tokens": 0.8765599405855415,
    "Document Tokens Attending Very Rare Query Tokens": 0.8741226326337089,
    "All Tokens Attending Rare Query Tokens": 0.8740093617427485,
    "Document Tokens Attending Semantic Match Query Tokens": 0.8701729631243145,
    "Document Tokens Attending Rare Semantic Match Query Tokens": 0.8685335419093594,
    "Rare Document Tokens Attending Semantic Match Query Tokens": 0.8681998098267659,
    "Document Tokens Attending Rare Tokens": 0.868032374024465,
    "Rare Document Tokens Attending Rare Semantic Match Query Tokens": 0.8673511329485624,
    "Document Tokens Attending Rare Query Tokens": 0.8649405912900088,
    "Very Rare Tokens Attending Very Rare Query Tokens": 0.8639364683679891,
    "All Tokens Attending Rare Tokens": 0.8579219129345511,
    "Very Rare Document Tokens Attending Semantic Match Query Tokens": 0.8460547503085818,
    "Very Rare Document Tokens Attending Rare Semantic Match Query Tokens": 0.8452447464263999,
    "Very Rare Tokens Attending Query Tokens": 0.844350107397816,
    "Document Tokens Attending Lexical Match Query Tokens": 0.8414740309622898,
    "Document Tokens Attending Very Rare Semantic Match Query Tokens": 0.839808019547938,
    "Rare Document Tokens Attending Very Rare Semantic Match Query Tokens": 0.8396708055618589,
    "Rare Tokens Attending Query Tokens": 0.8347935789515104,
    "Very Rare Document Tokens Attending Query Tokens": 0.8343959318638133,
    "Very Rare Document Tokens Attending Very Rare Semantic Match Query Tokens": 0.8326060751388832,
    "All Tokens Attending Query Tokens": 0.8263007668730469,
    "All Tokens Attending Document Tokens": -0.8262914734100083,
    "Document Tokens Attending Document Tokens": -0.8262914734100083,
    "Rare Document Tokens Attending Lexical Match Query Tokens": 0.8232046378267422,
    "Rare Document Tokens Attending Rare Lexical Match Query Tokens": 0.8232046378267422,
    "Document Tokens Attending Rare Lexical Match Query Tokens": 0.8232046378267422,
    "Rare Document Tokens Attending Query Tokens": 0.8224859992420677,
    "Rare Document Tokens Attending Rare Tokens": 0.8130641755442383,
    "Document Tokens Attending Query Tokens": 0.8112377998561104,
    "Very Rare Document Tokens Attending All Tokens": 0.8104857447225167,
    "Very Rare Document Tokens Attending Document Tokens": -0.8019951659884207,
    "Very Rare Tokens Attending Document Tokens": -0.8019951659884207,
    "Rare Tokens Attending Document Tokens": -0.8013318682961394,
    "Rare Document Tokens Attending Document Tokens": -0.8013318682961394,
    "Document Tokens Attending Very Rare Lexical Match Query Tokens": 0.7971171801221842,
    "Rare Document Tokens Attending Very Rare Lexical Match Query Tokens": 0.7971171801221842,
    "Very Rare Document Tokens Attending Lexical Match Query Tokens": 0.7971171801221842,
    "Very Rare Document Tokens Attending Very Rare Lexical Match Query Tokens": 0.7971171801221842,
    "Very Rare Document Tokens Attending Rare Lexical Match Query Tokens": 0.7971171801221842,
    "Rare Tokens Attending Rare Tokens": 0.7952652918540304,
    "Very Rare Document Tokens Attending Rare Tokens": 0.7944081045599761,
    "Very Rare Tokens Attending Rare Tokens": 0.7743936021835446,
    "Rare Document Tokens Attending All Tokens": 0.7643952517996362,
    "All Tokens Attending Semantic Match Query Tokens": 0.7492522053855295,
    "All Tokens Attending Rare Semantic Match Query Tokens": 0.7464573402378247,
    "Rare Tokens Attending Semantic Match Query Tokens": 0.7461989626248742,
    "Rare Tokens Attending Rare Semantic Match Query Tokens": 0.7424503572118,
    "Rare Tokens Attending All Tokens": 0.7223220546843383,
    "Very Rare Tokens Attending Semantic Match Query Tokens": 0.7098013937152814,
    "Very Rare Tokens Attending Rare Semantic Match Query Tokens": 0.7066489983986307,
    "Very Rare Tokens Attending All Tokens": 0.7056081109513366,
    "All Tokens Attending Very Rare Semantic Match Query Tokens": 0.6995309089523207,
    "Rare Tokens Attending Very Rare Semantic Match Query Tokens": 0.6989893888198107,
    "Very Rare Tokens Attending Very Rare Semantic Match Query Tokens": 0.676038928073909,
    "Rare Tokens Attending Lexical Match Query Tokens": 0.6331907832572665,
    "All Tokens Attending Rare Lexical Match Query Tokens": 0.6331907832572665,
    "Rare Tokens Attending Rare Lexical Match Query Tokens": 0.6331907832572665,
    "Document Tokens Attending Very Rare Tokens": 0.6276784731307641,
    "All Tokens Attending Very Rare Tokens": 0.6115950718290974,
    "Rare Document Tokens Attending Very Rare Tokens": 0.6006658072558169,
    "Very Rare Tokens Attending Lexical Match Query Tokens": 0.5995532401127823,
    "All Tokens Attending Very Rare Lexical Match Query Tokens": 0.5995532401127823,
    "Very Rare Tokens Attending Very Rare Lexical Match Query Tokens": 0.5995532401127823,
    "Very Rare Tokens Attending Rare Lexical Match Query Tokens": 0.5995532401127823,
    "Rare Tokens Attending Very Rare Lexical Match Query Tokens": 0.5995532401127823,
    "Rare Tokens Attending Very Rare Tokens": 0.5786545560658278,
    "All Tokens Attending Lexical Match Query Tokens": 0.5616949979051282,
    "Very Rare Document Tokens Attending Very Rare Tokens": 0.4928262375574058,
    "Very Rare Tokens Attending Very Rare Tokens": 0.46991121730469954,
    "Rare Tokens Attending Rare Document Tokens": 0.4110487740986511,
    "Rare Document Tokens Attending Rare Document Tokens": 0.4110487740986511,
    "Very Rare Tokens Attending Rare Document Tokens": 0.40054456527622795,
    "Very Rare Document Tokens Attending Rare Document Tokens": 0.40054456527622795,
    "Very Rare Document Tokens Attending Semantic Match Tokens": 0.28293616306741315,
    "Very Rare Document Tokens Attending Rare Semantic Match Tokens": 0.28227410982493273,
    "Document Tokens Attending Rare Document Tokens": 0.2760812745722935,
    "All Tokens Attending Rare Document Tokens": 0.2760812745722935,
    "Rare Document Tokens Attending Very Rare Semantic Match Tokens": 0.27582295538247215,
    "Very Rare Document Tokens Attending Very Rare Semantic Match Tokens": 0.2757995233721452,
    "Document Tokens Attending Very Rare Semantic Match Tokens": 0.2713548569284597,
    "Very Rare Tokens Attending Semantic Match Tokens": 0.27033725841881007,
    "Very Rare Tokens Attending Rare Semantic Match Tokens": 0.26962056589387445,
    "Very Rare Document Tokens Attending Very Rare Lexical Match Tokens": 0.2671934685577979,
    "Very Rare Document Tokens Attending Rare Lexical Match Tokens": 0.2671934685577979,
    "Very Rare Document Tokens Attending Lexical Match Tokens": 0.2671934685577979,
    "Rare Document Tokens Attending Very Rare Lexical Match Tokens": 0.2671934685577979,
    "Document Tokens Attending Very Rare Lexical Match Tokens": 0.2671934685577979,
    "Rare Tokens Attending Very Rare Semantic Match Tokens": 0.2638845248105397,
    "Very Rare Tokens Attending Very Rare Semantic Match Tokens": 0.263454038228212,
    "All Tokens Attending Very Rare Semantic Match Tokens": 0.2595628428901577,
    "Rare Document Tokens Attending Rare Semantic Match Tokens": 0.25608168025621486,
    "Rare Document Tokens Attending Semantic Match Tokens": 0.255637270085484,
    "Document Tokens Attending Rare Semantic Match Tokens": 0.2538246826249859,