{
    "All Tokens Attending Rare Query Tokens": 0.8518842507744331,
    "Rare Document Tokens Attending Rare Query Tokens": 0.8514837814107307,
    "Very Rare Document Tokens Attending Rare Query Tokens": 0.8513919347260734,
    "Document Tokens Attending Rare Query Tokens": 0.8498078958051141,
    "Document Tokens Attending Very Rare Query Tokens": 0.8463183856907185,
    "Rare Tokens Attending Rare Query Tokens": 0.8433593248021061,
    "All Tokens Attending Very Rare Query Tokens": 0.8427847451207306,
    "Very Rare Tokens Attending Rare Query Tokens": 0.840281444968143,
    "Rare Document Tokens Attending Very Rare Query Tokens": 0.8389752098713534,
    "Very Rare Document Tokens Attending Very Rare Query Tokens": 0.8314191954582877,
    "Rare Tokens Attending Very Rare Query Tokens": 0.820287033293877,
    "Very Rare Tokens Attending Query Tokens": 0.814722842051284,
    "Very Rare Document Tokens Attending Query Tokens": 0.8134538448852633,
    "All Tokens Attending Query Tokens": 0.8110092252086089,
    "All Tokens Attending Document Tokens": -0.8109977111404748,
    "Document Tokens Attending Document Tokens": -0.8109977111404748,
    "Document Tokens Attending Rare Tokens": 0.8085143875665867,
    "Rare Tokens Attending Query Tokens": 0.8074638413157248,
    "Rare Document Tokens Attending Query Tokens": 0.8044893769477888,
    "Document Tokens Attending Query Tokens": 0.8038667660167196,
    "Very Rare Tokens Attending Very Rare Query Tokens": 0.7961840224021705,
    "Rare Tokens Attending Document Tokens": -0.7959328530815291,
    "Rare Document Tokens Attending Document Tokens": -0.7959328530815291,
    "Very Rare Document Tokens Attending Document Tokens": -0.7943604085131745,
    "Very Rare Tokens Attending Document Tokens": -0.7943604085131745,
    "Document Tokens Attending Semantic Match Query Tokens": 0.7941984816213354,
    "All Tokens Attending Rare Tokens": 0.793839369909801,
    "Document Tokens Attending Rare Semantic Match Query Tokens": 0.7920033066494963,
    "Rare Document Tokens Attending Semantic Match Query Tokens": 0.7915939382781613,
    "Rare Document Tokens Attending Rare Semantic Match Query Tokens": 0.7904410626737672,
    "Very Rare Document Tokens Attending Semantic Match Query Tokens": 0.7631727255404217,
    "Very Rare Document Tokens Attending Rare Semantic Match Query Tokens": 0.7621192794353355,
    "Document Tokens Attending Lexical Match Query Tokens": 0.7571163412198805,
    "Document Tokens Attending Very Rare Semantic Match Query Tokens": 0.7553159602362541,
    "Rare Document Tokens Attending Very Rare Semantic Match Query Tokens": 0.7551571886376187,
    "Very Rare Document Tokens Attending Very Rare Semantic Match Query Tokens": 0.7461937712235525,
    "Rare Document Tokens Attending Rare Tokens": 0.7353886857465843,
    "Very Rare Document Tokens Attending All Tokens": 0.7351419536783854,
    "Rare Document Tokens Attending Lexical Match Query Tokens": 0.7341915478845709,
    "Rare Document Tokens Attending Rare Lexical Match Query Tokens": 0.7341915478845709,
    "Document Tokens Attending Rare Lexical Match Query Tokens": 0.7341915478845709,
    "Rare Tokens Attending Rare Tokens": 0.7131660104541917,
    "Very Rare Document Tokens Attending Rare Tokens": 0.7120510043038237,
    "Document Tokens Attending Very Rare Lexical Match Query Tokens": 0.7028182233092948,
    "Rare Document Tokens Attending Very Rare Lexical Match Query Tokens": 0.7028182233092948,
    "Very Rare Document Tokens Attending Lexical Match Query Tokens": 0.7028182233092948,
    "Very Rare Document Tokens Attending Very Rare Lexical Match Query Tokens": 0.7028182233092948,
    "Very Rare Document Tokens Attending Rare Lexical Match Query Tokens": 0.7028182233092948,
    "Rare Document Tokens Attending All Tokens": 0.6939471968930979,
    "Very Rare Tokens Attending Rare Tokens": 0.687707294699779,
    "All Tokens Attending Semantic Match Query Tokens": 0.6530998669025692,
    "All Tokens Attending Rare Semantic Match Query Tokens": 0.6496441377959818,
    "Rare Tokens Attending Semantic Match Query Tokens": 0.6493728949197543,
    "Rare Tokens Attending Rare Semantic Match Query Tokens": 0.6451925071223474,
    "Rare Tokens Attending All Tokens": 0.6209113569071626,
    "Very Rare Tokens Attending Semantic Match Query Tokens": 0.6090372395669392,
    "Very Rare Tokens Attending Rare Semantic Match Query Tokens": 0.6055806891246187,
    "Very Rare Tokens Attending All Tokens": 0.6043027156299599,
    "All Tokens Attending Very Rare Semantic Match Query Tokens": 0.597287216829874,
    "Rare Tokens Attending Very Rare Semantic Match Query Tokens": 0.5967085461924323,
    "Very Rare Tokens Attending Very Rare Semantic Match Query Tokens": 0.5720314123510656,
    "Document Tokens Attending Very Rare Tokens": 0.5321557216696733,
    "Rare Tokens Attending Lexical Match Query Tokens": 0.5263278441817852,
    "All Tokens Attending Rare Lexical Match Query Tokens": 0.5263278441817852,
    "Rare Tokens Attending Rare Lexical Match Query Tokens": 0.5263278441817852,
    "All Tokens Attending Very Rare Tokens": 0.5120202532636524,
    "Rare Document Tokens Attending Very Rare Tokens": 0.4948419689482012,
    "Very Rare Tokens Attending Lexical Match Query Tokens": 0.4903581616249762,
    "All Tokens Attending Very Rare Lexical Match Query Tokens": 0.4903581616249762,
    "Very Rare Tokens Attending Very Rare Lexical Match Query Tokens": 0.4903581616249762,
    "Very Rare Tokens Attending Rare Lexical Match Query Tokens": 0.4903581616249762,
    "Rare Tokens Attending Very Rare Lexical Match Query Tokens": 0.4903581616249762,
    "Rare Tokens Attending Very Rare Tokens": 0.46945429462052657,
    "All Tokens Attending Lexical Match Query Tokens": 0.4582010718629731,
    "Very Rare Document Tokens Attending Very Rare Tokens": 0.3766020545037946,
    "All Tokens Attending Very Rare Document Tokens": -0.3544082604837472,
    "Document Tokens Attending Very Rare Document Tokens": -0.3544082604837472,
    "Very Rare Tokens Attending Very Rare Tokens": 0.3516692143582637,
    "Rare Tokens Attending Rare Document Tokens": 0.2996302480722972,
    "Rare Document Tokens Attending Rare Document Tokens": 0.2996302480722972,
    "Very Rare Tokens Attending Rare Document Tokens": 0.2887907532597561,
    "Very Rare Document Tokens Attending Rare Document Tokens": 0.2887907532597561,
    "Document Tokens Attending Lexical Match Document Tokens": -0.24395526636679313,
    "All Tokens Attending Lexical Match Document Tokens": -0.24395526636679313,
    "Document Tokens Attending Rare Document Tokens": 0.17201705626541292,
    "All Tokens Attending Rare Document Tokens": 0.17201705626541292,
    "Very Rare Document Tokens Attending Semantic Match Tokens": 0.15675537234242315,
    "Very Rare Document Tokens Attending Rare Semantic Match Tokens": 0.15606911115124322,
    "Very Rare Document Tokens Attending Very Rare Semantic Match Tokens": 0.1496280424186916,
    "Rare Document Tokens Attending Very Rare Semantic Match Tokens": 0.14935108842890804,
    "Document Tokens Attending Very Rare Semantic Match Tokens": 0.14469887193811998,
    "Very Rare Tokens Attending Semantic Match Tokens": 0.1437770359834268,
    "Very Rare Tokens Attending Rare Semantic Match Tokens": 0.14303535317463378,
    "Very Rare Document Tokens Attending Very Rare Lexical Match Tokens": 0.14033937986172956,
    "Very Rare Document Tokens Attending Rare Lexical Match Tokens": 0.14033937986172956,
    "Very Rare Document Tokens Attending Lexical Match Tokens": 0.14033937986172956,
    "Rare Document Tokens Attending Very Rare Lexical Match Tokens": 0.14033937986172956,
    "Document Tokens Attending Very Rare Lexical Match Tokens": 0.14033937986172956,
    "Rare Tokens Attending Very Rare Semantic Match Tokens": 0.1370216037370004,
    "Very Rare Tokens Attending Very Rare Semantic Match Tokens": 0.1368768405236444,