{
    "Document Tokens Attending Rare Tokens": 0.7637362637362637,
    "All Tokens Attending Rare Tokens": 0.7484737484737484,
    "Very Rare Tokens Attending Rare Query Tokens": 0.7246642246642245,
    "Rare Tokens Attending Rare Query Tokens": 0.7161172161172161,
    "Very Rare Tokens Attending Query Tokens": 0.7136752136752137,
    "Rare Tokens Attending Very Rare Query Tokens": 0.7124542124542125,
    "All Tokens Attending Rare Query Tokens": 0.7124542124542125,
    "All Tokens Attending Very Rare Query Tokens": 0.7112332112332113,
    "Very Rare Document Tokens Attending Rare Query Tokens": 0.7087912087912087,
    "Rare Document Tokens Attending Rare Tokens": 0.7069597069597069,
    "Rare Document Tokens Attending Rare Query Tokens": 0.7032967032967032,
    "Rare Document Tokens Attending Very Rare Query Tokens": 0.7032967032967032,
    "Document Tokens Attending Very Rare Query Tokens": 0.7008547008547008,
    "Rare Tokens Attending Query Tokens": 0.7002442002442002,
    "Very Rare Document Tokens Attending Query Tokens": 0.6996336996336996,
    "Very Rare Tokens Attending Very Rare Query Tokens": 0.6971916971916973,
    "Very Rare Document Tokens Attending Document Tokens": -0.6923076923076923,
    "Very Rare Tokens Attending Document Tokens": -0.6923076923076923,
    "Very Rare Document Tokens Attending Rare Tokens": 0.691086691086691,
    "All Tokens Attending Document Tokens": -0.6898656898656899,
    "All Tokens Attending Query Tokens": 0.6898656898656899,
    "Document Tokens Attending Rare Query Tokens": 0.6898656898656899,
    "Document Tokens Attending Document Tokens": -0.6898656898656899,
    "Very Rare Document Tokens Attending Very Rare Query Tokens": 0.6892551892551892,
    "Rare Tokens Attending Rare Tokens": 0.6874236874236873,
    "Rare Document Tokens Attending Query Tokens": 0.6868131868131868,
    "Rare Tokens Attending Document Tokens": -0.6825396825396824,
    "Rare Document Tokens Attending Document Tokens": -0.6825396825396824,
    "Very Rare Document Tokens Attending All Tokens": 0.6782661782661782,
    "Document Tokens Attending Lexical Match Query Tokens": 0.6782661782661782,
    "Rare Document Tokens Attending All Tokens": 0.6776556776556776,
    "Document Tokens Attending Query Tokens": 0.6697191697191697,
    "Very Rare Tokens Attending Rare Tokens": 0.669108669108669,
    "Document Tokens Attending Semantic Match Query Tokens": 0.6422466422466423,
    "Rare Document Tokens Attending Semantic Match Query Tokens": 0.6404151404151404,
    "Document Tokens Attending Rare Semantic Match Query Tokens": 0.6404151404151404,
    "Rare Document Tokens Attending Rare Semantic Match Query Tokens": 0.6404151404151404,
    "Very Rare Document Tokens Attending Rare Semantic Match Query Tokens": 0.6269841269841269,
    "Very Rare Document Tokens Attending Semantic Match Query Tokens": 0.6269841269841269,
    "Document Tokens Attending Very Rare Semantic Match Query Tokens": 0.6141636141636141,
    "Rare Document Tokens Attending Very Rare Semantic Match Query Tokens": 0.6141636141636141,
    "Rare Document Tokens Attending Lexical Match Query Tokens": 0.612942612942613,
    "Rare Document Tokens Attending Rare Lexical Match Query Tokens": 0.612942612942613,
    "Document Tokens Attending Rare Lexical Match Query Tokens": 0.612942612942613,
    "Very Rare Document Tokens Attending Very Rare Semantic Match Query Tokens": 0.5946275946275946,
    "Document Tokens Attending Very Rare Lexical Match Query Tokens": 0.5891330891330891,
    "Rare Document Tokens Attending Very Rare Lexical Match Query Tokens": 0.5891330891330891,
    "Very Rare Document Tokens Attending Lexical Match Query Tokens": 0.5891330891330891,
    "Very Rare Document Tokens Attending Very Rare Lexical Match Query Tokens": 0.5891330891330891,
    "Very Rare Document Tokens Attending Rare Lexical Match Query Tokens": 0.5891330891330891,
    "All Tokens Attending Semantic Match Query Tokens": 0.5726495726495726,
    "All Tokens Attending Rare Semantic Match Query Tokens": 0.5592185592185592,
    "Rare Tokens Attending Rare Semantic Match Query Tokens": 0.5586080586080585,
    "Rare Tokens Attending Semantic Match Query Tokens": 0.5586080586080585,
    "Document Tokens Attending Very Rare Tokens": 0.5427350427350427,
    "Very Rare Tokens Attending All Tokens": 0.540903540903541,
    "Very Rare Tokens Attending Rare Semantic Match Query Tokens": 0.532967032967033,
    "Very Rare Tokens Attending Semantic Match Query Tokens": 0.532967032967033,
    "Rare Tokens Attending All Tokens": 0.5268620268620269,
    "Rare Tokens Attending Very Rare Semantic Match Query Tokens": 0.5152625152625152,
    "All Tokens Attending Very Rare Semantic Match Query Tokens": 0.5152625152625152,
    "Very Rare Tokens Attending Very Rare Semantic Match Query Tokens": 0.4945054945054945,
    "Rare Tokens Attending Lexical Match Query Tokens": 0.4731379731379732,
    "All Tokens Attending Rare Lexical Match Query Tokens": 0.4731379731379732,
    "Rare Tokens Attending Rare Lexical Match Query Tokens": 0.4731379731379732,
    "All Tokens Attending Very Rare Tokens": 0.4731379731379732,
    "Very Rare Tokens Attending Lexical Match Query Tokens": 0.44993894993894995,
    "All Tokens Attending Very Rare Lexical Match Query Tokens": 0.44993894993894995,
    "Very Rare Tokens Attending Very Rare Lexical Match Query Tokens": 0.44993894993894995,
    "Very Rare Tokens Attending Rare Lexical Match Query Tokens": 0.44993894993894995,
    "Rare Tokens Attending Very Rare Lexical Match Query Tokens": 0.44993894993894995,
    "Rare Document Tokens Attending Very Rare Tokens": 0.42246642246642246,
    "All Tokens Attending Lexical Match Query Tokens": 0.41208791208791207,
    "Rare Tokens Attending Very Rare Tokens": 0.4072039072039072,
    "All Tokens Attending Very Rare Document Tokens": -0.3321123321123321,
    "Document Tokens Attending Very Rare Document Tokens": -0.3321123321123321,
    "Very Rare Document Tokens Attending Very Rare Tokens": 0.2661782661782661,
    "Document Tokens Attending Lexical Match Document Tokens": -0.2631257631257631,
    "All Tokens Attending Lexical Match Document Tokens": -0.2631257631257631,
    "Very Rare Tokens Attending Very Rare Tokens": 0.24847374847374848,
    "Rare Tokens Attending Rare Document Tokens": 0.2277167277167277,
    "Rare Document Tokens Attending Rare Document Tokens": 0.2277167277167277,
    "Query Tokens Attending Very Rare Lexical Match Tokens": -0.2045177045177045,
    "Rare Query Tokens Attending Very Rare Lexical Match Tokens": -0.2045177045177045,
    "Very Rare Query Tokens Attending Lexical Match Query Tokens": -0.2045177045177045,
    "Very Rare Query Tokens Attending Lexical Match Tokens": -0.2045177045177045,
    "Very Rare Query Tokens Attending Very Rare Lexical Match Tokens": -0.2045177045177045,
    "Very Rare Query Tokens Attending Rare Lexical Match Query Tokens": -0.2045177045177045,
    "Very Rare Query Tokens Attending Very Rare Lexical Match Query Tokens": -0.2045177045177045,
    "Very Rare Query Tokens Attending Rare Lexical Match Tokens": -0.2045177045177045,
    "Rare Query Tokens Attending Very Rare Lexical Match Query Tokens": -0.2045177045177045,
    "Query Tokens Attending Very Rare Lexical Match Query Tokens": -0.2045177045177045,
    "Very Rare Tokens Attending Rare Document Tokens": 0.20024420024420023,
    "Very Rare Document Tokens Attending Rare Document Tokens": 0.20024420024420023,
    "All Tokens Attending Lexical Match Tokens": -0.16971916971916973,
    "Document Tokens Attending Rare Document Tokens": 0.16483516483516483,
    "All Tokens Attending Rare Document Tokens": 0.16483516483516483,
    "Document Tokens Attending Lexical Match Tokens": -0.15445665445665446,
    "Very Rare Query Tokens Attending Very Rare Semantic Match Query Tokens": -0.14224664224664224,
    "Very Rare Query Tokens Attending Very Rare Semantic Match Tokens": -0.14224664224664224,