{
    "Document Tokens Attending Rare Tokens": 0.8498168498168497,
    "All Tokens Attending Rare Tokens": 0.8388278388278387,
    "Rare Document Tokens Attending Rare Tokens": 0.8107448107448108,
    "Very Rare Document Tokens Attending Rare Tokens": 0.8003663003663004,
    "Document Tokens Attending Lexical Match Query Tokens": 0.7991452991452991,
    "Rare Tokens Attending Rare Tokens": 0.7967032967032966,
    "Very Rare Tokens Attending Rare Query Tokens": 0.7924297924297924,
    "Rare Tokens Attending Very Rare Query Tokens": 0.7905982905982906,
    "Very Rare Tokens Attending Very Rare Query Tokens": 0.78998778998779,
    "Very Rare Tokens Attending Rare Tokens": 0.7832722832722833,
    "Very Rare Document Tokens Attending All Tokens": 0.7789987789987789,
    "Rare Tokens Attending Rare Query Tokens": 0.7765567765567766,
    "All Tokens Attending Very Rare Query Tokens": 0.7716727716727717,
    "Rare Document Tokens Attending All Tokens": 0.7698412698412698,
    "Rare Document Tokens Attending Very Rare Query Tokens": 0.7698412698412698,
    "Very Rare Document Tokens Attending Very Rare Query Tokens": 0.7661782661782661,
    "Very Rare Document Tokens Attending Rare Query Tokens": 0.7655677655677656,
    "All Tokens Attending Rare Query Tokens": 0.7619047619047619,
    "Very Rare Tokens Attending Query Tokens": 0.753968253968254,
    "Document Tokens Attending Semantic Match Query Tokens": 0.7527472527472527,
    "Document Tokens Attending Very Rare Query Tokens": 0.7509157509157509,
    "Rare Document Tokens Attending Semantic Match Query Tokens": 0.7509157509157509,
    "Document Tokens Attending Rare Semantic Match Query Tokens": 0.7509157509157509,
    "Rare Document Tokens Attending Rare Semantic Match Query Tokens": 0.7509157509157509,
    "Rare Document Tokens Attending Rare Query Tokens": 0.7509157509157509,
    "Very Rare Document Tokens Attending Rare Semantic Match Query Tokens": 0.7460317460317459,
    "Very Rare Document Tokens Attending Semantic Match Query Tokens": 0.7460317460317459,
    "Rare Tokens Attending Query Tokens": 0.73992673992674,
    "Rare Document Tokens Attending Lexical Match Query Tokens": 0.738095238095238,
    "Rare Document Tokens Attending Rare Lexical Match Query Tokens": 0.738095238095238,
    "Document Tokens Attending Rare Lexical Match Query Tokens": 0.738095238095238,
    "Document Tokens Attending Very Rare Semantic Match Query Tokens": 0.7362637362637362,
    "Rare Document Tokens Attending Very Rare Semantic Match Query Tokens": 0.7362637362637362,
    "Very Rare Document Tokens Attending Query Tokens": 0.7283272283272283,
    "Document Tokens Attending Rare Query Tokens": 0.7277167277167277,
    "All Tokens Attending Document Tokens": -0.7234432234432234,
    "All Tokens Attending Query Tokens": 0.7234432234432234,
    "Document Tokens Attending Document Tokens": -0.7234432234432234,
    "Document Tokens Attending Very Rare Lexical Match Query Tokens": 0.7222222222222221,
    "Rare Document Tokens Attending Very Rare Lexical Match Query Tokens": 0.7222222222222221,
    "Very Rare Document Tokens Attending Lexical Match Query Tokens": 0.7222222222222221,
    "Very Rare Document Tokens Attending Very Rare Lexical Match Query Tokens": 0.7222222222222221,
    "Very Rare Document Tokens Attending Rare Lexical Match Query Tokens": 0.7222222222222221,
    "Very Rare Document Tokens Attending Very Rare Semantic Match Query Tokens": 0.7216117216117217,
    "Rare Document Tokens Attending Query Tokens": 0.7148962148962149,
    "All Tokens Attending Semantic Match Query Tokens": 0.7075702075702076,
    "Very Rare Document Tokens Attending Document Tokens": -0.7039072039072038,
    "Very Rare Tokens Attending Document Tokens": -0.7039072039072038,
    "Rare Tokens Attending Document Tokens": -0.6965811965811965,
    "Rare Document Tokens Attending Document Tokens": -0.6965811965811965,
    "All Tokens Attending Rare Semantic Match Query Tokens": 0.6953601953601952,
    "Rare Tokens Attending Rare Semantic Match Query Tokens": 0.6941391941391941,
    "Rare Tokens Attending Semantic Match Query Tokens": 0.6941391941391941,
    "Document Tokens Attending Query Tokens": 0.6923076923076923,
    "Very Rare Tokens Attending All Tokens": 0.6837606837606838,
    "Document Tokens Attending Very Rare Tokens": 0.6813186813186813,
    "Very Rare Tokens Attending Rare Semantic Match Query Tokens": 0.6752136752136753,
    "Very Rare Tokens Attending Semantic Match Query Tokens": 0.6752136752136753,
    "Rare Tokens Attending All Tokens": 0.673992673992674,
    "Rare Tokens Attending Very Rare Semantic Match Query Tokens": 0.6617826617826618,
    "All Tokens Attending Very Rare Semantic Match Query Tokens": 0.6617826617826618,
    "Very Rare Tokens Attending Very Rare Semantic Match Query Tokens": 0.6422466422466423,
    "Rare Tokens Attending Lexical Match Query Tokens": 0.6257631257631258,
    "All Tokens Attending Rare Lexical Match Query Tokens": 0.6257631257631258,
    "Rare Tokens Attending Rare Lexical Match Query Tokens": 0.6257631257631258,
    "All Tokens Attending Very Rare Tokens": 0.6245421245421245,
    "Very Rare Tokens Attending Lexical Match Query Tokens": 0.6086691086691086,
    "All Tokens Attending Very Rare Lexical Match Query Tokens": 0.6086691086691086,
    "Very Rare Tokens Attending Very Rare Lexical Match Query Tokens": 0.6086691086691086,
    "Very Rare Tokens Attending Rare Lexical Match Query Tokens": 0.6086691086691086,
    "Rare Tokens Attending Very Rare Lexical Match Query Tokens": 0.6086691086691086,
    "Rare Document Tokens Attending Very Rare Tokens": 0.5805860805860806,
    "Rare Tokens Attending Very Rare Tokens": 0.5726495726495726,
    "All Tokens Attending Lexical Match Query Tokens": 0.5592185592185592,
    "Very Rare Document Tokens Attending Very Rare Tokens": 0.44566544566544564,
    "Very Rare Tokens Attending Very Rare Tokens": 0.4297924297924298,
    "Rare Tokens Attending Rare Document Tokens": 0.398046398046398,
    "Rare Document Tokens Attending Rare Document Tokens": 0.398046398046398,
    "Very Rare Tokens Attending Rare Document Tokens": 0.3687423687423687,
    "Very Rare Document Tokens Attending Rare Document Tokens": 0.3687423687423687,
    "Document Tokens Attending Rare Document Tokens": 0.3266178266178266,
    "All Tokens Attending Rare Document Tokens": 0.3266178266178266,
    "Query Tokens Attending Rare Query Tokens": 0.2612942612942613,
    "Query Tokens Attending Rare Tokens": 0.2612942612942613,
    "Very Rare Document Tokens Attending Very Rare Document Tokens": 0.2283272283272283,
    "Very Rare Tokens Attending Very Rare Document Tokens": 0.2283272283272283,
    "Rare Query Tokens Attending Rare Tokens": 0.2216117216117216,
    "Rare Query Tokens Attending Rare Query Tokens": 0.2216117216117216,
    "Very Rare Tokens Attending Rare Semantic Match Tokens": 0.21611721611721613,
    "Rare Document Tokens Attending Very Rare Document Tokens": 0.21611721611721613,
    "Very Rare Tokens Attending Semantic Match Tokens": 0.21611721611721613,
    "Rare Tokens Attending Very Rare Document Tokens": 0.21611721611721613,
    "All Tokens Attending Very Rare Lexical Match Tokens": 0.21306471306471303,
    "Very Rare Tokens Attending Very Rare Lexical Match Tokens": 0.21306471306471303,
    "Very Rare Tokens Attending Rare Lexical Match Tokens": 0.21306471306471303,
    "Very Rare Tokens Attending Lexical Match Tokens": 0.21306471306471303,
    "Rare Tokens Attending Very Rare Lexical Match Tokens": 0.21306471306471303,
    "Rare Document Tokens Attending Semantic Match Tokens": 0.2118437118437118,
    "Rare Document Tokens Attending Rare Semantic Match Tokens": 0.2118437118437118,
    "Document Tokens Attending Rare Semantic Match Tokens": 0.2118437118437118,
    "Rare Document Tokens Attending Lexical Match Tokens": 0.21123321123321123,
    "Document Tokens Attending Rare Lexical Match Tokens": 0.21123321123321123,