{
    "All Tokens Attending Rare Query Tokens": 0.8518842507744331,
    "Rare Document Tokens Attending Rare Query Tokens": 0.8514837814107306,
    "Very Rare Document Tokens Attending Rare Query Tokens": 0.8513919347260734,
    "Document Tokens Attending Rare Query Tokens": 0.8498078958051142,
    "Document Tokens Attending Very Rare Query Tokens": 0.8463183856907185,
    "Rare Tokens Attending Rare Query Tokens": 0.8433593248021061,
    "All Tokens Attending Very Rare Query Tokens": 0.8427847451207304,
    "Very Rare Tokens Attending Rare Query Tokens": 0.840281444968143,
    "Rare Document Tokens Attending Very Rare Query Tokens": 0.8389752098713534,
    "Very Rare Document Tokens Attending Very Rare Query Tokens": 0.8314191954582877,
    "Rare Tokens Attending Very Rare Query Tokens": 0.8202870332938769,
    "Very Rare Tokens Attending Query Tokens": 0.814722842051284,
    "Very Rare Document Tokens Attending Query Tokens": 0.8134538448852632,
    "All Tokens Attending Query Tokens": 0.8110092252086087,
    "All Tokens Attending Document Tokens": -0.8109977111404748,
    "Document Tokens Attending Document Tokens": -0.8109977111404748,
    "Document Tokens Attending Rare Tokens": 0.8085143875665866,
    "Rare Tokens Attending Query Tokens": 0.8074638413157247,
    "Rare Document Tokens Attending Query Tokens": 0.8044893769477888,
    "Document Tokens Attending Query Tokens": 0.8038667660167196,
    "Very Rare Tokens Attending Very Rare Query Tokens": 0.7961840224021703,
    "Rare Tokens Attending Document Tokens": -0.7959328530815291,
    "Rare Document Tokens Attending Document Tokens": -0.7959328530815291,
    "Very Rare Document Tokens Attending Document Tokens": -0.7943604085131745,
    "Very Rare Tokens Attending Document Tokens": -0.7943604085131745,
    "Document Tokens Attending Semantic Match Query Tokens": 0.7941984816213353,
    "All Tokens Attending Rare Tokens": 0.7938393699098008,
    "Document Tokens Attending Rare Semantic Match Query Tokens": 0.7920033066494963,
    "Rare Document Tokens Attending Semantic Match Query Tokens": 0.7915939382781612,
    "Rare Document Tokens Attending Rare Semantic Match Query Tokens": 0.790441062673767,
    "Very Rare Document Tokens Attending Semantic Match Query Tokens": 0.7631727255404217,
    "Very Rare Document Tokens Attending Rare Semantic Match Query Tokens": 0.7621192794353353,
    "Document Tokens Attending Lexical Match Query Tokens": 0.7571163412198803,
    "Document Tokens Attending Very Rare Semantic Match Query Tokens": 0.755315960236254,
    "Rare Document Tokens Attending Very Rare Semantic Match Query Tokens": 0.7551571886376186,
    "Very Rare Document Tokens Attending Very Rare Semantic Match Query Tokens": 0.7461937712235522,
    "Rare Document Tokens Attending Rare Tokens": 0.7353886857465842,
    "Very Rare Document Tokens Attending All Tokens": 0.7351419536783853,
    "Rare Document Tokens Attending Lexical Match Query Tokens": 0.7341915478845707,
    "Rare Document Tokens Attending Rare Lexical Match Query Tokens": 0.7341915478845707,
    "Document Tokens Attending Rare Lexical Match Query Tokens": 0.7341915478845707,
    "Rare Tokens Attending Rare Tokens": 0.7131660104541917,
    "Very Rare Document Tokens Attending Rare Tokens": 0.7120510043038235,
    "Document Tokens Attending Very Rare Lexical Match Query Tokens": 0.7028182233092947,
    "Rare Document Tokens Attending Very Rare Lexical Match Query Tokens": 0.7028182233092947,
    "Very Rare Document Tokens Attending Lexical Match Query Tokens": 0.7028182233092947,
    "Very Rare Document Tokens Attending Very Rare Lexical Match Query Tokens": 0.7028182233092947,
    "Very Rare Document Tokens Attending Rare Lexical Match Query Tokens": 0.7028182233092947,
    "Rare Document Tokens Attending All Tokens": 0.6939471968930979,
    "Very Rare Tokens Attending Rare Tokens": 0.6877072946997789,
    "All Tokens Attending Semantic Match Query Tokens": 0.6530998669025689,
    "All Tokens Attending Rare Semantic Match Query Tokens": 0.6496441377959817,
    "Rare Tokens Attending Semantic Match Query Tokens": 0.6493728949197541,
    "Rare Tokens Attending Rare Semantic Match Query Tokens": 0.6451925071223472,
    "Rare Tokens Attending All Tokens": 0.6209113569071626,
    "Very Rare Tokens Attending Semantic Match Query Tokens": 0.6090372395669391,
    "Very Rare Tokens Attending Rare Semantic Match Query Tokens": 0.6055806891246186,
    "Very Rare Tokens Attending All Tokens": 0.6043027156299596,
    "All Tokens Attending Very Rare Semantic Match Query Tokens": 0.597287216829874,
    "Rare Tokens Attending Very Rare Semantic Match Query Tokens": 0.5967085461924321,
    "Very Rare Tokens Attending Very Rare Semantic Match Query Tokens": 0.5720314123510655,
    "Document Tokens Attending Very Rare Tokens": 0.5321557216696731,
    "Rare Tokens Attending Lexical Match Query Tokens": 0.5263278441817851,
    "All Tokens Attending Rare Lexical Match Query Tokens": 0.5263278441817851,
    "Rare Tokens Attending Rare Lexical Match Query Tokens": 0.5263278441817851,
    "All Tokens Attending Very Rare Tokens": 0.5120202532636522,
    "Rare Document Tokens Attending Very Rare Tokens": 0.49484196894820104,
    "Very Rare Tokens Attending Lexical Match Query Tokens": 0.49035816162497603,
    "All Tokens Attending Very Rare Lexical Match Query Tokens": 0.49035816162497603,
    "Very Rare Tokens Attending Very Rare Lexical Match Query Tokens": 0.49035816162497603,
    "Very Rare Tokens Attending Rare Lexical Match Query Tokens": 0.49035816162497603,
    "Rare Tokens Attending Very Rare Lexical Match Query Tokens": 0.49035816162497603,
    "Rare Tokens Attending Very Rare Tokens": 0.46945429462052635,
    "All Tokens Attending Lexical Match Query Tokens": 0.458201071862973,
    "Very Rare Document Tokens Attending Very Rare Tokens": 0.3766020545037944,
    "All Tokens Attending Very Rare Document Tokens": -0.3544082604837474,
    "Document Tokens Attending Very Rare Document Tokens": -0.3544082604837474,
    "Very Rare Tokens Attending Very Rare Tokens": 0.3516692143582636,
    "Rare Tokens Attending Rare Document Tokens": 0.299630248072297,
    "Rare Document Tokens Attending Rare Document Tokens": 0.299630248072297,
    "Very Rare Tokens Attending Rare Document Tokens": 0.288790753259756,
    "Very Rare Document Tokens Attending Rare Document Tokens": 0.288790753259756,
    "Document Tokens Attending Lexical Match Document Tokens": -0.24395526636679324,
    "All Tokens Attending Lexical Match Document Tokens": -0.24395526636679324,
    "Document Tokens Attending Rare Document Tokens": 0.1720170562654127,
    "All Tokens Attending Rare Document Tokens": 0.1720170562654127,
    "Very Rare Document Tokens Attending Semantic Match Tokens": 0.15675537234242304,
    "Very Rare Document Tokens Attending Rare Semantic Match Tokens": 0.1560691111512431,
    "Very Rare Document Tokens Attending Very Rare Semantic Match Tokens": 0.1496280424186915,
    "Rare Document Tokens Attending Very Rare Semantic Match Tokens": 0.14935108842890787,
    "Document Tokens Attending Very Rare Semantic Match Tokens": 0.1446988719381198,
    "Very Rare Tokens Attending Semantic Match Tokens": 0.14377703598342667,
    "Very Rare Tokens Attending Rare Semantic Match Tokens": 0.14303535317463364,
    "Very Rare Document Tokens Attending Very Rare Lexical Match Tokens": 0.1403393798617294,
    "Very Rare Document Tokens Attending Rare Lexical Match Tokens": 0.1403393798617294,
    "Very Rare Document Tokens Attending Lexical Match Tokens": 0.1403393798617294,
    "Rare Document Tokens Attending Very Rare Lexical Match Tokens": 0.1403393798617294,
    "Document Tokens Attending Very Rare Lexical Match Tokens": 0.1403393798617294,
    "Rare Tokens Attending Very Rare Semantic Match Tokens": 0.13702160373700023,
    "Very Rare Tokens Attending Very Rare Semantic Match Tokens": 0.13687684052364424,