{
    "Rare Document Tokens Attending Rare Tokens": 0.92002442002442,
    "Very Rare Document Tokens Attending Rare Tokens": 0.9175824175824177,
    "Very Rare Tokens Attending Rare Tokens": 0.9139194139194139,
    "Rare Tokens Attending Rare Tokens": 0.9139194139194139,
    "Document Tokens Attending Rare Tokens": 0.9029304029304028,
    "All Tokens Attending Rare Tokens": 0.9029304029304028,
    "Document Tokens Attending Matching Word Query Tokens": 0.9023199023199022,
    "All Tokens Attending Synonymous Query Tokens": 0.8949938949938949,
    "Very Rare Tokens Attending All Tokens": 0.8931623931623932,
    "All Tokens Attending Rare Synonymous Query Tokens": 0.8931623931623932,
    "Rare Tokens Attending Rare Synonymous Query Tokens": 0.8907203907203908,
    "Rare Tokens Attending Synonymous Query Tokens": 0.8907203907203908,
    "Very Rare Tokens Attending Rare Synonymous Query Tokens": 0.8833943833943834,
    "Very Rare Tokens Attending Synonymous Query Tokens": 0.8833943833943834,
    "Rare Tokens Attending Very Rare Synonymous Query Tokens": 0.8797313797313797,
    "All Tokens Attending Very Rare Synonymous Query Tokens": 0.8797313797313797,
    "Very Rare Document Tokens Attending Rare Matching Word Query Tokens": 0.876068376068376,
    "Very Rare Document Tokens Attending Matching Word Query Tokens": 0.876068376068376,
    "Very Rare Document Tokens Attending Very Rare Matching Word Query Tokens": 0.876068376068376,
    "Document Tokens Attending Very Rare Matching Word Query Tokens": 0.876068376068376,
    "Rare Document Tokens Attending Very Rare Matching Word Query Tokens": 0.876068376068376,
    "Document Tokens Attending Rare Matching Word Query Tokens": 0.8736263736263736,
    "Rare Document Tokens Attending Rare Matching Word Query Tokens": 0.8736263736263736,
    "Rare Document Tokens Attending Matching Word Query Tokens": 0.8736263736263736,
    "Very Rare Tokens Attending Very Rare Synonymous Query Tokens": 0.8724053724053724,
    "All Tokens Attending Rare Matching Word Query Tokens": 0.868131868131868,
    "Rare Tokens Attending Rare Matching Word Query Tokens": 0.868131868131868,
    "Rare Tokens Attending Matching Word Query Tokens": 0.868131868131868,
    "Rare Tokens Attending All Tokens": 0.8675213675213675,
    "All Tokens Attending Very Rare Tokens": 0.8669108669108669,
    "Document Tokens Attending Very Rare Tokens": 0.8614163614163614,
    "Rare Tokens Attending Very Rare Matching Word Query Tokens": 0.8565323565323565,
    "Very Rare Tokens Attending Rare Matching Word Query Tokens": 0.8565323565323565,
    "Very Rare Tokens Attending Very Rare Matching Word Query Tokens": 0.8565323565323565,
    "All Tokens Attending Very Rare Matching Word Query Tokens": 0.8565323565323565,
    "Very Rare Tokens Attending Matching Word Query Tokens": 0.8565323565323565,
    "Document Tokens Attending Very Rare Synonymous Query Tokens": 0.8547008547008547,
    "Rare Document Tokens Attending Very Rare Synonymous Query Tokens": 0.8547008547008547,
    "Very Rare Document Tokens Attending Rare Synonymous Query Tokens": 0.8534798534798536,
    "Very Rare Document Tokens Attending Synonymous Query Tokens": 0.8534798534798536,
    "Very Rare Document Tokens Attending Very Rare Synonymous Query Tokens": 0.8528693528693528,
    "Rare Tokens Attending Very Rare Tokens": 0.8412698412698412,
    "Rare Document Tokens Attending Rare Synonymous Query Tokens": 0.8406593406593406,
    "Document Tokens Attending Rare Synonymous Query Tokens": 0.8406593406593406,
    "Rare Document Tokens Attending Synonymous Query Tokens": 0.8406593406593406,
    "Rare Document Tokens Attending Very Rare Tokens": 0.8400488400488401,
    "Document Tokens Attending Synonymous Query Tokens": 0.8388278388278387,
    "Very Rare Tokens Attending Very Rare Query Tokens": 0.8302808302808303,
    "All Tokens Attending Matching Word Query Tokens": 0.8174603174603173,
    "Very Rare Document Tokens Attending All Tokens": 0.8137973137973138,
    "Rare Tokens Attending Very Rare Query Tokens": 0.7973137973137973,
    "Rare Document Tokens Attending All Tokens": 0.7954822954822955,
    "Rare Tokens Attending Rare Document Tokens": 0.7826617826617827,
    "Rare Document Tokens Attending Rare Document Tokens": 0.7826617826617827,
    "Very Rare Tokens Attending Rare Query Tokens": 0.7796092796092796,
    "Very Rare Tokens Attending Rare Document Tokens": 0.7692307692307693,
    "Very Rare Document Tokens Attending Rare Document Tokens": 0.7692307692307693,
    "Very Rare Document Tokens Attending Very Rare Tokens": 0.768009768009768,
    "Very Rare Tokens Attending Very Rare Tokens": 0.7655677655677656,
    "Very Rare Document Tokens Attending Very Rare Query Tokens": 0.7570207570207569,
    "Rare Document Tokens Attending Very Rare Query Tokens": 0.7460317460317459,
    "Rare Tokens Attending Rare Query Tokens": 0.7417582417582417,
    "All Tokens Attending Very Rare Query Tokens": 0.738095238095238,
    "Document Tokens Attending Rare Document Tokens": 0.7191697191697193,
    "All Tokens Attending Rare Document Tokens": 0.7191697191697193,
    "Very Rare Document Tokens Attending Rare Query Tokens": 0.7075702075702076,
    "All Tokens Attending Rare Query Tokens": 0.699023199023199,
    "Document Tokens Attending Very Rare Query Tokens": 0.6892551892551892,
    "Very Rare Document Tokens Attending Very Rare Document Tokens": 0.6746031746031745,
    "Very Rare Tokens Attending Very Rare Document Tokens": 0.6746031746031745,
    "Rare Document Tokens Attending Rare Query Tokens": 0.6703296703296703,
    "Very Rare Tokens Attending Synonymous Tokens": 0.6666666666666665,
    "Very Rare Tokens Attending Rare Synonymous Tokens": 0.6666666666666665,
    "Rare Tokens Attending Rare Matching Word Tokens": 0.6666666666666665,
    "Rare Tokens Attending Rare Synonymous Tokens": 0.6666666666666665,
    "All Tokens Attending Rare Synonymous Tokens": 0.6666666666666665,
    "Rare Tokens Attending Synonymous Tokens": 0.6666666666666665,
    "Rare Tokens Attending Matching Word Tokens": 0.6666666666666665,
    "All Tokens Attending Rare Matching Word Tokens": 0.6666666666666665,
    "Very Rare Tokens Attending Query Tokens": 0.6654456654456654,
    "All Tokens Attending Synonymous Tokens": 0.663003663003663,
    "All Tokens Attending Very Rare Matching Word Tokens": 0.6611721611721612,
    "Very Rare Tokens Attending Rare Matching Word Tokens": 0.6611721611721612,
    "Very Rare Tokens Attending Matching Word Tokens": 0.6611721611721612,
    "Very Rare Tokens Attending Very Rare Matching Word Tokens": 0.6611721611721612,
    "Rare Tokens Attending Very Rare Matching Word Tokens": 0.6611721611721612,
    "All Tokens Attending Very Rare Synonymous Tokens": 0.6611721611721612,
    "Document Tokens Attending Rare Synonymous Tokens": 0.6593406593406593,
    "Rare Document Tokens Attending Rare Synonymous Tokens": 0.6593406593406593,
    "Rare Document Tokens Attending Synonymous Tokens": 0.6593406593406593,
    "Rare Document Tokens Attending Matching Word Tokens": 0.6568986568986569,
    "Rare Document Tokens Attending Rare Matching Word Tokens": 0.6568986568986569,
    "Document Tokens Attending Rare Matching Word Tokens": 0.6568986568986569,
    "Very Rare Tokens Attending Very Rare Synonymous Tokens": 0.6562881562881562,
    "Rare Tokens Attending Very Rare Synonymous Tokens": 0.6562881562881562,
    "Document Tokens Attending Synonymous Tokens": 0.6556776556776556,
    "All Tokens Attending Synonymous Document Tokens": 0.652014652014652,
    "Document Tokens Attending Synonymous Document Tokens": 0.652014652014652,
    "Rare Tokens Attending Synonymous Document Tokens": 0.652014652014652,
    "Rare Document Tokens Attending Synonymous Document Tokens": 0.652014652014652,
    "Rare Document Tokens Attending Rare Synonymous Document Tokens": 0.6514041514041513,
    "Rare Tokens Attending Rare Synonymous Document Tokens": 0.6514041514041513,