{
    "Very Rare Tokens Attending Rare Document Tokens": 0.795566502463054,
    "Very Rare Document Tokens Attending Rare Document Tokens": 0.795566502463054,
    "Document Tokens Attending Rare Document Tokens": 0.7935960591133003,
    "All Tokens Attending Rare Document Tokens": 0.7935960591133003,
    "Rare Tokens Attending Rare Document Tokens": 0.792118226600985,
    "Rare Document Tokens Attending Rare Document Tokens": 0.792118226600985,
    "Rare Document Tokens Attending Very Rare Tokens": 0.7911330049261082,
    "Rare Document Tokens Attending Rare Tokens": 0.7881773399014776,
    "Rare Document Tokens Attending Very Rare Document Tokens": 0.7881773399014776,
    "Rare Tokens Attending Very Rare Document Tokens": 0.7881773399014776,
    "Very Rare Document Tokens Attending Rare Tokens": 0.785221674876847,
    "Very Rare Document Tokens Attending Very Rare Tokens": 0.7842364532019703,
    "Rare Tokens Attending Very Rare Tokens": 0.7802955665024629,
    "All Tokens Attending Very Rare Document Tokens": 0.7714285714285711,
    "Document Tokens Attending Very Rare Document Tokens": 0.7714285714285711,
    "Very Rare Document Tokens Attending Very Rare Document Tokens": 0.769950738916256,
    "Very Rare Tokens Attending Very Rare Document Tokens": 0.769950738916256,
    "Very Rare Tokens Attending Very Rare Tokens": 0.7665024630541871,
    "Rare Tokens Attending Rare Tokens": 0.7620689655172412,
    "All Tokens Attending Rare Tokens": 0.7591133004926107,
    "Document Tokens Attending Rare Tokens": 0.7576354679802954,
    "Very Rare Tokens Attending Rare Tokens": 0.7561576354679801,
    "Document Tokens Attending Very Rare Tokens": 0.7394088669950737,
    "All Tokens Attending Very Rare Tokens": 0.7349753694581279,
    "Rare Tokens Attending Rare Query Tokens": 0.5832512315270935,
    "Very Rare Tokens Attending Rare Query Tokens": 0.5729064039408865,
    "Rare Tokens Attending Very Rare Query Tokens": 0.5650246305418719,
    "Document Tokens Attending Rare Query Tokens": 0.550246305418719,
    "Very Rare Document Tokens Attending Rare Synonymous Tokens": 0.5477832512315269,
    "Very Rare Document Tokens Attending Synonymous Tokens": 0.5477832512315269,
    "Very Rare Tokens Attending Very Rare Query Tokens": 0.5463054187192117,
    "Rare Document Tokens Attending Rare Query Tokens": 0.5433497536945812,
    "Very Rare Document Tokens Attending Rare Query Tokens": 0.5413793103448274,
    "All Tokens Attending Rare Query Tokens": 0.5403940886699506,
    "Rare Document Tokens Attending Very Rare Synonymous Tokens": 0.5379310344827586,
    "Rare Document Tokens Attending Very Rare Query Tokens": 0.5364532019704432,
    "Document Tokens Attending Rare Matching Word Query Tokens": 0.5310344827586206,
    "Rare Document Tokens Attending Rare Matching Word Query Tokens": 0.5310344827586206,
    "Rare Document Tokens Attending Matching Word Query Tokens": 0.5310344827586206,
    "Very Rare Document Tokens Attending Synonymous Query Tokens": 0.5305418719211822,
    "Document Tokens Attending Very Rare Synonymous Query Tokens": 0.524630541871921,
    "Very Rare Document Tokens Attending Rare Synonymous Query Tokens": 0.5236453201970442,
    "Very Rare Document Tokens Attending Rare Matching Word Query Tokens": 0.5231527093596058,
    "Very Rare Document Tokens Attending Matching Word Query Tokens": 0.5231527093596058,
    "Very Rare Document Tokens Attending Very Rare Matching Word Query Tokens": 0.5231527093596058,
    "Document Tokens Attending Very Rare Matching Word Query Tokens": 0.5231527093596058,
    "Rare Document Tokens Attending Very Rare Matching Word Query Tokens": 0.5231527093596058,
    "Rare Tokens Attending Document Tokens": -0.5221674876847289,
    "Rare Document Tokens Attending Document Tokens": -0.5221674876847289,
    "Document Tokens Attending Very Rare Synonymous Tokens": 0.5206896551724137,
    "Very Rare Document Tokens Attending Document Tokens": -0.5142857142857142,
    "Very Rare Tokens Attending Document Tokens": -0.5142857142857142,
    "Rare Document Tokens Attending Very Rare Synonymous Query Tokens": 0.5137931034482758,
    "Rare Document Tokens Attending Rare Synonymous Query Tokens": 0.5123152709359605,
    "Document Tokens Attending Synonymous Query Tokens": 0.5123152709359605,
    "Document Tokens Attending Rare Synonymous Query Tokens": 0.5123152709359605,
    "Rare Document Tokens Attending Synonymous Query Tokens": 0.5123152709359605,
    "Very Rare Document Tokens Attending Very Rare Query Tokens": 0.5113300492610836,
    "Very Rare Document Tokens Attending Very Rare Synonymous Query Tokens": 0.5034482758620689,
    "All Tokens Attending Document Tokens": -0.5014778325123151,
    "All Tokens Attending Query Tokens": 0.5014778325123151,
    "Document Tokens Attending Document Tokens": -0.5014778325123151,
    "Rare Tokens Attending Query Tokens": 0.4935960591133004,
    "Document Tokens Attending Query Tokens": 0.4822660098522167,
    "Document Tokens Attending Very Rare Query Tokens": 0.4748768472906402,
    "Rare Document Tokens Attending Synonymous Tokens": 0.47438423645320177,
    "Very Rare Tokens Attending Query Tokens": 0.4738916256157635,
    "All Tokens Attending Very Rare Query Tokens": 0.46847290640394085,
    "Rare Document Tokens Attending Query Tokens": 0.4679802955665023,
    "Rare Query Tokens Attending Query Tokens": 0.451231527093596,
    "Rare Query Tokens Attending All Tokens": 0.451231527093596,
    "Very Rare Document Tokens Attending Query Tokens": 0.4438423645320196,
    "Document Tokens Attending Rare Synonymous Tokens": 0.4344827586206896,
    "Rare Document Tokens Attending Rare Synonymous Tokens": 0.4344827586206896,
    "Document Tokens Attending Matching Word Query Tokens": 0.4325123152709358,
    "All Tokens Attending Synonymous Query Tokens": 0.4285714285714285,
    "Rare Tokens Attending Rare Synonymous Query Tokens": 0.4285714285714285,
    "Rare Tokens Attending Synonymous Query Tokens": 0.4285714285714285,
    "Query Tokens Attending Rare Query Tokens": 0.42463054187192106,
    "Query Tokens Attending Rare Tokens": 0.42463054187192106,
    "All Tokens Attending Rare Synonymous Query Tokens": 0.42019704433497523,
    "All Tokens Attending Very Rare Synonymous Query Tokens": 0.42019704433497523,
    "Document Tokens Attending Synonymous Tokens": 0.4147783251231526,
    "Query Tokens Attending All Tokens": 0.4123152709359605,
    "Document Tokens Attending All Tokens": -0.4123152709359605,
    "Query Tokens Attending Query Tokens": 0.4123152709359605,
    "Very Rare Tokens Attending Synonymous Query Tokens": 0.41133004926108363,
    "Rare Tokens Attending Very Rare Synonymous Query Tokens": 0.40935960591132997,
    "Very Rare Tokens Attending Synonymous Tokens": 0.40788177339901466,
    "Very Rare Tokens Attending Rare Synonymous Query Tokens": 0.4004926108374383,
    "Very Rare Tokens Attending Rare Synonymous Tokens": 0.39014778325123145,
    "Very Rare Query Tokens Attending All Tokens": 0.38965517241379305,
    "Very Rare Query Tokens Attending Query Tokens": 0.38965517241379305,
    "Very Rare Document Tokens Attending Very Rare Synonymous Tokens": 0.3866995073891625,
    "Very Rare Tokens Attending Very Rare Synonymous Query Tokens": 0.34236453201970435,
    "Very Rare Document Tokens Attending Synonymous Document Tokens": 0.33694581280788166,
    "Very Rare Tokens Attending Synonymous Document Tokens": 0.33694581280788166,
    "Rare Tokens Attending Very Rare Synonymous Tokens": 0.3290640394088669,
    "All Tokens Attending Very Rare Synonymous Tokens": 0.3290640394088669,
    "Rare Tokens Attending Synonymous Tokens": 0.32758620689655166,
    "Query Tokens Attending Very Rare Query Tokens": 0.3206896551724137,
    "Query Tokens Attending Very Rare Tokens": 0.3206896551724137,
    "Rare Query Tokens Attending Rare Tokens": 0.31921182266009845,