{
    "Document Tokens Attending Rare Document Tokens": 0.6092282996729159,
    "All Tokens Attending Rare Document Tokens": 0.6092282996729159,
    "All Tokens Attending Very Rare Document Tokens": 0.5926370930705972,
    "Document Tokens Attending Very Rare Document Tokens": 0.5926370930705972,
    "Document Tokens Attending Rare Tokens": 0.5648609462288011,
    "Rare Tokens Attending Rare Document Tokens": 0.5585093517502562,
    "Rare Document Tokens Attending Rare Document Tokens": 0.5585093517502562,
    "All Tokens Attending Rare Tokens": 0.5455485677538121,
    "Document Tokens Attending Very Rare Tokens": 0.5454570699166318,
    "Rare Document Tokens Attending Very Rare Document Tokens": 0.5429509718601369,
    "Rare Tokens Attending Very Rare Document Tokens": 0.5429509718601369,
    "Very Rare Tokens Attending Rare Document Tokens": 0.5387374329482736,
    "Very Rare Document Tokens Attending Rare Document Tokens": 0.5387374329482736,
    "Rare Document Tokens Attending Rare Tokens": 0.5255397135659121,
    "All Tokens Attending Very Rare Tokens": 0.523321994038976,
    "Rare Document Tokens Attending Very Rare Tokens": 0.513900153491868,
    "Very Rare Document Tokens Attending Rare Tokens": 0.5138246178180843,
    "Rare Tokens Attending Rare Tokens": 0.4958650269718345,
    "Very Rare Document Tokens Attending Very Rare Tokens": 0.4861983446762146,
    "Very Rare Document Tokens Attending Very Rare Document Tokens": 0.4855211408327432,
    "Very Rare Tokens Attending Very Rare Document Tokens": 0.4855211408327432,
    "Very Rare Tokens Attending Rare Tokens": 0.48018349450584424,
    "Rare Tokens Attending Very Rare Tokens": 0.47947142902531015,
    "Very Rare Tokens Attending Very Rare Tokens": 0.4415003066672555,
    "Very Rare Tokens Attending All Tokens": -0.3440953484272181,
    "Rare Document Tokens Attending Semantic Match Tokens": 0.33935807181052335,
    "Very Rare Document Tokens Attending Semantic Match Tokens": 0.3391836411972782,
    "Document Tokens Attending Rare Semantic Match Tokens": 0.33719081420761854,
    "Very Rare Document Tokens Attending Rare Semantic Match Tokens": 0.33605111848065555,
    "Document Tokens Attending Semantic Match Tokens": 0.3343708724285511,
    "Rare Document Tokens Attending Rare Semantic Match Tokens": 0.33302932811549807,
    "Document Tokens Attending Very Rare Semantic Match Tokens": 0.3318344691919332,
    "Rare Document Tokens Attending Very Rare Semantic Match Tokens": 0.33122365981280133,
    "Rare Document Tokens Attending Semantic Match Document Tokens": 0.3091246704093304,
    "Rare Tokens Attending Semantic Match Document Tokens": 0.3091246704093304,
    "Very Rare Document Tokens Attending Semantic Match Document Tokens": 0.3068189745284736,
    "Very Rare Tokens Attending Semantic Match Document Tokens": 0.3068189745284736,
    "Document Tokens Attending Rare Semantic Match Document Tokens": 0.3066089448342289,
    "All Tokens Attending Rare Semantic Match Document Tokens": 0.3066089448342289,
    "Very Rare Document Tokens Attending Very Rare Semantic Match Tokens": 0.3065231904387752,
    "All Tokens Attending Semantic Match Document Tokens": 0.30608509080902024,
    "Document Tokens Attending Semantic Match Document Tokens": 0.30608509080902024,
    "Very Rare Document Tokens Attending Rare Semantic Match Document Tokens": 0.3036910903175556,
    "Very Rare Tokens Attending Rare Semantic Match Document Tokens": 0.3036910903175556,
    "Rare Tokens Attending Rare Semantic Match Document Tokens": 0.30283627347273756,
    "Rare Document Tokens Attending Rare Semantic Match Document Tokens": 0.30283627347273756,
    "Document Tokens Attending Very Rare Semantic Match Document Tokens": 0.29952472152354626,
    "All Tokens Attending Very Rare Semantic Match Document Tokens": 0.29952472152354626,
    "Rare Tokens Attending Very Rare Semantic Match Document Tokens": 0.299321178823088,
    "Rare Document Tokens Attending Very Rare Semantic Match Document Tokens": 0.299321178823088,
    "Rare Tokens Attending Semantic Match Tokens": 0.29401546853850924,
    "All Tokens Attending Rare Semantic Match Tokens": 0.2919768349072057,
    "All Tokens Attending Semantic Match Tokens": 0.2909579702702388,
    "Very Rare Tokens Attending Semantic Match Tokens": 0.28964238997960584,
    "Rare Tokens Attending Rare Semantic Match Tokens": 0.288093374780412,
    "Very Rare Tokens Attending Rare Semantic Match Tokens": 0.28648595500794394,
    "All Tokens Attending Very Rare Semantic Match Tokens": 0.2831854135182237,
    "Rare Tokens Attending Very Rare Semantic Match Tokens": 0.28253734366251715,
    "Very Rare Tokens Attending Very Rare Semantic Match Document Tokens": 0.2777023707810416,
    "Very Rare Document Tokens Attending Very Rare Semantic Match Document Tokens": 0.2777023707810416,
    "Document Tokens Attending Very Rare Lexical Match Query Tokens": 0.27697238703933413,
    "Rare Document Tokens Attending Very Rare Lexical Match Query Tokens": 0.27697238703933413,
    "Very Rare Document Tokens Attending Lexical Match Query Tokens": 0.27697238703933413,
    "Very Rare Document Tokens Attending Very Rare Lexical Match Query Tokens": 0.27697238703933413,
    "Very Rare Document Tokens Attending Rare Lexical Match Query Tokens": 0.27697238703933413,
    "Rare Document Tokens Attending Lexical Match Query Tokens": 0.27342923480190173,
    "Rare Document Tokens Attending Rare Lexical Match Query Tokens": 0.27342923480190173,
    "Document Tokens Attending Rare Lexical Match Query Tokens": 0.27342923480190173,
    "Rare Document Tokens Attending Rare Semantic Match Query Tokens": 0.2639386176601803,
    "Document Tokens Attending Rare Semantic Match Query Tokens": 0.26360276850081904,
    "Rare Document Tokens Attending Semantic Match Query Tokens": 0.2626002762932096,
    "Very Rare Tokens Attending Very Rare Semantic Match Tokens": 0.2589562207081918,
    "Document Tokens Attending Semantic Match Query Tokens": 0.25740463118443724,
    "Very Rare Document Tokens Attending Rare Semantic Match Query Tokens": 0.2519026249727835,
    "Very Rare Document Tokens Attending Semantic Match Query Tokens": 0.2510920929268115,
    "Document Tokens Attending Very Rare Semantic Match Query Tokens": 0.24949081529443856,
    "Rare Document Tokens Attending Very Rare Semantic Match Query Tokens": 0.24841966125519846,
    "Very Rare Document Tokens Attending Very Rare Lexical Match Tokens": 0.24646300339284305,
    "Very Rare Document Tokens Attending Rare Lexical Match Tokens": 0.24646300339284305,
    "Very Rare Document Tokens Attending Lexical Match Tokens": 0.24646300339284305,
    "Rare Document Tokens Attending Very Rare Lexical Match Tokens": 0.24646300339284305,
    "Document Tokens Attending Very Rare Lexical Match Tokens": 0.24646300339284305,
    "Rare Tokens Attending All Tokens": -0.24332486088336305,
    "Rare Document Tokens Attending Lexical Match Tokens": 0.24130457608594977,
    "Document Tokens Attending Rare Lexical Match Tokens": 0.24130457608594977,
    "Rare Document Tokens Attending Rare Lexical Match Tokens": 0.24130457608594977,
    "Very Rare Document Tokens Attending Very Rare Semantic Match Query Tokens": 0.23692866116981962,
    "All Tokens Attending Rare Lexical Match Document Tokens": 0.21494842577883946,
    "Rare Tokens Attending Lexical Match Document Tokens": 0.21494842577883946,
    "Rare Document Tokens Attending Lexical Match Document Tokens": 0.21494842577883946,
    "Rare Tokens Attending Rare Lexical Match Document Tokens": 0.21494842577883946,
    "Rare Document Tokens Attending Rare Lexical Match Document Tokens": 0.21494842577883946,