{
    "Document Tokens Attending Rare Document Tokens": 0.5551391324786024,
    "All Tokens Attending Rare Document Tokens": 0.5551391324786024,
    "All Tokens Attending Very Rare Document Tokens": 0.5550359605261301,
    "Document Tokens Attending Very Rare Document Tokens": 0.5550359605261301,
    "Rare Tokens Attending Rare Document Tokens": 0.5175414252447568,
    "Rare Document Tokens Attending Rare Document Tokens": 0.5175414252447568,
    "Rare Document Tokens Attending Very Rare Document Tokens": 0.5141117819154328,
    "Rare Tokens Attending Very Rare Document Tokens": 0.5141117819154328,
    "Document Tokens Attending Rare Tokens": 0.504983130995192,
    "Document Tokens Attending Very Rare Tokens": 0.5009245489006391,
    "Very Rare Tokens Attending Rare Document Tokens": 0.4974218825013824,
    "Very Rare Document Tokens Attending Rare Document Tokens": 0.4974218825013824,
    "All Tokens Attending Rare Tokens": 0.48731691624386914,
    "All Tokens Attending Very Rare Tokens": 0.4807532624007689,
    "Rare Document Tokens Attending Rare Tokens": 0.4736079671623773,
    "Rare Document Tokens Attending Very Rare Tokens": 0.4720361695813724,
    "Very Rare Document Tokens Attending Very Rare Document Tokens": 0.46943643626655907,
    "Very Rare Tokens Attending Very Rare Document Tokens": 0.46943643626655907,
    "Very Rare Document Tokens Attending Rare Tokens": 0.4605942326091711,
    "Very Rare Document Tokens Attending Very Rare Tokens": 0.4551255648199962,
    "Rare Tokens Attending Rare Tokens": 0.44683669702447354,
    "Rare Tokens Attending Very Rare Tokens": 0.44103532134315315,
    "Very Rare Tokens Attending Rare Tokens": 0.4307753318428299,
    "Very Rare Tokens Attending Very Rare Tokens": 0.41552786117399587,
    "Very Rare Document Tokens Attending Semantic Match Tokens": 0.3584326810564359,
    "Very Rare Document Tokens Attending Rare Semantic Match Tokens": 0.35591821010656505,
    "Rare Document Tokens Attending Semantic Match Tokens": 0.35516972221850907,
    "Document Tokens Attending Rare Semantic Match Tokens": 0.3534708317999132,
    "Document Tokens Attending Very Rare Semantic Match Tokens": 0.3532433915794707,
    "Rare Document Tokens Attending Very Rare Semantic Match Tokens": 0.3525562948533084,
    "Document Tokens Attending Semantic Match Tokens": 0.3512450757378822,
    "Rare Document Tokens Attending Rare Semantic Match Tokens": 0.35004922137720507,
    "Very Rare Document Tokens Attending Semantic Match Document Tokens": 0.3356194877693265,
    "Very Rare Tokens Attending Semantic Match Document Tokens": 0.3356194877693265,
    "Rare Document Tokens Attending Semantic Match Document Tokens": 0.33361292602853987,
    "Rare Tokens Attending Semantic Match Document Tokens": 0.33361292602853987,
    "Very Rare Document Tokens Attending Rare Semantic Match Document Tokens": 0.33303875504895036,
    "Very Rare Tokens Attending Rare Semantic Match Document Tokens": 0.33303875504895036,
    "Very Rare Document Tokens Attending Very Rare Semantic Match Tokens": 0.3319675702895215,
    "Document Tokens Attending Rare Semantic Match Document Tokens": 0.33158607444951976,
    "All Tokens Attending Rare Semantic Match Document Tokens": 0.33158607444951976,
    "All Tokens Attending Semantic Match Document Tokens": 0.33101526332143133,
    "Document Tokens Attending Semantic Match Document Tokens": 0.33101526332143133,
    "Document Tokens Attending Very Rare Semantic Match Document Tokens": 0.33029757332062637,
    "All Tokens Attending Very Rare Semantic Match Document Tokens": 0.33029757332062637,
    "Rare Tokens Attending Very Rare Semantic Match Document Tokens": 0.32997606463297696,
    "Rare Document Tokens Attending Very Rare Semantic Match Document Tokens": 0.32997606463297696,
    "Rare Tokens Attending Rare Semantic Match Document Tokens": 0.32841489083672915,
    "Rare Document Tokens Attending Rare Semantic Match Document Tokens": 0.32841489083672915,
    "Very Rare Tokens Attending All Tokens": -0.3218639679142782,
    "Rare Tokens Attending Semantic Match Tokens": 0.3130981802939575,
    "Very Rare Tokens Attending Semantic Match Tokens": 0.31257089430646073,
    "All Tokens Attending Rare Semantic Match Tokens": 0.3115159165984869,
    "Very Rare Tokens Attending Very Rare Semantic Match Document Tokens": 0.311466263928772,
    "Very Rare Document Tokens Attending Very Rare Semantic Match Document Tokens": 0.311466263928772,
    "All Tokens Attending Semantic Match Tokens": 0.31083978277416896,
    "Very Rare Tokens Attending Rare Semantic Match Tokens": 0.3100248961349869,
    "Rare Tokens Attending Rare Semantic Match Tokens": 0.3083063734274859,
    "All Tokens Attending Very Rare Semantic Match Tokens": 0.3080075231316828,
    "Rare Tokens Attending Very Rare Semantic Match Tokens": 0.3072803741110459,
    "Very Rare Tokens Attending Very Rare Semantic Match Tokens": 0.2875985917124139,
    "Very Rare Document Tokens Attending Very Rare Lexical Match Tokens": 0.28084843242331314,
    "Very Rare Document Tokens Attending Rare Lexical Match Tokens": 0.28084843242331314,
    "Very Rare Document Tokens Attending Lexical Match Tokens": 0.28084843242331314,
    "Rare Document Tokens Attending Very Rare Lexical Match Tokens": 0.28084843242331314,
    "Document Tokens Attending Very Rare Lexical Match Tokens": 0.28084843242331314,
    "Rare Document Tokens Attending Lexical Match Tokens": 0.27425884076793716,
    "Document Tokens Attending Rare Lexical Match Tokens": 0.27425884076793716,
    "Rare Document Tokens Attending Rare Lexical Match Tokens": 0.27425884076793716,
    "Rare Tokens Attending Very Rare Lexical Match Document Tokens": 0.2564042296578781,
    "Very Rare Document Tokens Attending Rare Lexical Match Document Tokens": 0.2564042296578781,
    "Very Rare Tokens Attending Rare Lexical Match Document Tokens": 0.2564042296578781,
    "Document Tokens Attending Very Rare Lexical Match Document Tokens": 0.2564042296578781,
    "Very Rare Tokens Attending Lexical Match Document Tokens": 0.2564042296578781,
    "All Tokens Attending Very Rare Lexical Match Document Tokens": 0.2564042296578781,
    "Very Rare Document Tokens Attending Lexical Match Document Tokens": 0.2564042296578781,
    "Rare Document Tokens Attending Very Rare Lexical Match Document Tokens": 0.2564042296578781,
    "Very Rare Tokens Attending Very Rare Lexical Match Document Tokens": 0.2564042296578781,
    "Very Rare Document Tokens Attending Very Rare Lexical Match Document Tokens": 0.2564042296578781,
    "All Tokens Attending Rare Lexical Match Document Tokens": 0.25469612991781376,
    "Rare Tokens Attending Lexical Match Document Tokens": 0.25469612991781376,
    "Rare Document Tokens Attending Lexical Match Document Tokens": 0.25469612991781376,
    "Rare Tokens Attending Rare Lexical Match Document Tokens": 0.25469612991781376,
    "Rare Document Tokens Attending Rare Lexical Match Document Tokens": 0.25469612991781376,
    "Document Tokens Attending Rare Lexical Match Document Tokens": 0.25469612991781376,
    "All Tokens Attending Very Rare Lexical Match Tokens": 0.23504547840564455,
    "Very Rare Tokens Attending Very Rare Lexical Match Tokens": 0.23504547840564455,
    "Very Rare Tokens Attending Rare Lexical Match Tokens": 0.23504547840564455,
    "Very Rare Tokens Attending Lexical Match Tokens": 0.23504547840564455,
    "Rare Tokens Attending Very Rare Lexical Match Tokens": 0.23504547840564455,
    "Rare Tokens Attending Rare Lexical Match Tokens": 0.2344891001773658,
    "All Tokens Attending Rare Lexical Match Tokens": 0.2344891001773658,
    "Rare Tokens Attending Lexical Match Tokens": 0.2344891001773658,
    "Rare Tokens Attending All Tokens": -0.22093030337567338,
    "Document Tokens Attending Lexical Match Tokens": 0.21313510955266832,
    "Document Tokens Attending Lexical Match Document Tokens": 0.20706545005691712,