{
    "Document Tokens Attending Rare Document Tokens": -0.9295170644901456,
    "All Tokens Attending Rare Document Tokens": -0.9295170644901456,
    "Rare Tokens Attending Rare Document Tokens": -0.9257083296492432,
    "Rare Document Tokens Attending Rare Document Tokens": -0.9257083296492432,
    "Very Rare Tokens Attending Rare Document Tokens": -0.9208155350562659,
    "Very Rare Document Tokens Attending Rare Document Tokens": -0.9208155350562659,
    "Rare Document Tokens Attending Rare Tokens": -0.9182451769349622,
    "Very Rare Document Tokens Attending Rare Tokens": -0.9157349385182414,
    "Rare Tokens Attending Rare Tokens": -0.9131942578175745,
    "Very Rare Tokens Attending Rare Tokens": -0.9102087502900638,
    "Document Tokens Attending Rare Tokens": -0.9076073953403143,
    "All Tokens Attending Rare Tokens": -0.9056628021974711,
    "Rare Document Tokens Attending Very Rare Tokens": -0.9023737805778237,
    "Rare Document Tokens Attending Very Rare Document Tokens": -0.900344434353177,
    "Rare Tokens Attending Very Rare Document Tokens": -0.900344434353177,
    "Rare Tokens Attending Very Rare Tokens": -0.8946009440619713,
    "All Tokens Attending Very Rare Document Tokens": -0.8941658355221744,
    "Document Tokens Attending Very Rare Document Tokens": -0.8941658355221744,
    "Very Rare Document Tokens Attending Very Rare Tokens": -0.8910662041944605,
    "Document Tokens Attending Very Rare Tokens": -0.8816154491799292,
    "Very Rare Tokens Attending Very Rare Tokens": -0.8796997033462015,
    "All Tokens Attending Very Rare Tokens": -0.8783738271488097,
    "Very Rare Document Tokens Attending Very Rare Document Tokens": -0.8733159058989859,
    "Very Rare Tokens Attending Very Rare Document Tokens": -0.8733159058989859,
    "Very Rare Tokens Attending Rare Query Tokens": -0.8370154812082917,
    "Rare Tokens Attending Rare Query Tokens": -0.8350790246047219,
    "Rare Document Tokens Attending Rare Query Tokens": -0.8337025508107085,
    "Very Rare Document Tokens Attending Rare Query Tokens": -0.8332458441073425,
    "All Tokens Attending Rare Semantic Match Query Tokens": -0.8326416153447797,
    "All Tokens Attending Semantic Match Query Tokens": -0.832322191117906,
    "Rare Tokens Attending Semantic Match Query Tokens": -0.8321481605628754,
    "Rare Tokens Attending Rare Semantic Match Query Tokens": -0.8313690623824563,
    "Very Rare Tokens Attending Very Rare Query Tokens": -0.828363052245233,
    "Rare Tokens Attending Very Rare Query Tokens": -0.826356071049097,
    "Rare Document Tokens Attending Semantic Match Tokens": -0.8243185846587664,
    "Rare Document Tokens Attending Rare Semantic Match Tokens": -0.8233469878164901,
    "Document Tokens Attending Rare Semantic Match Tokens": -0.8230095876018368,
    "Very Rare Document Tokens Attending Semantic Match Tokens": -0.8222088009785744,
    "Rare Document Tokens Attending Very Rare Query Tokens": -0.8221312418803035,
    "Very Rare Document Tokens Attending Rare Semantic Match Tokens": -0.8216775716665949,
    "Document Tokens Attending Semantic Match Tokens": -0.820273803749118,
    "Very Rare Document Tokens Attending Very Rare Query Tokens": -0.8199882592319565,
    "Rare Document Tokens Attending Very Rare Semantic Match Tokens": -0.8178365054646735,
    "Document Tokens Attending Very Rare Semantic Match Tokens": -0.8164975173276999,
    "Very Rare Tokens Attending Semantic Match Query Tokens": -0.8142594790562692,
    "Very Rare Tokens Attending Rare Semantic Match Query Tokens": -0.8133888499229442,
    "Document Tokens Attending Semantic Match Query Tokens": -0.8130425047910728,
    "Document Tokens Attending Rare Semantic Match Query Tokens": -0.8118272531069395,
    "Very Rare Document Tokens Attending Very Rare Semantic Match Tokens": -0.8116464011366811,
    "Rare Document Tokens Attending Semantic Match Query Tokens": -0.8115064745075179,
    "Rare Document Tokens Attending Rare Semantic Match Query Tokens": -0.8108410039236258,
    "All Tokens Attending Very Rare Semantic Match Query Tokens": -0.8102004258199673,
    "Rare Tokens Attending Very Rare Semantic Match Query Tokens": -0.8097961613927319,
    "All Tokens Attending Rare Query Tokens": -0.8090787857718464,
    "Document Tokens Attending Rare Query Tokens": -0.80349822639709,
    "Very Rare Tokens Attending Very Rare Semantic Match Query Tokens": -0.8000624864062345,
    "All Tokens Attending Very Rare Query Tokens": -0.7982849220383359,
    "Very Rare Document Tokens Attending Semantic Match Query Tokens": -0.7933422183397756,
    "Very Rare Document Tokens Attending Rare Semantic Match Query Tokens": -0.79274486653123,
    "Document Tokens Attending Very Rare Query Tokens": -0.7919379419194392,
    "Document Tokens Attending Very Rare Semantic Match Query Tokens": -0.7900142090165478,
    "Rare Document Tokens Attending Very Rare Semantic Match Query Tokens": -0.7898149653787709,
    "Rare Tokens Attending Semantic Match Tokens": -0.7890151825047576,
    "Very Rare Tokens Attending Semantic Match Tokens": -0.7881549427633137,
    "Rare Tokens Attending Lexical Match Query Tokens": -0.7879037824599726,
    "All Tokens Attending Rare Lexical Match Query Tokens": -0.7879037824599726,
    "Rare Tokens Attending Rare Lexical Match Query Tokens": -0.7879037824599726,
    "All Tokens Attending Rare Semantic Match Tokens": -0.7871066693639128,
    "Very Rare Tokens Attending Rare Semantic Match Tokens": -0.7866478706334331,
    "Rare Tokens Attending Rare Semantic Match Tokens": -0.7863375523202463,
    "Very Rare Document Tokens Attending Query Tokens": -0.7851491319971902,
    "All Tokens Attending Semantic Match Tokens": -0.7833828588345692,
    "Very Rare Document Tokens Attending Very Rare Semantic Match Query Tokens": -0.7832164830734518,
    "Rare Document Tokens Attending Lexical Match Query Tokens": -0.7831374402122091,
    "Rare Document Tokens Attending Rare Lexical Match Query Tokens": -0.7831374402122091,
    "Document Tokens Attending Rare Lexical Match Query Tokens": -0.7831374402122091,
    "Rare Tokens Attending Very Rare Semantic Match Tokens": -0.7818597015347837,
    "All Tokens Attending Very Rare Semantic Match Tokens": -0.7801137873539848,
    "Rare Document Tokens Attending Query Tokens": -0.7758788645882533,
    "Document Tokens Attending Lexical Match Query Tokens": -0.7722563042275454,
    "Very Rare Tokens Attending Lexical Match Query Tokens": -0.7705124265701759,
    "All Tokens Attending Very Rare Lexical Match Query Tokens": -0.7705124265701759,
    "Very Rare Tokens Attending Very Rare Lexical Match Query Tokens": -0.7705124265701759,
    "Very Rare Tokens Attending Rare Lexical Match Query Tokens": -0.7705124265701759,
    "Rare Tokens Attending Very Rare Lexical Match Query Tokens": -0.7705124265701759,
    "Very Rare Tokens Attending Very Rare Semantic Match Tokens": -0.7689045872832977,
    "Very Rare Tokens Attending Query Tokens": -0.7688956094118244,
    "Document Tokens Attending Very Rare Lexical Match Query Tokens": -0.7679642934862736,
    "Rare Document Tokens Attending Very Rare Lexical Match Query Tokens": -0.7679642934862736,
    "Very Rare Document Tokens Attending Lexical Match Query Tokens": -0.7679642934862736,
    "Very Rare Document Tokens Attending Very Rare Lexical Match Query Tokens": -0.7679642934862736,
    "Very Rare Document Tokens Attending Rare Lexical Match Query Tokens": -0.7679642934862736,
    "Very Rare Document Tokens Attending Very Rare Lexical Match Tokens": -0.7649785594863019,
    "Very Rare Document Tokens Attending Rare Lexical Match Tokens": -0.7649785594863019,
    "Very Rare Document Tokens Attending Lexical Match Tokens": -0.7649785594863019,
    "Rare Document Tokens Attending Very Rare Lexical Match Tokens": -0.7649785594863019,
    "Document Tokens Attending Very Rare Lexical Match Tokens": -0.7649785594863019,
    "Rare Document Tokens Attending Lexical Match Tokens": -0.7644825150889589,