{
    "Document Tokens Attending Matching Word Query Tokens": -0.7285714285714284,
    "All Tokens Attending Rare Tokens": -0.7137931034482757,
    "Very Rare Tokens Attending Rare Tokens": -0.7103448275862068,
    "Rare Tokens Attending Rare Query Tokens": -0.7073891625615761,
    "Rare Tokens Attending Rare Tokens": -0.7029556650246302,
    "Very Rare Tokens Attending Rare Query Tokens": -0.7,
    "Rare Document Tokens Attending Rare Tokens": -0.6980295566502462,
    "Very Rare Document Tokens Attending All Tokens": -0.6975369458128078,
    "Very Rare Document Tokens Attending Rare Tokens": -0.6975369458128078,
    "Document Tokens Attending Rare Tokens": -0.6965517241379309,
    "Rare Tokens Attending Very Rare Query Tokens": -0.693103448275862,
    "Very Rare Tokens Attending Very Rare Query Tokens": -0.6911330049261083,
    "All Tokens Attending Rare Query Tokens": -0.6842364532019704,
    "Rare Document Tokens Attending All Tokens": -0.6807881773399013,
    "Very Rare Tokens Attending Query Tokens": -0.6802955665024629,
    "All Tokens Attending Very Rare Query Tokens": -0.6778325123152708,
    "Rare Tokens Attending Query Tokens": -0.6709359605911328,
    "Very Rare Document Tokens Attending Rare Query Tokens": -0.6684729064039406,
    "Very Rare Document Tokens Attending Rare Matching Word Query Tokens": -0.6669950738916255,
    "Very Rare Document Tokens Attending Matching Word Query Tokens": -0.6669950738916255,
    "Very Rare Document Tokens Attending Very Rare Matching Word Query Tokens": -0.6669950738916255,
    "Document Tokens Attending Very Rare Matching Word Query Tokens": -0.6669950738916255,
    "Rare Document Tokens Attending Very Rare Matching Word Query Tokens": -0.6669950738916255,
    "Rare Document Tokens Attending Rare Query Tokens": -0.6625615763546797,
    "Rare Document Tokens Attending Very Rare Query Tokens": -0.6625615763546797,
    "Document Tokens Attending Rare Matching Word Query Tokens": -0.6610837438423643,
    "Rare Document Tokens Attending Rare Matching Word Query Tokens": -0.6610837438423643,
    "Rare Document Tokens Attending Matching Word Query Tokens": -0.6610837438423643,
    "All Tokens Attending Document Tokens": 0.6576354679802954,
    "All Tokens Attending Query Tokens": -0.6576354679802954,
    "Document Tokens Attending Document Tokens": 0.6576354679802954,
    "Document Tokens Attending Very Rare Query Tokens": -0.6561576354679801,
    "Very Rare Document Tokens Attending Very Rare Query Tokens": -0.6536945812807881,
    "All Tokens Attending Synonymous Query Tokens": -0.6477832512315269,
    "All Tokens Attending Rare Synonymous Query Tokens": -0.6477832512315269,
    "Rare Tokens Attending Rare Synonymous Query Tokens": -0.6477832512315269,
    "Rare Tokens Attending Synonymous Query Tokens": -0.6477832512315269,
    "Document Tokens Attending Synonymous Query Tokens": -0.6443349753694579,
    "Very Rare Tokens Attending Synonymous Query Tokens": -0.6394088669950737,
    "Document Tokens Attending Rare Query Tokens": -0.6394088669950737,
    "Very Rare Document Tokens Attending Synonymous Query Tokens": -0.6389162561576353,
    "Very Rare Document Tokens Attending Query Tokens": -0.6349753694581279,
    "Very Rare Document Tokens Attending Rare Synonymous Query Tokens": -0.6330049261083742,
    "Document Tokens Attending Very Rare Synonymous Query Tokens": -0.6330049261083742,
    "Rare Document Tokens Attending Very Rare Synonymous Query Tokens": -0.6330049261083742,
    "Rare Document Tokens Attending Rare Synonymous Query Tokens": -0.6325123152709358,
    "Document Tokens Attending Rare Synonymous Query Tokens": -0.6325123152709358,
    "Rare Document Tokens Attending Synonymous Query Tokens": -0.6325123152709358,
    "Very Rare Tokens Attending Rare Synonymous Query Tokens": -0.6295566502463052,
    "Rare Tokens Attending Document Tokens": 0.6295566502463052,
    "Rare Document Tokens Attending Document Tokens": 0.6295566502463052,
    "Very Rare Document Tokens Attending Very Rare Synonymous Query Tokens": -0.6285714285714284,
    "Rare Document Tokens Attending Query Tokens": -0.6226600985221674,
    "Very Rare Document Tokens Attending Document Tokens": 0.6182266009852215,
    "Very Rare Tokens Attending Document Tokens": 0.6182266009852215,
    "All Tokens Attending Very Rare Synonymous Query Tokens": -0.6147783251231526,
    "Rare Tokens Attending Very Rare Synonymous Query Tokens": -0.6044334975369456,
    "Rare Tokens Attending All Tokens": -0.6019704433497536,
    "Document Tokens Attending Query Tokens": -0.6014778325123151,
    "Very Rare Tokens Attending Very Rare Synonymous Query Tokens": -0.5980295566502462,
    "Document Tokens Attending Very Rare Tokens": -0.5945812807881772,
    "Very Rare Tokens Attending All Tokens": -0.567487684729064,
    "All Tokens Attending Rare Matching Word Query Tokens": -0.5408866995073891,
    "Rare Tokens Attending Rare Matching Word Query Tokens": -0.5408866995073891,
    "Rare Tokens Attending Matching Word Query Tokens": -0.5408866995073891,
    "Rare Tokens Attending Very Rare Matching Word Query Tokens": -0.5275862068965517,
    "Very Rare Tokens Attending Rare Matching Word Query Tokens": -0.5275862068965517,
    "Very Rare Tokens Attending Very Rare Matching Word Query Tokens": -0.5275862068965517,
    "All Tokens Attending Very Rare Matching Word Query Tokens": -0.5275862068965517,
    "Very Rare Tokens Attending Matching Word Query Tokens": -0.5275862068965517,
    "Rare Document Tokens Attending Very Rare Tokens": -0.4940886699507388,
    "All Tokens Attending Very Rare Tokens": -0.4935960591133004,
    "All Tokens Attending Matching Word Query Tokens": -0.4793103448275861,
    "Rare Tokens Attending Very Rare Tokens": -0.42463054187192106,
    "Very Rare Tokens Attending Very Rare Tokens": -0.3231527093596058,
    "Very Rare Document Tokens Attending Very Rare Tokens": -0.30147783251231525,
    "All Tokens Attending Very Rare Document Tokens": 0.2581280788177339,
    "Document Tokens Attending Very Rare Document Tokens": 0.2581280788177339,
    "Rare Tokens Attending Rare Document Tokens": -0.24088669950738908,
    "Rare Document Tokens Attending Rare Document Tokens": -0.24088669950738908,
    "Document Tokens Attending Matching Word Document Tokens": 0.19507389162561573,
    "All Tokens Attending Matching Word Document Tokens": 0.19507389162561573,
    "Very Rare Tokens Attending Rare Document Tokens": -0.16847290640394083,
    "Very Rare Document Tokens Attending Rare Document Tokens": -0.16847290640394083,
    "Document Tokens Attending Rare Document Tokens": -0.16256157635467974,
    "All Tokens Attending Rare Document Tokens": -0.16256157635467974,
    "Query Tokens Attending Rare Query Tokens": -0.14334975369458125,
    "Query Tokens Attending Rare Tokens": -0.14334975369458125,
    "Query Tokens Attending Synonymous Tokens": -0.11822660098522166,
    "Query Tokens Attending Synonymous Query Tokens": -0.11822660098522166,
    "Query Tokens Attending All Tokens": -0.11773399014778321,
    "Document Tokens Attending All Tokens": 0.11773399014778321,
    "Query Tokens Attending Query Tokens": -0.11773399014778321,
    "Rare Query Tokens Attending Synonymous Query Tokens": -0.11477832512315268,
    "Rare Query Tokens Attending Rare Synonymous Tokens": -0.11477832512315268,
    "Query Tokens Attending Rare Synonymous Tokens": -0.11477832512315268,
    "Rare Query Tokens Attending Rare Synonymous Query Tokens": -0.11477832512315268,
    "Query Tokens Attending Rare Synonymous Query Tokens": -0.11477832512315268,
    "Rare Query Tokens Attending Synonymous Tokens": -0.11477832512315268,
    "Rare Query Tokens Attending Rare Tokens": -0.11083743842364528,
    "Rare Query Tokens Attending Rare Query Tokens": -0.11083743842364528,
    "All Tokens Attending Matching Word Tokens": 0.09802955665024629,
    "Rare Query Tokens Attending Query Tokens": -0.0940886699507389,
    "Rare Query Tokens Attending All Tokens": -0.0940886699507389,