{
    "All Tokens Attending Rare Tokens": -0.5891625615763546,
    "Rare Tokens Attending Rare Query Tokens": -0.5837438423645319,
    "Document Tokens Attending Rare Tokens": -0.5729064039408865,
    "Very Rare Tokens Attending Query Tokens": -0.5709359605911328,
    "Very Rare Tokens Attending Rare Query Tokens": -0.5694581280788177,
    "Document Tokens Attending Matching Word Query Tokens": -0.5694581280788177,
    "Very Rare Document Tokens Attending All Tokens": -0.5684729064039408,
    "All Tokens Attending Rare Query Tokens": -0.566502463054187,
    "Very Rare Tokens Attending Rare Tokens": -0.5610837438423644,
    "Rare Document Tokens Attending Rare Tokens": -0.5591133004926107,
    "Rare Tokens Attending Query Tokens": -0.5586206896551724,
    "Rare Tokens Attending Rare Tokens": -0.5571428571428569,
    "Very Rare Document Tokens Attending Rare Tokens": -0.5566502463054185,
    "Rare Tokens Attending Very Rare Query Tokens": -0.5532019704433496,
    "Rare Document Tokens Attending All Tokens": -0.5532019704433496,
    "Very Rare Document Tokens Attending Rare Query Tokens": -0.5527093596059112,
    "All Tokens Attending Very Rare Query Tokens": -0.551231527093596,
    "All Tokens Attending Document Tokens": 0.5497536945812806,
    "All Tokens Attending Query Tokens": -0.5497536945812806,
    "Document Tokens Attending Document Tokens": 0.5497536945812806,
    "Rare Document Tokens Attending Rare Query Tokens": -0.5482758620689654,
    "Very Rare Document Tokens Attending Query Tokens": -0.5423645320197044,
    "Very Rare Tokens Attending Very Rare Query Tokens": -0.5408866995073891,
    "Document Tokens Attending Very Rare Query Tokens": -0.5394088669950737,
    "Rare Tokens Attending Document Tokens": 0.5379310344827586,
    "Rare Document Tokens Attending Document Tokens": 0.5379310344827586,
    "Rare Document Tokens Attending Very Rare Query Tokens": -0.5344827586206895,
    "Very Rare Document Tokens Attending Document Tokens": 0.5334975369458127,
    "Very Rare Tokens Attending Document Tokens": 0.5334975369458127,
    "Document Tokens Attending Rare Query Tokens": -0.531527093596059,
    "Rare Document Tokens Attending Query Tokens": -0.5241379310344827,
    "Very Rare Document Tokens Attending Very Rare Query Tokens": -0.5147783251231526,
    "Document Tokens Attending Query Tokens": -0.5073891625615763,
    "Very Rare Document Tokens Attending Rare Matching Word Query Tokens": -0.495566502463054,
    "Very Rare Document Tokens Attending Matching Word Query Tokens": -0.495566502463054,
    "Very Rare Document Tokens Attending Very Rare Matching Word Query Tokens": -0.495566502463054,
    "Document Tokens Attending Very Rare Matching Word Query Tokens": -0.495566502463054,
    "Rare Document Tokens Attending Very Rare Matching Word Query Tokens": -0.495566502463054,
    "Document Tokens Attending Rare Matching Word Query Tokens": -0.48866995073891606,
    "Rare Document Tokens Attending Rare Matching Word Query Tokens": -0.48866995073891606,
    "Rare Document Tokens Attending Matching Word Query Tokens": -0.48866995073891606,
    "Document Tokens Attending Synonymous Query Tokens": -0.48029556650246297,
    "All Tokens Attending Synonymous Query Tokens": -0.4778325123152708,
    "All Tokens Attending Rare Synonymous Query Tokens": -0.4778325123152708,
    "Rare Tokens Attending Rare Synonymous Query Tokens": -0.4778325123152708,
    "Rare Tokens Attending Synonymous Query Tokens": -0.4778325123152708,
    "Very Rare Tokens Attending Synonymous Query Tokens": -0.46847290640394085,
    "Very Rare Document Tokens Attending Synonymous Query Tokens": -0.46748768472906393,
    "Rare Document Tokens Attending Rare Synonymous Query Tokens": -0.4635467980295565,
    "Document Tokens Attending Rare Synonymous Query Tokens": -0.4635467980295565,
    "Rare Document Tokens Attending Synonymous Query Tokens": -0.4635467980295565,
    "Document Tokens Attending Very Rare Synonymous Query Tokens": -0.46108374384236434,
    "Rare Document Tokens Attending Very Rare Synonymous Query Tokens": -0.46108374384236434,
    "Very Rare Document Tokens Attending Rare Synonymous Query Tokens": -0.460591133004926,
    "Very Rare Tokens Attending Rare Synonymous Query Tokens": -0.46009852216748753,
    "Very Rare Document Tokens Attending Very Rare Synonymous Query Tokens": -0.45369458128078805,
    "All Tokens Attending Very Rare Synonymous Query Tokens": -0.4413793103448275,
    "Document Tokens Attending Very Rare Tokens": -0.4399014778325122,
    "Rare Tokens Attending Very Rare Synonymous Query Tokens": -0.4310344827586206,
    "Rare Tokens Attending All Tokens": -0.43004926108374375,
    "Very Rare Tokens Attending Very Rare Synonymous Query Tokens": -0.4266009852216748,
    "Very Rare Tokens Attending All Tokens": -0.4004926108374383,
    "All Tokens Attending Rare Matching Word Query Tokens": -0.37142857142857133,
    "Rare Tokens Attending Rare Matching Word Query Tokens": -0.37142857142857133,
    "Rare Tokens Attending Matching Word Query Tokens": -0.37142857142857133,
    "All Tokens Attending Very Rare Document Tokens": 0.36896551724137927,
    "Document Tokens Attending Very Rare Document Tokens": 0.36896551724137927,
    "Document Tokens Attending Matching Word Document Tokens": 0.3576354679802955,
    "All Tokens Attending Matching Word Document Tokens": 0.3576354679802955,
    "Rare Tokens Attending Very Rare Matching Word Query Tokens": -0.35369458128078807,
    "Very Rare Tokens Attending Rare Matching Word Query Tokens": -0.35369458128078807,
    "Very Rare Tokens Attending Very Rare Matching Word Query Tokens": -0.35369458128078807,
    "All Tokens Attending Very Rare Matching Word Query Tokens": -0.35369458128078807,
    "Very Rare Tokens Attending Matching Word Query Tokens": -0.35369458128078807,
    "All Tokens Attending Very Rare Tokens": -0.32463054187192114,
    "Rare Document Tokens Attending Very Rare Tokens": -0.31231527093596056,
    "All Tokens Attending Matching Word Query Tokens": -0.31083743842364525,
    "All Tokens Attending Matching Word Tokens": 0.27241379310344827,
    "Document Tokens Attending Matching Word Tokens": 0.2669950738916256,
    "Query Tokens Attending Very Rare Matching Word Tokens": 0.24236453201970437,
    "Rare Query Tokens Attending Very Rare Matching Word Tokens": 0.24236453201970437,
    "Very Rare Query Tokens Attending Rare Matching Word Query Tokens": 0.24236453201970437,
    "Very Rare Query Tokens Attending Very Rare Matching Word Query Tokens": 0.24236453201970437,
    "Query Tokens Attending Very Rare Matching Word Query Tokens": 0.24236453201970437,
    "Rare Query Tokens Attending Very Rare Matching Word Query Tokens": 0.24236453201970437,
    "Very Rare Query Tokens Attending Matching Word Tokens": 0.24236453201970437,
    "Very Rare Query Tokens Attending Matching Word Query Tokens": 0.24236453201970437,
    "Very Rare Query Tokens Attending Very Rare Matching Word Tokens": 0.24236453201970437,
    "Very Rare Query Tokens Attending Rare Matching Word Tokens": 0.24236453201970437,
    "Rare Tokens Attending Very Rare Tokens": -0.23596059113300488,
    "Very Rare Query Tokens Attending Very Rare Synonymous Tokens": 0.2275862068965517,
    "Very Rare Query Tokens Attending Very Rare Synonymous Query Tokens": 0.2275862068965517,
    "Very Rare Query Tokens Attending Rare Synonymous Query Tokens": 0.22413793103448273,
    "Very Rare Query Tokens Attending Rare Synonymous Tokens": 0.22413793103448273,
    "Very Rare Query Tokens Attending Synonymous Tokens": 0.22167487684729056,
    "Very Rare Query Tokens Attending Synonymous Query Tokens": 0.22167487684729056,
    "Document Tokens Attending Very Rare Synonymous Document Tokens": 0.21871921182266005,
    "All Tokens Attending Very Rare Synonymous Document Tokens": 0.21871921182266005,