{
    "Document Tokens Attending Matching Word Query Tokens": -0.7679802955665023,
    "All Tokens Attending Rare Tokens": -0.757142857142857,
    "Very Rare Tokens Attending Rare Tokens": -0.7517241379310343,
    "Rare Tokens Attending Rare Tokens": -0.7438423645320195,
    "Document Tokens Attending Rare Tokens": -0.7423645320197043,
    "Rare Document Tokens Attending Rare Tokens": -0.7418719211822659,
    "Very Rare Document Tokens Attending Rare Tokens": -0.7413793103448275,
    "Very Rare Document Tokens Attending All Tokens": -0.7231527093596057,
    "Rare Tokens Attending Rare Query Tokens": -0.7133004926108373,
    "Very Rare Tokens Attending Rare Query Tokens": -0.7078817733990146,
    "Very Rare Tokens Attending Very Rare Query Tokens": -0.7064039408866993,
    "Rare Tokens Attending Very Rare Query Tokens": -0.7064039408866993,
    "Very Rare Document Tokens Attending Rare Matching Word Query Tokens": -0.7054187192118224,
    "Very Rare Document Tokens Attending Matching Word Query Tokens": -0.7054187192118224,
    "Very Rare Document Tokens Attending Very Rare Matching Word Query Tokens": -0.7054187192118224,
    "Document Tokens Attending Very Rare Matching Word Query Tokens": -0.7054187192118224,
    "Rare Document Tokens Attending Very Rare Matching Word Query Tokens": -0.7054187192118224,
    "Rare Document Tokens Attending All Tokens": -0.7,
    "Document Tokens Attending Rare Matching Word Query Tokens": -0.6990147783251229,
    "Rare Document Tokens Attending Rare Matching Word Query Tokens": -0.6990147783251229,
    "Rare Document Tokens Attending Matching Word Query Tokens": -0.6990147783251229,
    "All Tokens Attending Very Rare Query Tokens": -0.692118226600985,
    "All Tokens Attending Rare Query Tokens": -0.6871921182266008,
    "Rare Document Tokens Attending Very Rare Query Tokens": -0.6817733990147782,
    "Very Rare Document Tokens Attending Rare Query Tokens": -0.6807881773399013,
    "Document Tokens Attending Synonymous Query Tokens": -0.6773399014778324,
    "Very Rare Tokens Attending Query Tokens": -0.6773399014778324,
    "Very Rare Document Tokens Attending Very Rare Query Tokens": -0.6773399014778324,
    "Rare Document Tokens Attending Rare Query Tokens": -0.6773399014778324,
    "All Tokens Attending Synonymous Query Tokens": -0.6729064039408865,
    "All Tokens Attending Rare Synonymous Query Tokens": -0.6729064039408865,
    "Rare Tokens Attending Rare Synonymous Query Tokens": -0.6729064039408865,
    "Rare Tokens Attending Synonymous Query Tokens": -0.6729064039408865,
    "Document Tokens Attending Very Rare Query Tokens": -0.6719211822660096,
    "Very Rare Document Tokens Attending Synonymous Query Tokens": -0.6709359605911328,
    "Rare Tokens Attending Query Tokens": -0.6704433497536945,
    "Rare Document Tokens Attending Rare Synonymous Query Tokens": -0.6660098522167487,
    "Document Tokens Attending Rare Synonymous Query Tokens": -0.6660098522167487,
    "Rare Document Tokens Attending Synonymous Query Tokens": -0.6660098522167487,
    "Very Rare Document Tokens Attending Rare Synonymous Query Tokens": -0.6640394088669949,
    "Document Tokens Attending Very Rare Synonymous Query Tokens": -0.6640394088669949,
    "Rare Document Tokens Attending Very Rare Synonymous Query Tokens": -0.6640394088669949,
    "Very Rare Tokens Attending Synonymous Query Tokens": -0.6630541871921181,
    "Very Rare Document Tokens Attending Very Rare Synonymous Query Tokens": -0.6591133004926107,
    "All Tokens Attending Document Tokens": 0.6566502463054186,
    "All Tokens Attending Query Tokens": -0.6566502463054186,
    "Document Tokens Attending Document Tokens": 0.6566502463054186,
    "Very Rare Tokens Attending Rare Synonymous Query Tokens": -0.6532019704433496,
    "Document Tokens Attending Rare Query Tokens": -0.6507389162561574,
    "Document Tokens Attending Very Rare Tokens": -0.6428571428571427,
    "Rare Tokens Attending All Tokens": -0.640886699507389,
    "All Tokens Attending Very Rare Synonymous Query Tokens": -0.640886699507389,
    "Very Rare Document Tokens Attending Query Tokens": -0.640886699507389,
    "Rare Document Tokens Attending Query Tokens": -0.6344827586206895,
    "Rare Tokens Attending Very Rare Synonymous Query Tokens": -0.630541871921182,
    "Very Rare Tokens Attending Very Rare Synonymous Query Tokens": -0.6241379310344827,
    "Rare Tokens Attending Document Tokens": 0.6201970443349754,
    "Rare Document Tokens Attending Document Tokens": 0.6201970443349754,
    "Document Tokens Attending Query Tokens": -0.6093596059113299,
    "Very Rare Document Tokens Attending Document Tokens": 0.6059113300492609,
    "Very Rare Tokens Attending Document Tokens": 0.6059113300492609,
    "Very Rare Tokens Attending All Tokens": -0.5970443349753694,
    "All Tokens Attending Rare Matching Word Query Tokens": -0.5684729064039408,
    "Rare Tokens Attending Rare Matching Word Query Tokens": -0.5684729064039408,
    "Rare Tokens Attending Matching Word Query Tokens": -0.5684729064039408,
    "Rare Tokens Attending Very Rare Matching Word Query Tokens": -0.5561576354679802,
    "Very Rare Tokens Attending Rare Matching Word Query Tokens": -0.5561576354679802,
    "Very Rare Tokens Attending Very Rare Matching Word Query Tokens": -0.5561576354679802,
    "All Tokens Attending Very Rare Matching Word Query Tokens": -0.5561576354679802,
    "Very Rare Tokens Attending Matching Word Query Tokens": -0.5561576354679802,
    "Rare Document Tokens Attending Very Rare Tokens": -0.5487684729064038,
    "All Tokens Attending Very Rare Tokens": -0.5453201970443349,
    "All Tokens Attending Matching Word Query Tokens": -0.5098522167487685,
    "Rare Tokens Attending Very Rare Tokens": -0.4793103448275861,
    "Very Rare Tokens Attending Very Rare Tokens": -0.3837438423645319,
    "Very Rare Document Tokens Attending Very Rare Tokens": -0.3660098522167487,
    "Rare Tokens Attending Rare Document Tokens": -0.3128078817733989,
    "Rare Document Tokens Attending Rare Document Tokens": -0.3128078817733989,
    "Very Rare Tokens Attending Rare Document Tokens": -0.24581280788177334,
    "Very Rare Document Tokens Attending Rare Document Tokens": -0.24581280788177334,
    "Document Tokens Attending Rare Document Tokens": -0.23940886699507383,
    "All Tokens Attending Rare Document Tokens": -0.23940886699507383,
    "All Tokens Attending Very Rare Document Tokens": 0.1763546798029556,
    "Document Tokens Attending Very Rare Document Tokens": 0.1763546798029556,
    "Query Tokens Attending Rare Query Tokens": -0.16995073891625612,
    "Query Tokens Attending Rare Tokens": -0.16995073891625612,
    "Query Tokens Attending All Tokens": -0.15369458128078814,
    "Document Tokens Attending All Tokens": 0.15369458128078814,
    "Query Tokens Attending Query Tokens": -0.15369458128078814,
    "Query Tokens Attending Synonymous Tokens": -0.14778325123152705,
    "Query Tokens Attending Synonymous Query Tokens": -0.14778325123152705,
    "Rare Query Tokens Attending Synonymous Query Tokens": -0.1463054187192118,
    "Rare Query Tokens Attending Rare Synonymous Tokens": -0.1463054187192118,
    "Query Tokens Attending Rare Synonymous Tokens": -0.1463054187192118,
    "Rare Query Tokens Attending Rare Synonymous Query Tokens": -0.1463054187192118,
    "Query Tokens Attending Rare Synonymous Query Tokens": -0.1463054187192118,
    "Rare Query Tokens Attending Synonymous Tokens": -0.1463054187192118,
    "Rare Document Tokens Attending Rare Synonymous Tokens": -0.14581280788177337,
    "Rare Document Tokens Attending Synonymous Tokens": -0.14581280788177337,
    "Document Tokens Attending Rare Synonymous Tokens": -0.141871921182266,
    "Document Tokens Attending Synonymous Tokens": -0.1408866995073891,
    "Rare Query Tokens Attending Rare Tokens": -0.13940886699507385,
    "Rare Query Tokens Attending Rare Query Tokens": -0.13940886699507385,