{
    "Rare Tokens Attending Rare Query Tokens": -0.8106909779437792,
    "Document Tokens Attending Matching Word Query Tokens": -0.8033009052186764,
    "Very Rare Tokens Attending Rare Query Tokens": -0.8023155621886626,
    "All Tokens Attending Rare Query Tokens": -0.7897524385559879,
    "Rare Tokens Attending Very Rare Query Tokens": -0.789259767040981,
    "Very Rare Tokens Attending Query Tokens": -0.7877817524959604,
    "Very Rare Tokens Attending Very Rare Query Tokens": -0.785811066435933,
    "Very Rare Tokens Attending Rare Tokens": -0.7818696943158782,
    "Rare Tokens Attending Query Tokens": -0.7808843512858644,
    "All Tokens Attending Very Rare Query Tokens": -0.7762039718932994,
    "All Tokens Attending Document Tokens": 0.7739869500757685,
    "All Tokens Attending Query Tokens": -0.7739869500757685,
    "Document Tokens Attending Document Tokens": 0.7739869500757685,
    "All Tokens Attending Rare Tokens": -0.7720162640157411,
    "Rare Tokens Attending Rare Tokens": -0.766104205835659,
    "Very Rare Document Tokens Attending Rare Matching Word Query Tokens": -0.7629018409881143,
    "Very Rare Document Tokens Attending Matching Word Query Tokens": -0.7629018409881143,
    "Very Rare Document Tokens Attending Very Rare Matching Word Query Tokens": -0.7629018409881143,
    "Document Tokens Attending Very Rare Matching Word Query Tokens": -0.7629018409881143,
    "Rare Document Tokens Attending Very Rare Matching Word Query Tokens": -0.7629018409881143,
    "Document Tokens Attending Rare Matching Word Query Tokens": -0.7589604688680595,
    "Rare Document Tokens Attending Rare Matching Word Query Tokens": -0.7589604688680595,
    "Rare Document Tokens Attending Matching Word Query Tokens": -0.7589604688680595,
    "Rare Document Tokens Attending Rare Tokens": -0.7508313888704463,
    "Rare Tokens Attending Document Tokens": 0.7508313888704463,
    "Rare Document Tokens Attending Document Tokens": 0.7508313888704463,
    "Very Rare Document Tokens Attending Rare Tokens": -0.750585053112943,
    "All Tokens Attending Synonymous Query Tokens": -0.7478753597804052,
    "All Tokens Attending Rare Synonymous Query Tokens": -0.7478753597804052,
    "Rare Tokens Attending Rare Synonymous Query Tokens": -0.7478753597804052,
    "Rare Tokens Attending Synonymous Query Tokens": -0.7478753597804052,
    "Document Tokens Attending Rare Tokens": -0.7459046737203778,
    "Very Rare Document Tokens Attending Rare Query Tokens": -0.7429486446303367,
    "Rare Document Tokens Attending Rare Query Tokens": -0.7409779585703092,
    "Very Rare Tokens Attending Synonymous Query Tokens": -0.740238951297799,
    "Document Tokens Attending Very Rare Query Tokens": -0.7390072725102819,
    "Document Tokens Attending Synonymous Query Tokens": -0.7365439149352476,
    "Very Rare Document Tokens Attending Synonymous Query Tokens": -0.7365439149352476,
    "Rare Document Tokens Attending Very Rare Query Tokens": -0.7360512434202408,
    "Very Rare Document Tokens Attending All Tokens": -0.7338342216027098,
    "Document Tokens Attending Very Rare Synonymous Query Tokens": -0.730385520997662,
    "Rare Document Tokens Attending Very Rare Synonymous Query Tokens": -0.730385520997662,
    "Very Rare Document Tokens Attending Very Rare Query Tokens": -0.7301391852401585,
    "Very Rare Document Tokens Attending Rare Synonymous Query Tokens": -0.7298928494826551,
    "Very Rare Tokens Attending Rare Synonymous Query Tokens": -0.7294001779676482,
    "Very Rare Document Tokens Attending Document Tokens": 0.7286611706951379,
    "Very Rare Tokens Attending Document Tokens": 0.7286611706951379,
    "Very Rare Document Tokens Attending Very Rare Synonymous Query Tokens": -0.7269368203926139,
    "Document Tokens Attending Rare Query Tokens": -0.7264441488776071,
    "Rare Document Tokens Attending Rare Synonymous Query Tokens": -0.7261978131201036,
    "Document Tokens Attending Rare Synonymous Query Tokens": -0.7261978131201036,
    "Rare Document Tokens Attending Synonymous Query Tokens": -0.7261978131201036,
    "Rare Document Tokens Attending All Tokens": -0.7232417840300626,
    "All Tokens Attending Very Rare Synonymous Query Tokens": -0.7156053755474563,
    "Rare Document Tokens Attending Query Tokens": -0.7101859888823809,
    "Very Rare Document Tokens Attending Query Tokens": -0.7092006458523672,
    "Rare Tokens Attending Very Rare Synonymous Query Tokens": -0.7052592737323123,
    "Very Rare Tokens Attending Very Rare Synonymous Query Tokens": -0.6991008797947266,
    "Document Tokens Attending Query Tokens": -0.6914644713121204,
    "Rare Tokens Attending All Tokens": -0.6855524131320382,
    "Very Rare Tokens Attending All Tokens": -0.6515580785965651,
    "All Tokens Attending Rare Matching Word Query Tokens": -0.6473703707190069,
    "Rare Tokens Attending Rare Matching Word Query Tokens": -0.6473703707190069,
    "Rare Tokens Attending Matching Word Query Tokens": -0.6473703707190069,
    "Rare Tokens Attending Very Rare Matching Word Query Tokens": -0.636531597388856,
    "Very Rare Tokens Attending Rare Matching Word Query Tokens": -0.636531597388856,
    "Very Rare Tokens Attending Very Rare Matching Word Query Tokens": -0.636531597388856,
    "All Tokens Attending Very Rare Matching Word Query Tokens": -0.636531597388856,
    "Very Rare Tokens Attending Matching Word Query Tokens": -0.636531597388856,
    "Document Tokens Attending Very Rare Tokens": -0.6362852616313527,
    "All Tokens Attending Matching Word Query Tokens": -0.6010592483083625,
    "Rare Document Tokens Attending Very Rare Tokens": -0.5549944616552217,
    "All Tokens Attending Very Rare Tokens": -0.5480970604451257,
    "Rare Tokens Attending Very Rare Tokens": -0.5012932665194746,
    "Very Rare Tokens Attending Very Rare Tokens": -0.4244365101784053,
    "Very Rare Document Tokens Attending Very Rare Tokens": -0.3938908762479802,
    "Rare Tokens Attending Rare Document Tokens": -0.2941248944590922,
    "Rare Document Tokens Attending Rare Document Tokens": -0.2941248944590922,
    "Query Tokens Attending Rare Query Tokens": -0.25889888113610204,
    "Query Tokens Attending Rare Tokens": -0.25889888113610204,
    "Very Rare Tokens Attending Rare Document Tokens": -0.23204828356822849,
    "Very Rare Document Tokens Attending Rare Document Tokens": -0.23204828356822849,
    "Rare Query Tokens Attending Rare Tokens": -0.23204828356822849,
    "Rare Query Tokens Attending Rare Query Tokens": -0.23204828356822849,
    "Query Tokens Attending Synonymous Tokens": -0.22958492599319424,
    "Query Tokens Attending Synonymous Query Tokens": -0.22958492599319424,
    "Query Tokens Attending All Tokens": -0.22761423993316685,
    "Document Tokens Attending All Tokens": 0.22761423993316685,
    "Query Tokens Attending Query Tokens": -0.22761423993316685,
    "Rare Query Tokens Attending Synonymous Query Tokens": -0.22712156841815995,
    "Rare Query Tokens Attending Rare Synonymous Tokens": -0.22712156841815995,
    "Query Tokens Attending Rare Synonymous Tokens": -0.22712156841815995,
    "Rare Query Tokens Attending Rare Synonymous Query Tokens": -0.22712156841815995,
    "Query Tokens Attending Rare Synonymous Query Tokens": -0.22712156841815995,
    "Rare Query Tokens Attending Synonymous Tokens": -0.22712156841815995,
    "All Tokens Attending Very Rare Document Tokens": 0.22564355387313942,
    "Document Tokens Attending Very Rare Document Tokens": 0.22564355387313942,
    "Rare Query Tokens Attending Query Tokens": -0.22170218175308454,
    "Rare Query Tokens Attending All Tokens": -0.22170218175308454,
    "Rare Document Tokens Attending Rare Synonymous Tokens": -0.21283409448296114,
    "Rare Document Tokens Attending Synonymous Tokens": -0.21283409448296114,
    "Rare Tokens Attending Synonymous Tokens": -0.21160241569544405,
    "Document Tokens Attending Rare Synonymous Tokens": -0.21037073690792693,