{
    "Document Tokens Attending Rare Query Tokens": 0.6009981106467946,
    "Very Rare Document Tokens Attending Rare Query Tokens": 0.5966068243498497,
    "All Tokens Attending Rare Query Tokens": 0.594757487376067,
    "Rare Document Tokens Attending Rare Query Tokens": 0.5938334058524397,
    "Document Tokens Attending Very Rare Query Tokens": 0.5886218420819195,
    "Document Tokens Attending Semantic Match Query Tokens": 0.5798693802327362,
    "Very Rare Document Tokens Attending Very Rare Query Tokens": 0.5796794769100383,
    "Document Tokens Attending Rare Semantic Match Query Tokens": 0.578526952833663,
    "All Tokens Attending Very Rare Query Tokens": 0.5780083733869361,
    "Rare Document Tokens Attending Semantic Match Query Tokens": 0.5779356028444635,
    "Rare Document Tokens Attending Very Rare Query Tokens": 0.5773864223293749,
    "Rare Document Tokens Attending Rare Semantic Match Query Tokens": 0.5772286596109307,
    "Rare Tokens Attending Rare Query Tokens": 0.5734354131246382,
    "Very Rare Tokens Attending Rare Query Tokens": 0.57071410214372,
    "Document Tokens Attending Lexical Match Query Tokens": 0.5662966508821549,
    "Document Tokens Attending Query Tokens": 0.5659481212221493,
    "Very Rare Document Tokens Attending Query Tokens": 0.5635257241246092,
    "All Tokens Attending Query Tokens": 0.5584388743175305,
    "All Tokens Attending Document Tokens": -0.5584219110972382,
    "Document Tokens Attending Document Tokens": -0.5584219110972382,
    "Rare Document Tokens Attending Query Tokens": 0.5537481126742131,
    "Very Rare Document Tokens Attending Semantic Match Query Tokens": 0.5528568791472146,
    "Very Rare Document Tokens Attending Rare Semantic Match Query Tokens": 0.5521997824266258,
    "Rare Tokens Attending Very Rare Query Tokens": 0.5482515785716205,
    "Very Rare Tokens Attending Query Tokens": 0.5477606375048463,
    "Rare Document Tokens Attending Lexical Match Query Tokens": 0.5469398204700457,
    "Rare Document Tokens Attending Rare Lexical Match Query Tokens": 0.5469398204700457,
    "Document Tokens Attending Rare Lexical Match Query Tokens": 0.5469398204700457,
    "Document Tokens Attending Very Rare Semantic Match Query Tokens": 0.5466959583906622,
    "Rare Document Tokens Attending Very Rare Semantic Match Query Tokens": 0.5462916554087912,
    "Rare Tokens Attending Query Tokens": 0.5436443639743214,
    "Very Rare Document Tokens Attending Very Rare Semantic Match Query Tokens": 0.5408732654914306,
    "Rare Tokens Attending Document Tokens": -0.5341666221763488,
    "Rare Document Tokens Attending Document Tokens": -0.5341666221763488,
    "Very Rare Tokens Attending Very Rare Query Tokens": 0.5271189097679877,
    "Document Tokens Attending Very Rare Lexical Match Query Tokens": 0.522016138595335,
    "Rare Document Tokens Attending Very Rare Lexical Match Query Tokens": 0.522016138595335,
    "Very Rare Document Tokens Attending Lexical Match Query Tokens": 0.522016138595335,
    "Very Rare Document Tokens Attending Very Rare Lexical Match Query Tokens": 0.522016138595335,
    "Very Rare Document Tokens Attending Rare Lexical Match Query Tokens": 0.522016138595335,
    "Very Rare Document Tokens Attending Document Tokens": -0.5193549833065636,
    "Very Rare Tokens Attending Document Tokens": -0.5193549833065636,
    "Very Rare Document Tokens Attending All Tokens": 0.47206479174400806,
    "Document Tokens Attending Rare Tokens": 0.45308888400824693,
    "All Tokens Attending Rare Tokens": 0.4396054888899494,
    "All Tokens Attending Very Rare Document Tokens": -0.41122313454101556,
    "Document Tokens Attending Very Rare Document Tokens": -0.41122313454101556,
    "Rare Document Tokens Attending Rare Tokens": 0.4043633260057359,
    "Very Rare Document Tokens Attending Rare Tokens": 0.3984419884544115,
    "Very Rare Tokens Attending All Tokens": 0.3887260790854696,
    "All Tokens Attending Rare Semantic Match Query Tokens": 0.38275638338777374,
    "All Tokens Attending Semantic Match Query Tokens": 0.3823183566643212,
    "Rare Document Tokens Attending All Tokens": 0.38217006110195895,
    "Rare Tokens Attending Semantic Match Query Tokens": 0.3820329376124397,
    "Rare Tokens Attending Rare Tokens": 0.38191113056568293,
    "Rare Tokens Attending Rare Semantic Match Query Tokens": 0.37758838609201806,
    "Very Rare Tokens Attending Rare Tokens": 0.37223096501814434,
    "Rare Tokens Attending All Tokens": 0.36557459174382423,
    "Document Tokens Attending Lexical Match Document Tokens": -0.34322956691441475,
    "All Tokens Attending Lexical Match Document Tokens": -0.34322956691441475,
    "Very Rare Tokens Attending Semantic Match Query Tokens": 0.34307303036063264,
    "Very Rare Tokens Attending Rare Semantic Match Query Tokens": 0.33975384624529786,
    "All Tokens Attending Very Rare Semantic Match Query Tokens": 0.33400630006397364,
    "Rare Tokens Attending Very Rare Semantic Match Query Tokens": 0.333141241699461,
    "Very Rare Tokens Attending Very Rare Semantic Match Query Tokens": 0.30870842091400574,
    "Rare Document Tokens Attending Very Rare Document Tokens": -0.27830651163112546,
    "Rare Tokens Attending Very Rare Document Tokens": -0.27830651163112546,
    "Rare Tokens Attending Lexical Match Query Tokens": 0.2706346746830031,
    "All Tokens Attending Rare Lexical Match Query Tokens": 0.2706346746830031,
    "Rare Tokens Attending Rare Lexical Match Query Tokens": 0.2706346746830031,
    "Document Tokens Attending Lexical Match Tokens": -0.25551089296084517,
    "All Tokens Attending Lexical Match Tokens": -0.24970337456478897,
    "Very Rare Tokens Attending Lexical Match Query Tokens": 0.24813581790210987,
    "All Tokens Attending Very Rare Lexical Match Query Tokens": 0.24813581790210987,
    "Very Rare Tokens Attending Very Rare Lexical Match Query Tokens": 0.24813581790210987,
    "Very Rare Tokens Attending Rare Lexical Match Query Tokens": 0.24813581790210987,
    "Rare Tokens Attending Very Rare Lexical Match Query Tokens": 0.24813581790210987,
    "Very Rare Document Tokens Attending Very Rare Document Tokens": -0.23134567359534847,
    "Very Rare Tokens Attending Very Rare Document Tokens": -0.23134567359534847,
    "All Tokens Attending Semantic Match Document Tokens": -0.2030463102703859,
    "Document Tokens Attending Semantic Match Document Tokens": -0.2030463102703859,
    "Document Tokens Attending Rare Semantic Match Document Tokens": -0.20114918068329285,
    "All Tokens Attending Rare Semantic Match Document Tokens": -0.20114918068329285,
    "Rare Document Tokens Attending Semantic Match Document Tokens": -0.1996991956486081,
    "Rare Tokens Attending Semantic Match Document Tokens": -0.1996991956486081,
    "Rare Tokens Attending Rare Semantic Match Document Tokens": -0.1966178226324774,
    "Rare Document Tokens Attending Rare Semantic Match Document Tokens": -0.1966178226324774,
    "Rare Document Tokens Attending Very Rare Tokens": 0.1887015757395302,
    "Document Tokens Attending Very Rare Tokens": 0.18614826749585292,
    "Document Tokens Attending Very Rare Semantic Match Document Tokens": -0.18084194266113207,
    "All Tokens Attending Very Rare Semantic Match Document Tokens": -0.18084194266113207,
    "Rare Tokens Attending Very Rare Semantic Match Document Tokens": -0.17683157728190668,
    "Rare Document Tokens Attending Very Rare Semantic Match Document Tokens": -0.17683157728190668,
    "Very Rare Document Tokens Attending Semantic Match Document Tokens": -0.17459777370669288,
    "Very Rare Tokens Attending Semantic Match Document Tokens": -0.17459777370669288,
    "Very Rare Document Tokens Attending Rare Semantic Match Document Tokens": -0.17351687350721634,
    "Very Rare Tokens Attending Rare Semantic Match Document Tokens": -0.17351687350721634,
    "All Tokens Attending Very Rare Tokens": 0.17174377682964473,
    "All Tokens Attending Rare Lexical Match Document Tokens": -0.16820586409647903,