{
    "Rare Document Tokens Attending All Tokens": 0.5306451612903227,
    "Very Rare Document Tokens Attending All Tokens": 0.5237903225806452,
    "Document Tokens Attending Lexical Match Query Tokens": 0.5000000000000001,
    "Document Tokens Attending Rare Tokens": 0.4963709677419355,
    "Very Rare Document Tokens Attending Rare Query Tokens": 0.49233870967741944,
    "Rare Document Tokens Attending Rare Query Tokens": 0.48064516129032264,
    "Rare Document Tokens Attending Rare Tokens": 0.480241935483871,
    "All Tokens Attending Rare Tokens": 0.4721774193548387,
    "Very Rare Document Tokens Attending Query Tokens": 0.46612903225806457,
    "Document Tokens Attending Rare Query Tokens": 0.46169354838709675,
    "Rare Tokens Attending Rare Tokens": 0.45725806451612905,
    "Very Rare Tokens Attending Rare Query Tokens": 0.4548387096774194,
    "Very Rare Document Tokens Attending Rare Tokens": 0.45362903225806456,
    "Rare Tokens Attending Rare Query Tokens": 0.45241935483870976,
    "Rare Document Tokens Attending Lexical Match Query Tokens": 0.4504032258064517,
    "Rare Document Tokens Attending Rare Lexical Match Query Tokens": 0.4504032258064517,
    "Document Tokens Attending Rare Lexical Match Query Tokens": 0.4504032258064517,
    "Rare Document Tokens Attending Very Rare Query Tokens": 0.45000000000000007,
    "Very Rare Document Tokens Attending Very Rare Query Tokens": 0.44112903225806455,
    "All Tokens Attending Rare Query Tokens": 0.44112903225806455,
    "Document Tokens Attending Very Rare Query Tokens": 0.4379032258064517,
    "All Tokens Attending Very Rare Query Tokens": 0.4338709677419355,
    "Rare Tokens Attending Document Tokens": -0.4326612903225807,
    "Rare Document Tokens Attending Document Tokens": -0.4326612903225807,
    "Very Rare Tokens Attending Rare Tokens": 0.4298387096774194,
    "Document Tokens Attending Very Rare Lexical Match Query Tokens": 0.42822580645161296,
    "Rare Document Tokens Attending Very Rare Lexical Match Query Tokens": 0.42822580645161296,
    "Very Rare Document Tokens Attending Lexical Match Query Tokens": 0.42822580645161296,
    "Very Rare Document Tokens Attending Very Rare Lexical Match Query Tokens": 0.42822580645161296,
    "Very Rare Document Tokens Attending Rare Lexical Match Query Tokens": 0.42822580645161296,
    "Rare Document Tokens Attending Query Tokens": 0.4278225806451613,
    "Very Rare Tokens Attending Query Tokens": 0.42500000000000004,
    "Rare Tokens Attending Very Rare Query Tokens": 0.42500000000000004,
    "Rare Document Tokens Attending Rare Semantic Match Query Tokens": 0.4237903225806452,
    "Rare Document Tokens Attending Semantic Match Query Tokens": 0.42137096774193555,
    "Document Tokens Attending Rare Semantic Match Query Tokens": 0.42137096774193555,
    "Very Rare Document Tokens Attending Document Tokens": -0.4205645161290323,
    "Rare Tokens Attending Query Tokens": 0.4205645161290323,
    "Very Rare Tokens Attending Document Tokens": -0.4205645161290323,
    "Document Tokens Attending Semantic Match Query Tokens": 0.41935483870967744,
    "Very Rare Document Tokens Attending Rare Semantic Match Query Tokens": 0.41532258064516137,
    "Very Rare Document Tokens Attending Very Rare Semantic Match Query Tokens": 0.41532258064516137,
    "Very Rare Document Tokens Attending Semantic Match Query Tokens": 0.41532258064516137,
    "Rare Document Tokens Attending Very Rare Semantic Match Query Tokens": 0.41008064516129034,
    "Document Tokens Attending Very Rare Semantic Match Query Tokens": 0.40967741935483876,
    "All Tokens Attending Very Rare Document Tokens": -0.40806451612903233,
    "Document Tokens Attending Very Rare Document Tokens": -0.40806451612903233,
    "All Tokens Attending Document Tokens": -0.4060483870967742,
    "All Tokens Attending Query Tokens": 0.4060483870967742,
    "Document Tokens Attending Document Tokens": -0.4060483870967742,
    "Document Tokens Attending Query Tokens": 0.4024193548387097,
    "Rare Tokens Attending All Tokens": 0.4012096774193548,
    "Very Rare Tokens Attending Very Rare Query Tokens": 0.3955645161290324,
    "Very Rare Tokens Attending All Tokens": 0.3713709677419355,
    "Very Rare Tokens Attending Rare Semantic Match Query Tokens": 0.3479838709677419,
    "All Tokens Attending Semantic Match Query Tokens": 0.3479838709677419,
    "Rare Tokens Attending Semantic Match Query Tokens": 0.3479838709677419,
    "All Tokens Attending Rare Semantic Match Query Tokens": 0.3479838709677419,
    "Very Rare Tokens Attending Semantic Match Query Tokens": 0.3467741935483872,
    "Rare Tokens Attending Rare Semantic Match Query Tokens": 0.3455645161290323,
    "Very Rare Tokens Attending Very Rare Semantic Match Query Tokens": 0.34395161290322585,
    "Rare Tokens Attending Very Rare Semantic Match Query Tokens": 0.342741935483871,
    "All Tokens Attending Very Rare Semantic Match Query Tokens": 0.342741935483871,
    "Document Tokens Attending Lexical Match Document Tokens": -0.328225806451613,
    "All Tokens Attending Lexical Match Document Tokens": -0.328225806451613,
    "Rare Tokens Attending Lexical Match Query Tokens": 0.30282258064516127,
    "All Tokens Attending Rare Lexical Match Query Tokens": 0.30282258064516127,
    "Rare Tokens Attending Rare Lexical Match Query Tokens": 0.30282258064516127,
    "Document Tokens Attending Lexical Match Tokens": -0.2758064516129033,
    "Very Rare Tokens Attending Lexical Match Query Tokens": 0.2733870967741936,
    "All Tokens Attending Very Rare Lexical Match Query Tokens": 0.2733870967741936,
    "Very Rare Tokens Attending Very Rare Lexical Match Query Tokens": 0.2733870967741936,
    "Very Rare Tokens Attending Rare Lexical Match Query Tokens": 0.2733870967741936,
    "Rare Tokens Attending Very Rare Lexical Match Query Tokens": 0.2733870967741936,
    "Rare Document Tokens Attending Very Rare Document Tokens": -0.27217741935483875,
    "Rare Tokens Attending Very Rare Document Tokens": -0.27217741935483875,
    "All Tokens Attending Lexical Match Tokens": -0.2564516129032258,
    "All Tokens Attending Semantic Match Document Tokens": -0.2451612903225807,
    "Document Tokens Attending Semantic Match Document Tokens": -0.2451612903225807,
    "Document Tokens Attending Rare Semantic Match Document Tokens": -0.24233870967741936,
    "Rare Document Tokens Attending Semantic Match Document Tokens": -0.24233870967741936,
    "All Tokens Attending Rare Semantic Match Document Tokens": -0.24233870967741936,
    "Rare Tokens Attending Rare Semantic Match Document Tokens": -0.24233870967741936,
    "Rare Tokens Attending Semantic Match Document Tokens": -0.24233870967741936,
    "Rare Document Tokens Attending Rare Semantic Match Document Tokens": -0.24233870967741936,
    "Rare Document Tokens Attending Very Rare Tokens": 0.24153225806451614,
    "Very Rare Document Tokens Attending Rare Semantic Match Document Tokens": -0.23830645161290326,
    "Very Rare Tokens Attending Rare Semantic Match Document Tokens": -0.23830645161290326,
    "Very Rare Document Tokens Attending Semantic Match Document Tokens": -0.23830645161290326,
    "Very Rare Tokens Attending Semantic Match Document Tokens": -0.23830645161290326,
    "Document Tokens Attending Very Rare Semantic Match Document Tokens": -0.23830645161290326,
    "All Tokens Attending Very Rare Semantic Match Document Tokens": -0.23830645161290326,
    "Rare Tokens Attending Very Rare Semantic Match Document Tokens": -0.23709677419354844,
    "Rare Document Tokens Attending Very Rare Semantic Match Document Tokens": -0.23709677419354844,
    "Very Rare Tokens Attending Very Rare Semantic Match Document Tokens": -0.22983870967741934,
    "Very Rare Document Tokens Attending Very Rare Semantic Match Document Tokens": -0.22983870967741934,
    "Very Rare Document Tokens Attending Very Rare Document Tokens": -0.2270161290322581,
    "Very Rare Tokens Attending Very Rare Document Tokens": -0.2270161290322581,