{
    "Document Tokens Attending Rare Query Tokens": 0.5247758373191698,
    "All Tokens Attending Rare Query Tokens": 0.5127519029536094,
    "Very Rare Document Tokens Attending Rare Query Tokens": 0.5112204337912353,
    "Rare Document Tokens Attending Rare Query Tokens": 0.5103379752568484,
    "Document Tokens Attending Very Rare Query Tokens": 0.5063663545327657,
    "Document Tokens Attending Query Tokens": 0.4955473797615638,
    "All Tokens Attending Very Rare Query Tokens": 0.4891463980602226,
    "Rare Document Tokens Attending Very Rare Query Tokens": 0.48748063651453744,
    "Very Rare Document Tokens Attending Very Rare Query Tokens": 0.4872930148458584,
    "Very Rare Document Tokens Attending Query Tokens": 0.4859330567427842,
    "Document Tokens Attending Semantic Match Query Tokens": 0.4841919930269346,
    "Document Tokens Attending Rare Semantic Match Query Tokens": 0.48262278155453997,
    "Rare Tokens Attending Rare Query Tokens": 0.482265867870929,
    "Rare Document Tokens Attending Semantic Match Query Tokens": 0.48201302718387895,
    "Rare Document Tokens Attending Rare Semantic Match Query Tokens": 0.4811953290865847,
    "All Tokens Attending Query Tokens": 0.48099398310852454,
    "All Tokens Attending Document Tokens": -0.4809751594165931,
    "Document Tokens Attending Document Tokens": -0.4809751594165931,
    "Very Rare Tokens Attending Rare Query Tokens": 0.4776960921702059,
    "Rare Document Tokens Attending Query Tokens": 0.47747842810909225,
    "Document Tokens Attending Lexical Match Query Tokens": 0.47017154705300557,
    "Rare Tokens Attending Document Tokens": -0.46679823007442867,
    "Rare Document Tokens Attending Document Tokens": -0.46679823007442867,
    "Very Rare Tokens Attending Query Tokens": 0.46270399275769986,
    "Rare Tokens Attending Query Tokens": 0.4597264577417688,
    "Very Rare Document Tokens Attending Semantic Match Query Tokens": 0.4554020009774085,
    "Very Rare Document Tokens Attending Rare Semantic Match Query Tokens": 0.4546596063037427,
    "Rare Tokens Attending Very Rare Query Tokens": 0.4502830166288256,
    "Very Rare Document Tokens Attending Document Tokens": -0.44935468210744856,
    "Very Rare Tokens Attending Document Tokens": -0.44935468210744856,
    "Document Tokens Attending Very Rare Semantic Match Query Tokens": 0.4490342949204463,
    "Rare Document Tokens Attending Lexical Match Query Tokens": 0.44898191271513477,
    "Rare Document Tokens Attending Rare Lexical Match Query Tokens": 0.44898191271513477,
    "Document Tokens Attending Rare Lexical Match Query Tokens": 0.44898191271513477,
    "Rare Document Tokens Attending Very Rare Semantic Match Query Tokens": 0.4485990479584395,
    "All Tokens Attending Very Rare Document Tokens": -0.44695580380442157,
    "Document Tokens Attending Very Rare Document Tokens": -0.44695580380442157,
    "Very Rare Document Tokens Attending Very Rare Semantic Match Query Tokens": 0.4428577805608426,
    "Very Rare Tokens Attending Very Rare Query Tokens": 0.42645073055262106,
    "Document Tokens Attending Very Rare Lexical Match Query Tokens": 0.42319069949216237,
    "Rare Document Tokens Attending Very Rare Lexical Match Query Tokens": 0.42319069949216237,
    "Very Rare Document Tokens Attending Lexical Match Query Tokens": 0.42319069949216237,
    "Very Rare Document Tokens Attending Very Rare Lexical Match Query Tokens": 0.42319069949216237,
    "Very Rare Document Tokens Attending Rare Lexical Match Query Tokens": 0.42319069949216237,
    "Very Rare Document Tokens Attending All Tokens": 0.40193602616185975,
    "Document Tokens Attending Lexical Match Document Tokens": -0.3979144871501398,
    "All Tokens Attending Lexical Match Document Tokens": -0.3979144871501398,
    "Document Tokens Attending Rare Tokens": 0.3540917039243208,
    "Rare Document Tokens Attending Very Rare Document Tokens": -0.342051259388824,
    "Rare Tokens Attending Very Rare Document Tokens": -0.342051259388824,
    "All Tokens Attending Rare Tokens": 0.3374261305719028,
    "Document Tokens Attending Lexical Match Tokens": -0.32138816612373156,
    "All Tokens Attending Lexical Match Tokens": -0.31572790416754604,
    "Rare Document Tokens Attending All Tokens": 0.30913110265848653,
    "Very Rare Document Tokens Attending Very Rare Document Tokens": -0.30225173958048307,
    "Very Rare Tokens Attending Very Rare Document Tokens": -0.30225173958048307,
    "Rare Document Tokens Attending Rare Tokens": 0.29680396079698357,
    "Very Rare Tokens Attending All Tokens": 0.2913483453373689,
    "Very Rare Document Tokens Attending Rare Tokens": 0.29000509891899057,
    "All Tokens Attending Rare Semantic Match Query Tokens": 0.2875819743072733,
    "All Tokens Attending Semantic Match Query Tokens": 0.28736493793718176,
    "Rare Tokens Attending Semantic Match Query Tokens": 0.2869165928216858,
    "Rare Tokens Attending Rare Semantic Match Query Tokens": 0.2827073863925625,
    "All Tokens Attending Semantic Match Document Tokens": -0.2770273832409471,
    "Document Tokens Attending Semantic Match Document Tokens": -0.2770273832409471,
    "Document Tokens Attending Rare Semantic Match Document Tokens": -0.2759959546833618,
    "All Tokens Attending Rare Semantic Match Document Tokens": -0.2759959546833618,
    "Rare Document Tokens Attending Semantic Match Document Tokens": -0.2748552660893932,
    "Rare Tokens Attending Semantic Match Document Tokens": -0.2748552660893932,
    "Rare Tokens Attending Rare Semantic Match Document Tokens": -0.2720543833993031,
    "Rare Document Tokens Attending Rare Semantic Match Document Tokens": -0.2720543833993031,
    "Rare Tokens Attending Rare Tokens": 0.2718321604671848,
    "Very Rare Tokens Attending Rare Tokens": 0.26137053373987196,
    "Document Tokens Attending Very Rare Semantic Match Document Tokens": -0.26083840015392457,
    "All Tokens Attending Very Rare Semantic Match Document Tokens": -0.26083840015392457,
    "Rare Tokens Attending Very Rare Semantic Match Document Tokens": -0.2574218512305547,
    "Rare Document Tokens Attending Very Rare Semantic Match Document Tokens": -0.2574218512305547,
    "Very Rare Document Tokens Attending Semantic Match Document Tokens": -0.25519025174018006,
    "Very Rare Tokens Attending Semantic Match Document Tokens": -0.25519025174018006,
    "Rare Tokens Attending All Tokens": 0.2545454634401917,
    "Very Rare Document Tokens Attending Rare Semantic Match Document Tokens": -0.254222259865296,
    "Very Rare Tokens Attending Rare Semantic Match Document Tokens": -0.254222259865296,
    "Very Rare Tokens Attending Semantic Match Query Tokens": 0.2512811210054624,
    "Very Rare Tokens Attending Rare Semantic Match Query Tokens": 0.2481737549670019,
    "All Tokens Attending Rare Lexical Match Document Tokens": -0.24777133036467136,
    "Rare Tokens Attending Lexical Match Document Tokens": -0.24777133036467136,
    "Rare Document Tokens Attending Lexical Match Document Tokens": -0.24777133036467136,
    "Rare Tokens Attending Rare Lexical Match Document Tokens": -0.24777133036467136,
    "Rare Document Tokens Attending Rare Lexical Match Document Tokens": -0.24777133036467136,
    "Document Tokens Attending Rare Lexical Match Document Tokens": -0.24777133036467136,
    "Very Rare Tokens Attending Very Rare Semantic Match Document Tokens": -0.24703089054791086,
    "Very Rare Document Tokens Attending Very Rare Semantic Match Document Tokens": -0.24703089054791086,
    "All Tokens Attending Very Rare Semantic Match Query Tokens": 0.2421240553293731,