{
    "Document Tokens Attending Rare Query Tokens": 0.6604191817938596,
    "Very Rare Document Tokens Attending Rare Query Tokens": 0.6548283121102461,
    "Rare Document Tokens Attending Rare Query Tokens": 0.6541850905759392,
    "All Tokens Attending Rare Query Tokens": 0.6514100659750857,
    "Document Tokens Attending Very Rare Query Tokens": 0.6419417017871654,
    "Rare Document Tokens Attending Very Rare Query Tokens": 0.63037526218344,
    "Rare Tokens Attending Rare Query Tokens": 0.6295079679340345,
    "Very Rare Document Tokens Attending Very Rare Query Tokens": 0.6281184722852706,
    "All Tokens Attending Very Rare Query Tokens": 0.6264362793164944,
    "Very Rare Tokens Attending Rare Query Tokens": 0.6238511598334928,
    "Document Tokens Attending Semantic Match Query Tokens": 0.6224433828108312,
    "Document Tokens Attending Rare Semantic Match Query Tokens": 0.6204291435291687,
    "Rare Document Tokens Attending Semantic Match Query Tokens": 0.6198200169411281,
    "Rare Document Tokens Attending Rare Semantic Match Query Tokens": 0.618882408820821,
    "Document Tokens Attending Query Tokens": 0.6173613944521332,
    "Very Rare Document Tokens Attending Query Tokens": 0.6168439817390663,
    "Rare Document Tokens Attending Query Tokens": 0.6070908838080147,
    "All Tokens Attending Query Tokens": 0.6069513111047408,
    "All Tokens Attending Document Tokens": -0.6069329213198141,
    "Document Tokens Attending Document Tokens": -0.6069329213198141,
    "Document Tokens Attending Lexical Match Query Tokens": 0.6014797795965212,
    "Very Rare Tokens Attending Query Tokens": 0.5970639839807377,
    "Rare Tokens Attending Very Rare Query Tokens": 0.5940952978179614,
    "Rare Tokens Attending Query Tokens": 0.5927676423740856,
    "Very Rare Document Tokens Attending Semantic Match Query Tokens": 0.5900262722055368,
    "Rare Tokens Attending Document Tokens": -0.589317200892035,
    "Rare Document Tokens Attending Document Tokens": -0.589317200892035,
    "Very Rare Document Tokens Attending Rare Semantic Match Query Tokens": 0.5892461722559721,
    "Document Tokens Attending Rare Tokens": 0.5824066384137118,
    "Document Tokens Attending Very Rare Semantic Match Query Tokens": 0.5823390880842725,
    "Rare Document Tokens Attending Very Rare Semantic Match Query Tokens": 0.5820413972151642,
    "Very Rare Document Tokens Attending Document Tokens": -0.5795101073296469,
    "Very Rare Tokens Attending Document Tokens": -0.5795101073296469,
    "Very Rare Document Tokens Attending Very Rare Semantic Match Query Tokens": 0.5745209582833986,
    "Rare Document Tokens Attending Lexical Match Query Tokens": 0.572560398742564,
    "Rare Document Tokens Attending Rare Lexical Match Query Tokens": 0.572560398742564,
    "Document Tokens Attending Rare Lexical Match Query Tokens": 0.572560398742564,
    "Very Rare Tokens Attending Very Rare Query Tokens": 0.5677505215213267,
    "Very Rare Document Tokens Attending All Tokens": 0.5628361679347309,
    "All Tokens Attending Rare Tokens": 0.5621675274943556,
    "Document Tokens Attending Very Rare Lexical Match Query Tokens": 0.5414659991118522,
    "Rare Document Tokens Attending Very Rare Lexical Match Query Tokens": 0.5414659991118522,
    "Very Rare Document Tokens Attending Lexical Match Query Tokens": 0.5414659991118522,
    "Very Rare Document Tokens Attending Very Rare Lexical Match Query Tokens": 0.5414659991118522,
    "Very Rare Document Tokens Attending Rare Lexical Match Query Tokens": 0.5414659991118522,
    "Rare Document Tokens Attending Rare Tokens": 0.5064821971787226,
    "Very Rare Document Tokens Attending Rare Tokens": 0.4870750400782392,
    "Rare Tokens Attending Rare Tokens": 0.4760276477308046,
    "Rare Document Tokens Attending All Tokens": 0.4746145282542836,
    "Very Rare Tokens Attending Rare Tokens": 0.45203525347742246,
    "All Tokens Attending Semantic Match Query Tokens": 0.41937846818476776,
    "All Tokens Attending Rare Semantic Match Query Tokens": 0.4184852542642946,
    "Rare Tokens Attending Semantic Match Query Tokens": 0.41786054381246907,
    "Rare Tokens Attending Rare Semantic Match Query Tokens": 0.4130575593457948,
    "All Tokens Attending Very Rare Document Tokens": -0.4103421791735591,
    "Document Tokens Attending Very Rare Document Tokens": -0.4103421791735591,
    "Document Tokens Attending Lexical Match Document Tokens": -0.40066353728305215,
    "All Tokens Attending Lexical Match Document Tokens": -0.40066353728305215,
    "Very Rare Tokens Attending All Tokens": 0.40064456436647633,
    "Rare Tokens Attending All Tokens": 0.39742990206734596,
    "Very Rare Tokens Attending Semantic Match Query Tokens": 0.3707303332739531,
    "Very Rare Tokens Attending Rare Semantic Match Query Tokens": 0.3670110724935127,
    "All Tokens Attending Very Rare Semantic Match Query Tokens": 0.35916968076599726,
    "Rare Tokens Attending Very Rare Semantic Match Query Tokens": 0.358318234958825,
    "Very Rare Tokens Attending Very Rare Semantic Match Query Tokens": 0.3309081576461109,
    "Document Tokens Attending Lexical Match Tokens": -0.30586956108670027,
    "All Tokens Attending Lexical Match Tokens": -0.30524784987003256,
    "Rare Tokens Attending Lexical Match Query Tokens": 0.2879256579120113,
    "All Tokens Attending Rare Lexical Match Query Tokens": 0.2879256579120113,
    "Rare Tokens Attending Rare Lexical Match Query Tokens": 0.2879256579120113,
    "Document Tokens Attending Very Rare Tokens": 0.2826281552435894,
    "Rare Document Tokens Attending Very Rare Document Tokens": -0.26111440465263086,
    "Rare Tokens Attending Very Rare Document Tokens": -0.26111440465263086,
    "All Tokens Attending Very Rare Tokens": 0.25924281399563615,
    "Rare Document Tokens Attending Very Rare Tokens": 0.2549923523622585,
    "Very Rare Tokens Attending Lexical Match Query Tokens": 0.2543039377236586,
    "All Tokens Attending Very Rare Lexical Match Query Tokens": 0.2543039377236586,
    "Very Rare Tokens Attending Very Rare Lexical Match Query Tokens": 0.2543039377236586,
    "Very Rare Tokens Attending Rare Lexical Match Query Tokens": 0.2543039377236586,
    "Rare Tokens Attending Very Rare Lexical Match Query Tokens": 0.2543039377236586,
    "All Tokens Attending Semantic Match Document Tokens": -0.23605174880611635,
    "Document Tokens Attending Semantic Match Document Tokens": -0.23605174880611635,
    "Document Tokens Attending Rare Semantic Match Document Tokens": -0.23479841891242667,
    "All Tokens Attending Rare Semantic Match Document Tokens": -0.23479841891242667,
    "Rare Document Tokens Attending Semantic Match Document Tokens": -0.23275345160238997,
    "Rare Tokens Attending Semantic Match Document Tokens": -0.23275345160238997,
    "Very Rare Document Tokens Attending Very Rare Document Tokens": -0.2321588850789911,
    "Very Rare Tokens Attending Very Rare Document Tokens": -0.2321588850789911,
    "Rare Tokens Attending Rare Semantic Match Document Tokens": -0.22998839398197973,
    "Rare Document Tokens Attending Rare Semantic Match Document Tokens": -0.22998839398197973,
    "Rare Tokens Attending Very Rare Tokens": 0.22282383265424577,
    "Document Tokens Attending Very Rare Semantic Match Document Tokens": -0.21891262090418406,
    "All Tokens Attending Very Rare Semantic Match Document Tokens": -0.21891262090418406,
    "Rare Tokens Attending Very Rare Semantic Match Document Tokens": -0.2140703252110025,
    "Rare Document Tokens Attending Very Rare Semantic Match Document Tokens": -0.2140703252110025,
    "Very Rare Document Tokens Attending Semantic Match Document Tokens": -0.210642158437375,
    "Very Rare Tokens Attending Semantic Match Document Tokens": -0.210642158437375,
    "Very Rare Document Tokens Attending Rare Semantic Match Document Tokens": -0.20980650676682888,
    "Very Rare Tokens Attending Rare Semantic Match Document Tokens": -0.20980650676682888,