{
    "Very Rare Document Tokens Attending Rare Tokens": -0.7001112347052281,
    "Rare Document Tokens Attending Very Rare Tokens": -0.6907675194660734,
    "Rare Document Tokens Attending Rare Tokens": -0.6809788654060066,
    "All Tokens Attending Rare Tokens": -0.6605116796440489,
    "All Tokens Attending Very Rare Tokens": -0.6605116796440489,
    "Document Tokens Attending Very Rare Tokens": -0.6596218020022246,
    "Document Tokens Attending Rare Tokens": -0.6565072302558399,
    "Rare Tokens Attending Rare Tokens": -0.6525027808676307,
    "Very Rare Document Tokens Attending Very Rare Document Tokens": -0.649833147942158,
    "Very Rare Tokens Attending Very Rare Document Tokens": -0.649833147942158,
    "Rare Document Tokens Attending Very Rare Document Tokens": -0.6453837597330366,
    "Rare Tokens Attending Very Rare Document Tokens": -0.6453837597330366,
    "Very Rare Document Tokens Attending Very Rare Tokens": -0.6444938820912125,
    "Very Rare Tokens Attending Rare Document Tokens": -0.6360400444938822,
    "Very Rare Document Tokens Attending Rare Document Tokens": -0.6360400444938822,
    "Very Rare Tokens Attending Rare Tokens": -0.6333704115684093,
    "Rare Tokens Attending Very Rare Tokens": -0.6293659621802001,
    "Document Tokens Attending Semantic Match Tokens": -0.6200222469410456,
    "Very Rare Document Tokens Attending Semantic Match Tokens": -0.617797552836485,
    "Very Rare Document Tokens Attending Rare Semantic Match Tokens": -0.6155728587319244,
    "Rare Document Tokens Attending Semantic Match Tokens": -0.6137931034482759,
    "Document Tokens Attending Rare Semantic Match Tokens": -0.6137931034482759,
    "Very Rare Document Tokens Attending Rare Query Tokens": -0.6133481646273637,
    "Rare Document Tokens Attending Very Rare Query Tokens": -0.6133481646273637,
    "Rare Tokens Attending Rare Document Tokens": -0.6129032258064516,
    "Rare Document Tokens Attending Rare Document Tokens": -0.6129032258064516,
    "Rare Document Tokens Attending Rare Semantic Match Tokens": -0.6124582869855395,
    "Very Rare Document Tokens Attending Very Rare Query Tokens": -0.6106785317018909,
    "Document Tokens Attending Very Rare Semantic Match Tokens": -0.6102335928809789,
    "Rare Document Tokens Attending Very Rare Semantic Match Tokens": -0.6102335928809789,
    "Rare Document Tokens Attending Rare Query Tokens": -0.6097886540600668,
    "Very Rare Tokens Attending Very Rare Tokens": -0.6084538375973303,
    "All Tokens Attending Semantic Match Tokens": -0.6048943270300334,
    "All Tokens Attending Very Rare Document Tokens": -0.603559510567297,
    "Document Tokens Attending Very Rare Document Tokens": -0.603559510567297,
    "Rare Document Tokens Attending Semantic Match Query Tokens": -0.603559510567297,
    "Document Tokens Attending Semantic Match Query Tokens": -0.603559510567297,
    "Document Tokens Attending Rare Semantic Match Query Tokens": -0.603559510567297,
    "Rare Document Tokens Attending Rare Semantic Match Query Tokens": -0.603559510567297,
    "Rare Tokens Attending Semantic Match Tokens": -0.6008898776418242,
    "All Tokens Attending Rare Semantic Match Tokens": -0.6008898776418242,
    "Rare Tokens Attending Rare Semantic Match Tokens": -0.6004449388209121,
    "All Tokens Attending Semantic Match Document Tokens": -0.5995550611790879,
    "Document Tokens Attending Semantic Match Document Tokens": -0.5995550611790879,
    "Document Tokens Attending Rare Document Tokens": -0.5973303670745272,
    "All Tokens Attending Rare Document Tokens": -0.5973303670745272,
    "Rare Tokens Attending Rare Semantic Match Document Tokens": -0.5968854282536151,
    "Rare Document Tokens Attending Rare Semantic Match Document Tokens": -0.5968854282536151,
    "Very Rare Document Tokens Attending Very Rare Semantic Match Tokens": -0.596440489432703,
    "Document Tokens Attending Rare Semantic Match Document Tokens": -0.592880978865406,
    "Rare Document Tokens Attending Semantic Match Document Tokens": -0.592880978865406,
    "All Tokens Attending Rare Semantic Match Document Tokens": -0.592880978865406,
    "Rare Tokens Attending Semantic Match Document Tokens": -0.592880978865406,
    "Very Rare Tokens Attending Rare Semantic Match Tokens": -0.5919911012235817,
    "Very Rare Document Tokens Attending Semantic Match Query Tokens": -0.5911012235817574,
    "Very Rare Tokens Attending Rare Query Tokens": -0.589321468298109,
    "Very Rare Document Tokens Attending Rare Semantic Match Query Tokens": -0.5879866518353727,
    "Rare Tokens Attending Very Rare Semantic Match Tokens": -0.5875417130144606,
    "Very Rare Tokens Attending Semantic Match Tokens": -0.5875417130144606,
    "Rare Tokens Attending Rare Query Tokens": -0.5866518353726363,
    "Rare Document Tokens Attending Lexical Match Query Tokens": -0.5848720800889877,
    "Document Tokens Attending Very Rare Semantic Match Query Tokens": -0.5848720800889877,
    "Rare Document Tokens Attending Rare Lexical Match Query Tokens": -0.5848720800889877,
    "Rare Document Tokens Attending Very Rare Semantic Match Query Tokens": -0.5848720800889877,
    "Document Tokens Attending Rare Lexical Match Query Tokens": -0.5848720800889877,
    "All Tokens Attending Very Rare Semantic Match Tokens": -0.582202447163515,
    "Document Tokens Attending Very Rare Query Tokens": -0.5817575083426029,
    "Very Rare Tokens Attending Very Rare Semantic Match Tokens": -0.5808676307007786,
    "Very Rare Document Tokens Attending Very Rare Semantic Match Query Tokens": -0.5799777530589544,
    "Rare Tokens Attending Very Rare Query Tokens": -0.5768631813125694,
    "Document Tokens Attending Rare Query Tokens": -0.5759733036707452,
    "Very Rare Tokens Attending Very Rare Query Tokens": -0.5733036707452726,
    "Document Tokens Attending Very Rare Lexical Match Query Tokens": -0.5724137931034483,
    "Rare Document Tokens Attending Very Rare Lexical Match Query Tokens": -0.5724137931034483,
    "Very Rare Document Tokens Attending Lexical Match Query Tokens": -0.5724137931034483,
    "Very Rare Document Tokens Attending Very Rare Lexical Match Query Tokens": -0.5724137931034483,
    "Very Rare Document Tokens Attending Rare Lexical Match Query Tokens": -0.5724137931034483,
    "Very Rare Document Tokens Attending Rare Semantic Match Document Tokens": -0.5719688542825361,
    "Very Rare Tokens Attending Rare Semantic Match Document Tokens": -0.5719688542825361,
    "Document Tokens Attending Very Rare Semantic Match Document Tokens": -0.5719688542825361,
    "All Tokens Attending Very Rare Semantic Match Document Tokens": -0.5719688542825361,
    "All Tokens Attending Rare Query Tokens": -0.5710789766407119,
    "Very Rare Document Tokens Attending Semantic Match Document Tokens": -0.5675194660734149,
    "Very Rare Tokens Attending Semantic Match Document Tokens": -0.5675194660734149,
    "Rare Tokens Attending Very Rare Semantic Match Document Tokens": -0.5675194660734149,
    "Rare Document Tokens Attending Very Rare Semantic Match Document Tokens": -0.5675194660734149,
    "Document Tokens Attending Lexical Match Query Tokens": -0.5630700778642936,
    "Rare Document Tokens Attending Lexical Match Tokens": -0.5621802002224694,
    "Document Tokens Attending Rare Lexical Match Tokens": -0.5621802002224694,
    "Rare Document Tokens Attending Rare Lexical Match Tokens": -0.5621802002224694,
    "Very Rare Tokens Attending Very Rare Semantic Match Document Tokens": -0.5599555061179087,
    "Very Rare Document Tokens Attending Very Rare Semantic Match Document Tokens": -0.5599555061179087,
    "Document Tokens Attending Query Tokens": -0.5488320355951056,
    "Very Rare Document Tokens Attending Query Tokens": -0.5421579532814237,
    "Rare Document Tokens Attending Query Tokens": -0.5394883203559511,
    "All Tokens Attending Very Rare Query Tokens": -0.5385984427141268,
    "Rare Tokens Attending Document Tokens": 0.5181312569521691,