{
    "Document Tokens Attending Matching Word Query Tokens": -0.5612903225806452,
    "Very Rare Document Tokens Attending All Tokens": -0.5475806451612903,
    "Rare Document Tokens Attending All Tokens": -0.5467741935483872,
    "Very Rare Document Tokens Attending Rare Query Tokens": -0.5431451612903226,
    "Rare Document Tokens Attending Rare Query Tokens": -0.5346774193548388,
    "Very Rare Tokens Attending Rare Query Tokens": -0.526209677419355,
    "Rare Tokens Attending Rare Query Tokens": -0.5241935483870969,
    "Document Tokens Attending Rare Tokens": -0.5217741935483872,
    "Rare Document Tokens Attending Rare Tokens": -0.5185483870967742,
    "Document Tokens Attending Rare Query Tokens": -0.5165322580645162,
    "Document Tokens Attending Rare Matching Word Query Tokens": -0.5161290322580646,
    "Rare Document Tokens Attending Rare Matching Word Query Tokens": -0.5161290322580646,
    "Rare Document Tokens Attending Matching Word Query Tokens": -0.5161290322580646,
    "All Tokens Attending Rare Query Tokens": -0.5133064516129032,
    "Very Rare Document Tokens Attending Query Tokens": -0.5096774193548388,
    "Rare Tokens Attending Rare Tokens": -0.5092741935483871,
    "All Tokens Attending Rare Tokens": -0.5076612903225807,
    "All Tokens Attending Very Rare Query Tokens": -0.5076612903225807,
    "Rare Tokens Attending Document Tokens": 0.5044354838709678,
    "Rare Document Tokens Attending Document Tokens": 0.5044354838709678,
    "Very Rare Tokens Attending Query Tokens": -0.49959677419354837,
    "Very Rare Document Tokens Attending Rare Tokens": -0.4991935483870968,
    "Rare Document Tokens Attending Very Rare Query Tokens": -0.4991935483870968,
    "Rare Tokens Attending Very Rare Query Tokens": -0.49798387096774194,
    "Rare Tokens Attending Query Tokens": -0.4963709677419355,
    "Very Rare Document Tokens Attending Rare Matching Word Query Tokens": -0.4947580645161291,
    "Very Rare Document Tokens Attending Matching Word Query Tokens": -0.4947580645161291,
    "Very Rare Document Tokens Attending Very Rare Matching Word Query Tokens": -0.4947580645161291,
    "Document Tokens Attending Very Rare Matching Word Query Tokens": -0.4947580645161291,
    "Rare Document Tokens Attending Very Rare Matching Word Query Tokens": -0.4947580645161291,
    "Document Tokens Attending Very Rare Query Tokens": -0.49354838709677423,
    "Very Rare Document Tokens Attending Very Rare Query Tokens": -0.4891129032258064,
    "Very Rare Tokens Attending Rare Tokens": -0.48508064516129046,
    "Very Rare Document Tokens Attending Document Tokens": 0.48427419354838713,
    "Very Rare Tokens Attending Document Tokens": 0.48427419354838713,
    "Rare Document Tokens Attending Rare Synonymous Query Tokens": -0.4838709677419355,
    "Document Tokens Attending Synonymous Query Tokens": -0.4838709677419355,
    "Document Tokens Attending Rare Synonymous Query Tokens": -0.4838709677419355,
    "Rare Document Tokens Attending Synonymous Query Tokens": -0.4838709677419355,
    "All Tokens Attending Document Tokens": 0.4830645161290323,
    "All Tokens Attending Query Tokens": -0.4830645161290323,
    "Document Tokens Attending Document Tokens": 0.4830645161290323,
    "Very Rare Document Tokens Attending Very Rare Synonymous Query Tokens": -0.48145161290322586,
    "Very Rare Document Tokens Attending Rare Synonymous Query Tokens": -0.480241935483871,
    "Very Rare Document Tokens Attending Synonymous Query Tokens": -0.480241935483871,
    "Rare Document Tokens Attending Query Tokens": -0.4794354838709678,
    "Document Tokens Attending Very Rare Synonymous Query Tokens": -0.4737903225806452,
    "Rare Document Tokens Attending Very Rare Synonymous Query Tokens": -0.4737903225806452,
    "Very Rare Tokens Attending Very Rare Query Tokens": -0.4709677419354839,
    "Rare Tokens Attending All Tokens": -0.46612903225806457,
    "Document Tokens Attending Query Tokens": -0.45645161290322583,
    "Very Rare Tokens Attending All Tokens": -0.4395161290322581,
    "All Tokens Attending Synonymous Query Tokens": -0.4274193548387098,
    "All Tokens Attending Rare Synonymous Query Tokens": -0.4274193548387098,
    "Rare Tokens Attending Synonymous Query Tokens": -0.4274193548387098,
    "Very Rare Tokens Attending Rare Synonymous Query Tokens": -0.42661290322580653,
    "Very Rare Tokens Attending Synonymous Query Tokens": -0.4262096774193549,
    "Rare Tokens Attending Rare Synonymous Query Tokens": -0.4254032258064516,
    "Very Rare Tokens Attending Very Rare Synonymous Query Tokens": -0.4241935483870968,
    "Rare Tokens Attending Very Rare Synonymous Query Tokens": -0.4237903225806452,
    "All Tokens Attending Very Rare Synonymous Query Tokens": -0.4237903225806452,
    "All Tokens Attending Very Rare Document Tokens": 0.4112903225806452,
    "Document Tokens Attending Very Rare Document Tokens": 0.4112903225806452,
    "All Tokens Attending Rare Matching Word Query Tokens": -0.3806451612903226,
    "Rare Tokens Attending Rare Matching Word Query Tokens": -0.3806451612903226,
    "Rare Tokens Attending Matching Word Query Tokens": -0.3806451612903226,
    "Rare Tokens Attending Very Rare Matching Word Query Tokens": -0.34959677419354845,
    "Very Rare Tokens Attending Rare Matching Word Query Tokens": -0.34959677419354845,
    "Very Rare Tokens Attending Very Rare Matching Word Query Tokens": -0.34959677419354845,
    "All Tokens Attending Very Rare Matching Word Query Tokens": -0.34959677419354845,
    "Very Rare Tokens Attending Matching Word Query Tokens": -0.34959677419354845,
    "All Tokens Attending Matching Word Query Tokens": -0.2967741935483871,
    "Document Tokens Attending Matching Word Document Tokens": 0.28024193548387105,
    "All Tokens Attending Matching Word Document Tokens": 0.28024193548387105,
    "Rare Document Tokens Attending Very Rare Tokens": -0.27903225806451615,
    "Document Tokens Attending Very Rare Tokens": -0.2512096774193549,
    "Rare Document Tokens Attending Very Rare Document Tokens": 0.24758064516129033,
    "Rare Tokens Attending Very Rare Document Tokens": 0.24758064516129033,
    "Rare Tokens Attending Very Rare Tokens": -0.2459677419354839,
    "Document Tokens Attending Matching Word Tokens": 0.21935483870967742,
    "All Tokens Attending Very Rare Tokens": -0.19354838709677422,
    "Very Rare Document Tokens Attending Very Rare Document Tokens": 0.18951612903225806,
    "Very Rare Tokens Attending Very Rare Document Tokens": 0.18951612903225806,
    "All Tokens Attending Matching Word Tokens": 0.18790322580645163,
    "All Tokens Attending Synonymous Document Tokens": 0.17580645161290323,
    "Document Tokens Attending Synonymous Document Tokens": 0.17580645161290323,
    "Rare Document Tokens Attending Rare Synonymous Document Tokens": 0.17258064516129035,
    "Document Tokens Attending Rare Synonymous Document Tokens": 0.17258064516129035,
    "Rare Tokens Attending Synonymous Document Tokens": 0.17258064516129035,
    "Rare Tokens Attending Rare Synonymous Document Tokens": 0.17258064516129035,
    "Rare Document Tokens Attending Synonymous Document Tokens": 0.17258064516129035,
    "All Tokens Attending Rare Synonymous Document Tokens": 0.17258064516129035,
    "Very Rare Document Tokens Attending Synonymous Document Tokens": 0.16975806451612904,
    "Very Rare Document Tokens Attending Rare Synonymous Document Tokens": 0.16975806451612904,
    "Very Rare Tokens Attending Rare Synonymous Document Tokens": 0.16975806451612904,
    "Document Tokens Attending Very Rare Synonymous Document Tokens": 0.16975806451612904,
    "Very Rare Tokens Attending Synonymous Document Tokens": 0.16975806451612904,
    "All Tokens Attending Very Rare Synonymous Document Tokens": 0.16975806451612904,