{
    "Rare Document Tokens Attending All Tokens": -0.5447580645161291,
    "Very Rare Document Tokens Attending All Tokens": -0.5310483870967743,
    "Very Rare Document Tokens Attending Rare Query Tokens": -0.5068548387096775,
    "Rare Document Tokens Attending Rare Query Tokens": -0.5024193548387098,
    "Very Rare Document Tokens Attending Query Tokens": -0.49959677419354837,
    "Document Tokens Attending Rare Query Tokens": -0.4903225806451614,
    "Document Tokens Attending Rare Tokens": -0.4879032258064517,
    "Document Tokens Attending Matching Word Query Tokens": -0.472983870967742,
    "Rare Document Tokens Attending Very Rare Query Tokens": -0.46814516129032263,
    "Document Tokens Attending Very Rare Query Tokens": -0.4673387096774194,
    "Rare Document Tokens Attending Rare Tokens": -0.46612903225806457,
    "Rare Document Tokens Attending Query Tokens": -0.46612903225806457,
    "Rare Tokens Attending Document Tokens": 0.4592741935483872,
    "Rare Document Tokens Attending Document Tokens": 0.4592741935483872,
    "All Tokens Attending Rare Tokens": -0.4584677419354839,
    "Very Rare Document Tokens Attending Very Rare Query Tokens": -0.45806451612903226,
    "Very Rare Tokens Attending Rare Query Tokens": -0.455241935483871,
    "Rare Tokens Attending Rare Query Tokens": -0.453225806451613,
    "All Tokens Attending Rare Query Tokens": -0.4516129032258065,
    "Very Rare Document Tokens Attending Document Tokens": 0.4467741935483871,
    "Very Rare Tokens Attending Document Tokens": 0.4467741935483871,
    "Document Tokens Attending Query Tokens": -0.44435483870967746,
    "All Tokens Attending Very Rare Query Tokens": -0.44435483870967746,
    "All Tokens Attending Very Rare Document Tokens": 0.44354838709677424,
    "Document Tokens Attending Very Rare Document Tokens": 0.44354838709677424,
    "Very Rare Tokens Attending Query Tokens": -0.44032258064516133,
    "Very Rare Document Tokens Attending Rare Tokens": -0.43991935483870975,
    "Rare Tokens Attending Query Tokens": -0.43830645161290327,
    "Rare Tokens Attending Rare Tokens": -0.435483870967742,
    "Document Tokens Attending Rare Matching Word Query Tokens": -0.42862903225806454,
    "Rare Document Tokens Attending Rare Matching Word Query Tokens": -0.42862903225806454,
    "All Tokens Attending Document Tokens": 0.42862903225806454,
    "Rare Document Tokens Attending Matching Word Query Tokens": -0.42862903225806454,
    "All Tokens Attending Query Tokens": -0.42862903225806454,
    "Document Tokens Attending Document Tokens": 0.42862903225806454,
    "Rare Tokens Attending Very Rare Query Tokens": -0.42459677419354847,
    "Document Tokens Attending Synonymous Query Tokens": -0.4088709677419355,
    "Rare Document Tokens Attending Rare Synonymous Query Tokens": -0.40806451612903233,
    "Document Tokens Attending Rare Synonymous Query Tokens": -0.40806451612903233,
    "Rare Document Tokens Attending Synonymous Query Tokens": -0.40806451612903233,
    "Very Rare Document Tokens Attending Rare Matching Word Query Tokens": -0.40161290322580656,
    "Very Rare Tokens Attending Rare Tokens": -0.40161290322580656,
    "Very Rare Document Tokens Attending Matching Word Query Tokens": -0.40161290322580656,
    "Very Rare Document Tokens Attending Very Rare Matching Word Query Tokens": -0.40161290322580656,
    "Document Tokens Attending Very Rare Matching Word Query Tokens": -0.40161290322580656,
    "Rare Document Tokens Attending Very Rare Matching Word Query Tokens": -0.40161290322580656,
    "Very Rare Document Tokens Attending Very Rare Synonymous Query Tokens": -0.4,
    "Very Rare Document Tokens Attending Rare Synonymous Query Tokens": -0.4,
    "Very Rare Document Tokens Attending Synonymous Query Tokens": -0.4,
    "Document Tokens Attending Very Rare Synonymous Query Tokens": -0.3971774193548388,
    "Rare Document Tokens Attending Very Rare Synonymous Query Tokens": -0.3971774193548388,
    "Very Rare Tokens Attending Very Rare Query Tokens": -0.3862903225806452,
    "Document Tokens Attending Matching Word Document Tokens": 0.3846774193548388,
    "All Tokens Attending Matching Word Document Tokens": 0.3846774193548388,
    "Rare Tokens Attending All Tokens": -0.37298387096774194,
    "Document Tokens Attending Matching Word Tokens": 0.3274193548387097,
    "Very Rare Tokens Attending All Tokens": -0.32620967741935486,
    "All Tokens Attending Matching Word Tokens": 0.3157258064516129,
    "Rare Document Tokens Attending Very Rare Document Tokens": 0.30806451612903224,
    "Rare Tokens Attending Very Rare Document Tokens": 0.30806451612903224,
    "All Tokens Attending Synonymous Query Tokens": -0.3004032258064516,
    "All Tokens Attending Rare Synonymous Query Tokens": -0.3004032258064516,
    "Rare Tokens Attending Synonymous Query Tokens": -0.3004032258064516,
    "Rare Tokens Attending Rare Synonymous Query Tokens": -0.29717741935483877,
    "Very Rare Tokens Attending Rare Synonymous Query Tokens": -0.29516129032258065,
    "Very Rare Tokens Attending Synonymous Query Tokens": -0.29475806451612907,
    "Rare Tokens Attending Very Rare Synonymous Query Tokens": -0.2931451612903226,
    "All Tokens Attending Very Rare Synonymous Query Tokens": -0.2931451612903226,
    "Very Rare Tokens Attending Very Rare Synonymous Query Tokens": -0.2907258064516129,
    "All Tokens Attending Synonymous Document Tokens": 0.28790322580645167,
    "Document Tokens Attending Synonymous Document Tokens": 0.28790322580645167,
    "Rare Document Tokens Attending Rare Synonymous Document Tokens": 0.2846774193548387,
    "Document Tokens Attending Rare Synonymous Document Tokens": 0.2846774193548387,
    "Rare Tokens Attending Synonymous Document Tokens": 0.2846774193548387,
    "Rare Tokens Attending Rare Synonymous Document Tokens": 0.2846774193548387,
    "Rare Document Tokens Attending Synonymous Document Tokens": 0.2846774193548387,
    "All Tokens Attending Rare Synonymous Document Tokens": 0.2846774193548387,
    "Very Rare Document Tokens Attending Synonymous Document Tokens": 0.2754032258064516,
    "Very Rare Document Tokens Attending Rare Synonymous Document Tokens": 0.2754032258064516,
    "Very Rare Tokens Attending Rare Synonymous Document Tokens": 0.2754032258064516,
    "Document Tokens Attending Very Rare Synonymous Document Tokens": 0.2754032258064516,
    "Very Rare Tokens Attending Synonymous Document Tokens": 0.2754032258064516,
    "All Tokens Attending Very Rare Synonymous Document Tokens": 0.2754032258064516,
    "Rare Tokens Attending Very Rare Synonymous Document Tokens": 0.27298387096774196,
    "Rare Document Tokens Attending Very Rare Synonymous Document Tokens": 0.27298387096774196,
    "Very Rare Document Tokens Attending Very Rare Document Tokens": 0.2693548387096774,
    "Very Rare Tokens Attending Very Rare Document Tokens": 0.2693548387096774,
    "Very Rare Document Tokens Attending Very Rare Synonymous Document Tokens": 0.26451612903225813,
    "Very Rare Tokens Attending Very Rare Synonymous Document Tokens": 0.26451612903225813,
    "Rare Tokens Attending Rare Matching Word Document Tokens": 0.2625,
    "Rare Document Tokens Attending Matching Word Document Tokens": 0.2625,
    "Rare Document Tokens Attending Rare Matching Word Document Tokens": 0.2625,
    "Document Tokens Attending Rare Matching Word Document Tokens": 0.2625,
    "Rare Tokens Attending Matching Word Document Tokens": 0.2625,
    "All Tokens Attending Rare Matching Word Document Tokens": 0.2625,
    "Query Tokens Attending Very Rare Matching Word Tokens": 0.2588709677419355,
    "Rare Query Tokens Attending Very Rare Matching Word Tokens": 0.2588709677419355,
    "Very Rare Query Tokens Attending Rare Matching Word Query Tokens": 0.2588709677419355,
    "Very Rare Query Tokens Attending Very Rare Matching Word Query Tokens": 0.2588709677419355,