{
    "Document Tokens Attending Matching Word Query Tokens": -0.6080645161290323,
    "Very Rare Document Tokens Attending All Tokens": -0.5947580645161291,
    "Rare Document Tokens Attending All Tokens": -0.5943548387096775,
    "Very Rare Document Tokens Attending Rare Query Tokens": -0.5875,
    "Rare Document Tokens Attending Rare Query Tokens": -0.5810483870967743,
    "Very Rare Tokens Attending Rare Query Tokens": -0.5705645161290324,
    "Rare Tokens Attending Rare Query Tokens": -0.5697580645161291,
    "Rare Document Tokens Attending Rare Tokens": -0.5629032258064516,
    "Document Tokens Attending Rare Matching Word Query Tokens": -0.5620967741935485,
    "Rare Document Tokens Attending Rare Matching Word Query Tokens": -0.5620967741935485,
    "Rare Document Tokens Attending Matching Word Query Tokens": -0.5620967741935485,
    "All Tokens Attending Very Rare Query Tokens": -0.5608870967741936,
    "All Tokens Attending Rare Query Tokens": -0.5604838709677421,
    "Document Tokens Attending Rare Tokens": -0.5600806451612904,
    "Document Tokens Attending Rare Query Tokens": -0.5600806451612904,
    "Rare Document Tokens Attending Very Rare Query Tokens": -0.5548387096774194,
    "Rare Tokens Attending Very Rare Query Tokens": -0.5508064516129032,
    "Very Rare Document Tokens Attending Query Tokens": -0.5504032258064516,
    "Rare Tokens Attending Rare Tokens": -0.5500000000000002,
    "Document Tokens Attending Very Rare Query Tokens": -0.5487903225806452,
    "Very Rare Document Tokens Attending Rare Tokens": -0.5487903225806452,
    "All Tokens Attending Rare Tokens": -0.5483870967741937,
    "Very Rare Document Tokens Attending Very Rare Query Tokens": -0.5443548387096775,
    "Very Rare Tokens Attending Query Tokens": -0.5419354838709677,
    "Rare Tokens Attending Query Tokens": -0.540725806451613,
    "Very Rare Document Tokens Attending Rare Matching Word Query Tokens": -0.5399193548387098,
    "Very Rare Document Tokens Attending Matching Word Query Tokens": -0.5399193548387098,
    "Very Rare Document Tokens Attending Very Rare Matching Word Query Tokens": -0.5399193548387098,
    "Document Tokens Attending Very Rare Matching Word Query Tokens": -0.5399193548387098,
    "Rare Document Tokens Attending Very Rare Matching Word Query Tokens": -0.5399193548387098,
    "Document Tokens Attending Synonymous Query Tokens": -0.5346774193548388,
    "Rare Document Tokens Attending Rare Synonymous Query Tokens": -0.5342741935483871,
    "Document Tokens Attending Rare Synonymous Query Tokens": -0.5342741935483871,
    "Rare Document Tokens Attending Synonymous Query Tokens": -0.5342741935483871,
    "Rare Tokens Attending Document Tokens": 0.5330645161290323,
    "Rare Document Tokens Attending Document Tokens": 0.5330645161290323,
    "Very Rare Document Tokens Attending Very Rare Synonymous Query Tokens": -0.5298387096774194,
    "Very Rare Document Tokens Attending Rare Synonymous Query Tokens": -0.5298387096774194,
    "Very Rare Document Tokens Attending Synonymous Query Tokens": -0.5298387096774194,
    "Very Rare Tokens Attending Rare Tokens": -0.5294354838709678,
    "Document Tokens Attending Very Rare Synonymous Query Tokens": -0.526209677419355,
    "Rare Document Tokens Attending Very Rare Synonymous Query Tokens": -0.526209677419355,
    "All Tokens Attending Document Tokens": 0.5258064516129033,
    "All Tokens Attending Query Tokens": -0.5258064516129033,
    "Document Tokens Attending Document Tokens": 0.5258064516129033,
    "Rare Document Tokens Attending Query Tokens": -0.5237903225806452,
    "Very Rare Tokens Attending Very Rare Query Tokens": -0.5225806451612904,
    "Rare Tokens Attending All Tokens": -0.5145161290322581,
    "Very Rare Document Tokens Attending Document Tokens": 0.5108870967741936,
    "Very Rare Tokens Attending Document Tokens": 0.5108870967741936,
    "Document Tokens Attending Query Tokens": -0.5008064516129033,
    "Very Rare Tokens Attending All Tokens": -0.47459677419354845,
    "All Tokens Attending Synonymous Query Tokens": -0.46451612903225814,
    "All Tokens Attending Rare Synonymous Query Tokens": -0.46451612903225814,
    "Rare Tokens Attending Synonymous Query Tokens": -0.46451612903225814,
    "Very Rare Tokens Attending Synonymous Query Tokens": -0.4625000000000001,
    "Rare Tokens Attending Rare Synonymous Query Tokens": -0.4620967741935485,
    "Very Rare Tokens Attending Rare Synonymous Query Tokens": -0.46169354838709675,
    "Rare Tokens Attending Very Rare Synonymous Query Tokens": -0.46048387096774196,
    "All Tokens Attending Very Rare Synonymous Query Tokens": -0.46048387096774196,
    "Very Rare Tokens Attending Very Rare Synonymous Query Tokens": -0.4588709677419355,
    "All Tokens Attending Rare Matching Word Query Tokens": -0.4145161290322581,
    "Rare Tokens Attending Rare Matching Word Query Tokens": -0.4145161290322581,
    "Rare Tokens Attending Matching Word Query Tokens": -0.4145161290322581,
    "All Tokens Attending Very Rare Document Tokens": 0.3883064516129033,
    "Document Tokens Attending Very Rare Document Tokens": 0.3883064516129033,
    "Rare Tokens Attending Very Rare Matching Word Query Tokens": -0.3834677419354839,
    "Very Rare Tokens Attending Rare Matching Word Query Tokens": -0.3834677419354839,
    "Very Rare Tokens Attending Very Rare Matching Word Query Tokens": -0.3834677419354839,
    "All Tokens Attending Very Rare Matching Word Query Tokens": -0.3834677419354839,
    "Very Rare Tokens Attending Matching Word Query Tokens": -0.3834677419354839,
    "Rare Document Tokens Attending Very Rare Tokens": -0.3358870967741936,
    "All Tokens Attending Matching Word Query Tokens": -0.32620967741935486,
    "Document Tokens Attending Very Rare Tokens": -0.30685483870967745,
    "Rare Tokens Attending Very Rare Tokens": -0.2995967741935484,
    "Document Tokens Attending Matching Word Document Tokens": 0.2520161290322581,
    "All Tokens Attending Matching Word Document Tokens": 0.2520161290322581,
    "All Tokens Attending Very Rare Tokens": -0.24758064516129033,
    "Rare Document Tokens Attending Very Rare Document Tokens": 0.2120967741935484,
    "Rare Tokens Attending Very Rare Document Tokens": 0.2120967741935484,
    "Very Rare Tokens Attending Very Rare Tokens": -0.1931451612903226,
    "Very Rare Document Tokens Attending Very Rare Tokens": -0.18709677419354842,
    "Document Tokens Attending Matching Word Tokens": 0.18548387096774197,
    "All Tokens Attending Matching Word Tokens": 0.16129032258064518,
    "Very Rare Document Tokens Attending Very Rare Document Tokens": 0.15000000000000002,
    "Very Rare Tokens Attending Very Rare Document Tokens": 0.15000000000000002,
    "Document Tokens Attending Rare Document Tokens": 0.13991935483870968,
    "All Tokens Attending Rare Document Tokens": 0.13991935483870968,
    "All Tokens Attending Synonymous Document Tokens": 0.13588709677419356,
    "Document Tokens Attending Synonymous Document Tokens": 0.13588709677419356,
    "Rare Document Tokens Attending Rare Synonymous Document Tokens": 0.13306451612903228,
    "Document Tokens Attending Rare Synonymous Document Tokens": 0.13306451612903228,
    "Rare Tokens Attending Synonymous Document Tokens": 0.13306451612903228,
    "Rare Tokens Attending Rare Synonymous Document Tokens": 0.13306451612903228,
    "Rare Document Tokens Attending Synonymous Document Tokens": 0.13306451612903228,
    "All Tokens Attending Rare Synonymous Document Tokens": 0.13306451612903228,
    "Very Rare Document Tokens Attending Synonymous Document Tokens": 0.1217741935483871,
    "Very Rare Document Tokens Attending Rare Synonymous Document Tokens": 0.1217741935483871,
    "Very Rare Tokens Attending Rare Synonymous Document Tokens": 0.1217741935483871,
    "Document Tokens Attending Very Rare Synonymous Document Tokens": 0.1217741935483871,
    "Very Rare Tokens Attending Synonymous Document Tokens": 0.1217741935483871,