{
    "Very Rare Document Tokens Attending Rare Query Tokens": -0.7338709677419355,
    "Very Rare Tokens Attending Rare Query Tokens": -0.7330645161290323,
    "Rare Tokens Attending Rare Query Tokens": -0.7302419354838711,
    "Rare Document Tokens Attending Rare Query Tokens": -0.7245967741935485,
    "Document Tokens Attending Matching Word Query Tokens": -0.7237903225806452,
    "All Tokens Attending Rare Query Tokens": -0.720967741935484,
    "Document Tokens Attending Rare Query Tokens": -0.7149193548387097,
    "All Tokens Attending Very Rare Query Tokens": -0.7080645161290323,
    "Rare Tokens Attending Query Tokens": -0.705241935483871,
    "Very Rare Tokens Attending Query Tokens": -0.705241935483871,
    "Rare Tokens Attending Document Tokens": 0.7008064516129033,
    "Rare Document Tokens Attending Document Tokens": 0.7008064516129033,
    "Rare Tokens Attending Very Rare Query Tokens": -0.6971774193548388,
    "All Tokens Attending Document Tokens": 0.6931451612903227,
    "All Tokens Attending Query Tokens": -0.6931451612903227,
    "Document Tokens Attending Document Tokens": 0.6931451612903227,
    "Document Tokens Attending Rare Matching Word Query Tokens": -0.6919354838709678,
    "Rare Document Tokens Attending Rare Matching Word Query Tokens": -0.6919354838709678,
    "Rare Document Tokens Attending Matching Word Query Tokens": -0.6919354838709678,
    "Very Rare Document Tokens Attending Query Tokens": -0.683467741935484,
    "Document Tokens Attending Very Rare Query Tokens": -0.6830645161290324,
    "Rare Document Tokens Attending Very Rare Query Tokens": -0.6826612903225806,
    "Very Rare Document Tokens Attending Document Tokens": 0.6810483870967742,
    "Very Rare Tokens Attending Document Tokens": 0.6810483870967742,
    "Rare Document Tokens Attending Rare Tokens": -0.6798387096774194,
    "Rare Tokens Attending Rare Tokens": -0.6790322580645162,
    "Document Tokens Attending Synonymous Query Tokens": -0.6770161290322582,
    "Rare Document Tokens Attending Rare Synonymous Query Tokens": -0.6758064516129033,
    "Document Tokens Attending Rare Synonymous Query Tokens": -0.6758064516129033,
    "Rare Document Tokens Attending Synonymous Query Tokens": -0.6758064516129033,
    "Very Rare Tokens Attending Very Rare Query Tokens": -0.672983870967742,
    "Very Rare Document Tokens Attending Very Rare Query Tokens": -0.6721774193548387,
    "Very Rare Document Tokens Attending Very Rare Synonymous Query Tokens": -0.6693548387096775,
    "Very Rare Document Tokens Attending Rare Matching Word Query Tokens": -0.6689516129032258,
    "Very Rare Document Tokens Attending Matching Word Query Tokens": -0.6689516129032258,
    "Very Rare Document Tokens Attending Very Rare Matching Word Query Tokens": -0.6689516129032258,
    "Document Tokens Attending Very Rare Matching Word Query Tokens": -0.6689516129032258,
    "Rare Document Tokens Attending Very Rare Matching Word Query Tokens": -0.6689516129032258,
    "Very Rare Document Tokens Attending Rare Synonymous Query Tokens": -0.6685483870967742,
    "Very Rare Document Tokens Attending Synonymous Query Tokens": -0.6685483870967742,
    "Rare Document Tokens Attending Query Tokens": -0.6681451612903228,
    "All Tokens Attending Rare Tokens": -0.665725806451613,
    "Document Tokens Attending Rare Tokens": -0.6649193548387098,
    "Very Rare Document Tokens Attending Rare Tokens": -0.6633064516129032,
    "Document Tokens Attending Very Rare Synonymous Query Tokens": -0.6584677419354839,
    "Rare Document Tokens Attending Very Rare Synonymous Query Tokens": -0.6584677419354839,
    "Document Tokens Attending Query Tokens": -0.653225806451613,
    "Very Rare Tokens Attending Rare Tokens": -0.6516129032258065,
    "Very Rare Document Tokens Attending All Tokens": -0.642741935483871,
    "Rare Document Tokens Attending All Tokens": -0.6274193548387097,
    "Rare Tokens Attending All Tokens": -0.6258064516129033,
    "All Tokens Attending Synonymous Query Tokens": -0.6084677419354839,
    "All Tokens Attending Rare Synonymous Query Tokens": -0.6084677419354839,
    "Rare Tokens Attending Synonymous Query Tokens": -0.6084677419354839,
    "Very Rare Tokens Attending Rare Synonymous Query Tokens": -0.6060483870967743,
    "Very Rare Tokens Attending Synonymous Query Tokens": -0.6056451612903225,
    "Rare Tokens Attending Rare Synonymous Query Tokens": -0.6056451612903225,
    "Rare Tokens Attending Very Rare Synonymous Query Tokens": -0.6040322580645161,
    "All Tokens Attending Very Rare Synonymous Query Tokens": -0.6040322580645161,
    "Very Rare Tokens Attending Very Rare Synonymous Query Tokens": -0.5975806451612904,
    "Very Rare Tokens Attending All Tokens": -0.5862903225806452,
    "All Tokens Attending Rare Matching Word Query Tokens": -0.5512096774193549,
    "Rare Tokens Attending Rare Matching Word Query Tokens": -0.5512096774193549,
    "Rare Tokens Attending Matching Word Query Tokens": -0.5512096774193549,
    "Rare Tokens Attending Very Rare Matching Word Query Tokens": -0.5233870967741936,
    "Very Rare Tokens Attending Rare Matching Word Query Tokens": -0.5233870967741936,
    "Very Rare Tokens Attending Very Rare Matching Word Query Tokens": -0.5233870967741936,
    "All Tokens Attending Very Rare Matching Word Query Tokens": -0.5233870967741936,
    "Very Rare Tokens Attending Matching Word Query Tokens": -0.5233870967741936,
    "All Tokens Attending Matching Word Query Tokens": -0.467741935483871,
    "Rare Document Tokens Attending Very Rare Tokens": -0.4556451612903226,
    "Rare Tokens Attending Very Rare Tokens": -0.4298387096774194,
    "Document Tokens Attending Very Rare Tokens": -0.42338709677419356,
    "All Tokens Attending Very Rare Tokens": -0.37379032258064515,
    "All Tokens Attending Very Rare Document Tokens": 0.33145161290322583,
    "Document Tokens Attending Very Rare Document Tokens": 0.33145161290322583,
    "Very Rare Tokens Attending Very Rare Tokens": -0.32016129032258067,
    "Very Rare Document Tokens Attending Very Rare Tokens": -0.30806451612903224,
    "Document Tokens Attending Matching Word Document Tokens": 0.15161290322580648,
    "All Tokens Attending Matching Word Document Tokens": 0.15161290322580648,
    "Query Tokens Attending Rare Query Tokens": -0.14435483870967744,
    "Query Tokens Attending Rare Tokens": -0.14435483870967744,
    "Query Tokens Attending Synonymous Tokens": -0.12661290322580646,
    "Query Tokens Attending Synonymous Query Tokens": -0.12661290322580646,
    "Rare Query Tokens Attending Query Tokens": -0.12298387096774195,
    "Rare Query Tokens Attending All Tokens": -0.12298387096774195,
    "Rare Query Tokens Attending Synonymous Query Tokens": -0.12137096774193548,
    "Rare Query Tokens Attending Rare Synonymous Tokens": -0.12137096774193548,
    "Query Tokens Attending Rare Synonymous Tokens": -0.12137096774193548,
    "Rare Query Tokens Attending Rare Synonymous Query Tokens": -0.12137096774193548,
    "Query Tokens Attending Rare Synonymous Query Tokens": -0.12137096774193548,
    "Rare Query Tokens Attending Synonymous Tokens": -0.12137096774193548,
    "Rare Query Tokens Attending Rare Tokens": -0.11895161290322583,
    "Rare Query Tokens Attending Rare Query Tokens": -0.11895161290322583,
    "Rare Document Tokens Attending Very Rare Document Tokens": 0.11532258064516131,
    "Rare Tokens Attending Very Rare Document Tokens": 0.11532258064516131,
    "Document Tokens Attending Rare Synonymous Tokens": -0.10362903225806452,
    "Rare Document Tokens Attending Synonymous Tokens": -0.10362903225806452,
    "Query Tokens Attending All Tokens": -0.10161290322580646,
    "Document Tokens Attending All Tokens": 0.10161290322580646,
    "Query Tokens Attending Query Tokens": -0.10161290322580646,
    "Very Rare Document Tokens Attending Rare Synonymous Tokens": -0.1,
    "Very Rare Document Tokens Attending Synonymous Tokens": -0.1,