{
    "All Tokens Attending Matching Word Tokens": 0.26890832547381105,
    "Document Tokens Attending Matching Word Tokens": 0.26890832547381105,
    "Very Rare Tokens Attending All Tokens": 0.2600764185006003,
    "All Tokens Attending Matching Word Query Tokens": 0.24543404641343514,
    "All Tokens Attending Synonymous Query Tokens": 0.24403953478608606,
    "Rare Tokens Attending Rare Synonymous Query Tokens": 0.24334227897241156,
    "All Tokens Attending Rare Synonymous Query Tokens": 0.23729939525389895,
    "Rare Tokens Attending Synonymous Query Tokens": 0.23729939525389895,
    "Document Tokens Attending Matching Word Document Tokens": 0.2359048836265499,
    "All Tokens Attending Matching Word Document Tokens": 0.2359048836265499,
    "Document Tokens Attending Matching Word Query Tokens": 0.2305592557217118,
    "Document Tokens Attending Rare Document Tokens": -0.2238191161895247,
    "All Tokens Attending Rare Document Tokens": -0.2238191161895247,
    "Rare Tokens Attending All Tokens": 0.22312186037585013,
    "All Tokens Attending Rare Matching Word Query Tokens": 0.22312186037585013,
    "Rare Tokens Attending Rare Matching Word Query Tokens": 0.22312186037585013,
    "Rare Tokens Attending Matching Word Query Tokens": 0.22312186037585013,
    "Very Rare Tokens Attending Very Rare Synonymous Query Tokens": 0.2224246045621756,
    "Very Rare Tokens Attending Rare Synonymous Query Tokens": 0.2224246045621756,
    "Very Rare Tokens Attending Synonymous Query Tokens": 0.2224246045621756,
    "Rare Tokens Attending Very Rare Synonymous Query Tokens": 0.21568446502998845,
    "All Tokens Attending Very Rare Synonymous Query Tokens": 0.21568446502998845,
    "Rare Tokens Attending Very Rare Matching Word Query Tokens": 0.20754981387045224,
    "Very Rare Tokens Attending Rare Matching Word Query Tokens": 0.20754981387045224,
    "Very Rare Tokens Attending Very Rare Matching Word Query Tokens": 0.20754981387045224,
    "All Tokens Attending Very Rare Matching Word Query Tokens": 0.20754981387045224,
    "Very Rare Tokens Attending Matching Word Query Tokens": 0.20754981387045224,
    "Document Tokens Attending Rare Matching Word Query Tokens": 0.20359869759296326,
    "All Tokens Attending Very Rare Matching Word Tokens": 0.20359869759296326,
    "Rare Document Tokens Attending Rare Matching Word Query Tokens": 0.20359869759296326,
    "Very Rare Tokens Attending Rare Matching Word Tokens": 0.20359869759296326,
    "Very Rare Tokens Attending Matching Word Tokens": 0.20359869759296326,
    "Very Rare Tokens Attending Very Rare Matching Word Tokens": 0.20359869759296326,
    "Rare Tokens Attending Very Rare Matching Word Tokens": 0.20359869759296326,
    "Rare Document Tokens Attending Matching Word Query Tokens": 0.20359869759296326,
    "Very Rare Document Tokens Attending Rare Matching Word Query Tokens": 0.20220418596561418,
    "Very Rare Document Tokens Attending Matching Word Query Tokens": 0.20220418596561418,
    "Very Rare Document Tokens Attending Very Rare Matching Word Query Tokens": 0.20220418596561418,
    "Document Tokens Attending Very Rare Matching Word Query Tokens": 0.20220418596561418,
    "Rare Document Tokens Attending Very Rare Matching Word Query Tokens": 0.20220418596561418,
    "Very Rare Document Tokens Attending Matching Word Tokens": 0.19825306968812517,
    "Very Rare Document Tokens Attending Very Rare Matching Word Tokens": 0.19825306968812517,
    "Very Rare Document Tokens Attending Rare Matching Word Tokens": 0.19825306968812517,
    "Rare Document Tokens Attending Very Rare Matching Word Tokens": 0.19825306968812517,
    "Document Tokens Attending Very Rare Matching Word Tokens": 0.19825306968812517,
    "Rare Document Tokens Attending Matching Word Tokens": 0.190118418528589,
    "Rare Document Tokens Attending Rare Matching Word Tokens": 0.190118418528589,
    "Document Tokens Attending Rare Matching Word Tokens": 0.190118418528589,
    "Very Rare Document Tokens Attending Rare Synonymous Query Tokens": 0.1880266510875654,
    "Rare Query Tokens Attending Rare Matching Word Query Tokens": 0.18547004643742543,
    "Rare Query Tokens Attending Rare Matching Word Tokens": 0.18547004643742543,
    "Query Tokens Attending Rare Matching Word Query Tokens": 0.18547004643742543,
    "Rare Query Tokens Attending Matching Word Tokens": 0.18547004643742543,
    "Rare Query Tokens Attending Matching Word Query Tokens": 0.18547004643742543,
    "Query Tokens Attending Rare Matching Word Tokens": 0.18547004643742543,
    "Rare Tokens Attending Rare Matching Word Tokens": 0.18407553481007635,
    "Rare Tokens Attending Matching Word Tokens": 0.18407553481007635,
    "All Tokens Attending Rare Matching Word Tokens": 0.18407553481007635,
    "Document Tokens Attending Synonymous Tokens": 0.1787299069052383,
    "All Tokens Attending Synonymous Tokens": 0.1787299069052383,
    "Very Rare Tokens Attending Rare Query Tokens": 0.1766381394642147,
    "Rare Tokens Attending Rare Matching Word Document Tokens": 0.17524362783686562,
    "Rare Document Tokens Attending Matching Word Document Tokens": 0.17524362783686562,
    "Rare Document Tokens Attending Rare Matching Word Document Tokens": 0.17524362783686562,
    "Document Tokens Attending Rare Matching Word Document Tokens": 0.17524362783686562,
    "Rare Tokens Attending Matching Word Document Tokens": 0.17524362783686562,
    "All Tokens Attending Rare Matching Word Document Tokens": 0.17524362783686562,
    "Rare Query Tokens Attending Synonymous Query Tokens": 0.17408153481407473,
    "Rare Query Tokens Attending Rare Synonymous Tokens": 0.17408153481407473,
    "Query Tokens Attending Rare Synonymous Tokens": 0.17408153481407473,
    "Rare Query Tokens Attending Rare Synonymous Query Tokens": 0.17408153481407473,
    "Query Tokens Attending Rare Synonymous Query Tokens": 0.17408153481407473,
    "Rare Query Tokens Attending Synonymous Tokens": 0.17408153481407473,
    "Query Tokens Attending Synonymous Tokens": 0.16803865109556212,
    "Query Tokens Attending Synonymous Query Tokens": 0.16803865109556212,
    "Rare Tokens Attending Rare Query Tokens": 0.16385511621351495,
    "Very Rare Tokens Attending Matching Word Document Tokens": 0.16246060458616587,
    "Rare Document Tokens Attending Rare Synonymous Query Tokens": 0.16246060458616587,
    "Rare Document Tokens Attending Very Rare Matching Word Document Tokens": 0.16246060458616587,
    "Very Rare Document Tokens Attending Matching Word Document Tokens": 0.16246060458616587,
    "All Tokens Attending Very Rare Matching Word Document Tokens": 0.16246060458616587,
    "Very Rare Tokens Attending Very Rare Matching Word Document Tokens": 0.16246060458616587,
    "Very Rare Document Tokens Attending Very Rare Matching Word Document Tokens": 0.16246060458616587,
    "Very Rare Document Tokens Attending Rare Matching Word Document Tokens": 0.16246060458616587,
    "Rare Tokens Attending Very Rare Matching Word Document Tokens": 0.16246060458616587,
    "Very Rare Tokens Attending Rare Matching Word Document Tokens": 0.16246060458616587,
    "Document Tokens Attending Very Rare Matching Word Document Tokens": 0.16246060458616587,
    "Document Tokens Attending Very Rare Synonymous Query Tokens": 0.16176334877249132,
    "Rare Document Tokens Attending Very Rare Synonymous Query Tokens": 0.16176334877249132,
    "Document Tokens Attending Synonymous Query Tokens": 0.16176334877249132,
    "Very Rare Document Tokens Attending Synonymous Query Tokens": 0.16176334877249132,
    "Document Tokens Attending Rare Synonymous Tokens": 0.15990399993602591,
    "Rare Document Tokens Attending Rare Synonymous Tokens": 0.15990399993602591,
    "Rare Document Tokens Attending Synonymous Tokens": 0.15990399993602591,
    "Document Tokens Attending Rare Synonymous Query Tokens": 0.15572046505397874,
    "Rare Document Tokens Attending Synonymous Query Tokens": 0.15572046505397874,