{
    "Rare Document Tokens Attending Very Rare Document Tokens": 0.7352614015572858,
    "Rare Tokens Attending Very Rare Document Tokens": 0.7352614015572858,
    "Very Rare Document Tokens Attending Very Rare Document Tokens": 0.7219132369299222,
    "Very Rare Tokens Attending Very Rare Document Tokens": 0.7219132369299222,
    "Rare Tokens Attending Rare Document Tokens": 0.7094549499443825,
    "Rare Document Tokens Attending Rare Document Tokens": 0.7094549499443825,
    "All Tokens Attending Very Rare Document Tokens": 0.7014460511679643,
    "Document Tokens Attending Very Rare Document Tokens": 0.7014460511679643,
    "Very Rare Document Tokens Attending Very Rare Tokens": 0.699666295884316,
    "Very Rare Tokens Attending Rare Document Tokens": 0.692992213570634,
    "Very Rare Document Tokens Attending Rare Document Tokens": 0.692992213570634,
    "Rare Document Tokens Attending Very Rare Tokens": 0.6814238042269187,
    "Document Tokens Attending Rare Document Tokens": 0.6765294771968854,
    "All Tokens Attending Rare Document Tokens": 0.6765294771968854,
    "Very Rare Document Tokens Attending Rare Tokens": 0.6729699666295884,
    "Rare Tokens Attending Very Rare Tokens": 0.6671857619577308,
    "Rare Document Tokens Attending Rare Tokens": 0.6662958843159065,
    "Very Rare Tokens Attending Very Rare Tokens": 0.6658509454949945,
    "Very Rare Tokens Attending Rare Tokens": 0.6547274749721913,
    "Document Tokens Attending Rare Tokens": 0.6525027808676307,
    "Rare Tokens Attending Rare Tokens": 0.6489432703003337,
    "All Tokens Attending Rare Tokens": 0.6476084538375974,
    "Document Tokens Attending Very Rare Tokens": 0.6413793103448275,
    "All Tokens Attending Very Rare Tokens": 0.6258064516129032,
    "Very Rare Document Tokens Attending Rare Semantic Match Tokens": 0.5630700778642936,
    "Very Rare Document Tokens Attending Semantic Match Tokens": 0.5630700778642936,
    "Document Tokens Attending Very Rare Semantic Match Tokens": 0.5417130144605116,
    "Rare Document Tokens Attending Very Rare Semantic Match Tokens": 0.5417130144605116,
    "Rare Document Tokens Attending Rare Semantic Match Tokens": 0.5065628476084539,
    "Document Tokens Attending Rare Semantic Match Tokens": 0.5065628476084539,
    "Rare Document Tokens Attending Semantic Match Tokens": 0.5052280311457175,
    "Document Tokens Attending Semantic Match Tokens": 0.4958843159065628,
    "Very Rare Document Tokens Attending Semantic Match Document Tokens": 0.46918798665183536,
    "Very Rare Tokens Attending Semantic Match Document Tokens": 0.46918798665183536,
    "Very Rare Tokens Attending Semantic Match Tokens": 0.4625139043381535,
    "Very Rare Document Tokens Attending Very Rare Semantic Match Tokens": 0.4558398220244716,
    "Very Rare Tokens Attending Rare Semantic Match Tokens": 0.44649610678531704,
    "Rare Tokens Attending Very Rare Semantic Match Tokens": 0.4411568409343715,
    "Very Rare Document Tokens Attending Rare Semantic Match Document Tokens": 0.43715239154616237,
    "Very Rare Tokens Attending Rare Semantic Match Document Tokens": 0.43715239154616237,
    "Document Tokens Attending Rare Query Tokens": 0.4309232480533926,
    "All Tokens Attending Rare Query Tokens": 0.4278086763070078,
    "Document Tokens Attending Very Rare Semantic Match Document Tokens": 0.4269187986651835,
    "All Tokens Attending Very Rare Semantic Match Document Tokens": 0.4269187986651835,
    "All Tokens Attending Very Rare Semantic Match Tokens": 0.4255839822024471,
    "All Tokens Attending Semantic Match Tokens": 0.4255839822024471,
    "Rare Document Tokens Attending Semantic Match Document Tokens": 0.42469410456062295,
    "Rare Tokens Attending Semantic Match Document Tokens": 0.42469410456062295,
    "Rare Tokens Attending Semantic Match Tokens": 0.4229143492769744,
    "Rare Tokens Attending Rare Semantic Match Tokens": 0.4206896551724138,
    "All Tokens Attending Rare Semantic Match Tokens": 0.4206896551724138,
    "Rare Tokens Attending Very Rare Semantic Match Document Tokens": 0.4197997775305895,
    "Rare Document Tokens Attending Very Rare Semantic Match Document Tokens": 0.4197997775305895,
    "Document Tokens Attending Very Rare Query Tokens": 0.41846496106785314,
    "All Tokens Attending Semantic Match Document Tokens": 0.41713014460511677,
    "Document Tokens Attending Rare Semantic Match Document Tokens": 0.41713014460511677,
    "All Tokens Attending Rare Semantic Match Document Tokens": 0.41713014460511677,
    "Document Tokens Attending Semantic Match Document Tokens": 0.41713014460511677,
    "Rare Tokens Attending Rare Semantic Match Document Tokens": 0.41045606229143494,
    "Rare Document Tokens Attending Rare Semantic Match Document Tokens": 0.41045606229143494,
    "Document Tokens Attending Very Rare Lexical Match Query Tokens": 0.40956618464961064,
    "Rare Document Tokens Attending Very Rare Lexical Match Query Tokens": 0.40956618464961064,
    "Very Rare Document Tokens Attending Lexical Match Query Tokens": 0.40956618464961064,
    "Very Rare Document Tokens Attending Very Rare Lexical Match Query Tokens": 0.40956618464961064,
    "Very Rare Document Tokens Attending Rare Lexical Match Query Tokens": 0.40956618464961064,
    "Rare Tokens Attending Rare Query Tokens": 0.40600667408231367,
    "Rare Document Tokens Attending Lexical Match Query Tokens": 0.4046718576195773,
    "Rare Document Tokens Attending Rare Lexical Match Query Tokens": 0.4046718576195773,
    "Document Tokens Attending Rare Lexical Match Query Tokens": 0.4046718576195773,
    "Rare Tokens Attending Very Rare Query Tokens": 0.39488320355951056,
    "Very Rare Tokens Attending Rare Query Tokens": 0.39265850945494996,
    "Document Tokens Attending Very Rare Semantic Match Query Tokens": 0.3882091212458286,
    "Rare Document Tokens Attending Very Rare Semantic Match Query Tokens": 0.3882091212458286,
    "Rare Document Tokens Attending Semantic Match Query Tokens": 0.38731924360400444,
    "Document Tokens Attending Semantic Match Query Tokens": 0.38731924360400444,
    "Document Tokens Attending Rare Semantic Match Query Tokens": 0.3868743047830923,
    "Rare Document Tokens Attending Rare Semantic Match Query Tokens": 0.3868743047830923,
    "Very Rare Document Tokens Attending Rare Semantic Match Query Tokens": 0.38598442714126807,
    "Very Rare Document Tokens Attending Very Rare Semantic Match Query Tokens": 0.3819799777530589,
    "Very Rare Document Tokens Attending Semantic Match Query Tokens": 0.3815350389321468,
    "Very Rare Tokens Attending Very Rare Semantic Match Document Tokens": 0.37486095661846497,
    "Very Rare Document Tokens Attending Very Rare Semantic Match Document Tokens": 0.37486095661846497,
    "Very Rare Tokens Attending Very Rare Semantic Match Tokens": 0.3650723025583982,
    "Very Rare Tokens Attending Very Rare Query Tokens": 0.36151279199110126,
    "Rare Document Tokens Attending Very Rare Query Tokens": 0.35795328142380417,
    "Rare Document Tokens Attending Rare Query Tokens": 0.34638487208008895,
    "All Tokens Attending Very Rare Query Tokens": 0.34015572858731924,
    "Very Rare Document Tokens Attending Rare Query Tokens": 0.33793103448275863,
    "Very Rare Document Tokens Attending Very Rare Lexical Match Tokens": 0.33748609566184645,
    "Very Rare Document Tokens Attending Rare Lexical Match Tokens": 0.33748609566184645,
    "Very Rare Document Tokens Attending Lexical Match Tokens": 0.33748609566184645,
    "Rare Document Tokens Attending Very Rare Lexical Match Tokens": 0.33748609566184645,
    "Document Tokens Attending Very Rare Lexical Match Tokens": 0.33748609566184645,