{
    "Document Tokens Attending Rare Document Tokens": 0.7446412038591453,
    "All Tokens Attending Rare Document Tokens": 0.7446412038591453,
    "Document Tokens Attending Rare Tokens": 0.7201104956405442,
    "All Tokens Attending Very Rare Document Tokens": 0.7128865138927657,
    "Document Tokens Attending Very Rare Document Tokens": 0.7128865138927657,
    "All Tokens Attending Rare Tokens": 0.7065535169214434,
    "Rare Tokens Attending Rare Document Tokens": 0.6969224864087226,
    "Rare Document Tokens Attending Rare Document Tokens": 0.6969224864087226,
    "Document Tokens Attending Very Rare Tokens": 0.6892702782808766,
    "Rare Document Tokens Attending Rare Tokens": 0.6890096600139615,
    "Very Rare Tokens Attending Rare Document Tokens": 0.6823233046282177,
    "Very Rare Document Tokens Attending Rare Document Tokens": 0.6823233046282177,
    "Very Rare Document Tokens Attending Rare Tokens": 0.6780055148591579,
    "All Tokens Attending Very Rare Tokens": 0.6728356800655036,
    "Rare Document Tokens Attending Very Rare Tokens": 0.6687594759330464,
    "Rare Document Tokens Attending Very Rare Document Tokens": 0.6680773977388972,
    "Rare Tokens Attending Very Rare Document Tokens": 0.6680773977388972,
    "Rare Tokens Attending Rare Tokens": 0.6667792388303256,
    "Very Rare Tokens Attending Rare Tokens": 0.6525767394630506,
    "Rare Tokens Attending Very Rare Tokens": 0.6415880351661557,
    "Very Rare Document Tokens Attending Very Rare Tokens": 0.6278845582891601,
    "Very Rare Document Tokens Attending Very Rare Document Tokens": 0.6014579040821619,
    "Very Rare Tokens Attending Very Rare Document Tokens": 0.6014579040821619,
    "Very Rare Tokens Attending Very Rare Tokens": 0.5881064539319862,
    "Document Tokens Attending Very Rare Lexical Match Query Tokens": 0.4322016873236011,
    "Rare Document Tokens Attending Very Rare Lexical Match Query Tokens": 0.4322016873236011,
    "Very Rare Document Tokens Attending Lexical Match Query Tokens": 0.4322016873236011,
    "Very Rare Document Tokens Attending Very Rare Lexical Match Query Tokens": 0.4322016873236011,
    "Very Rare Document Tokens Attending Rare Lexical Match Query Tokens": 0.4322016873236011,
    "Rare Document Tokens Attending Lexical Match Query Tokens": 0.43087809110741504,
    "Rare Document Tokens Attending Rare Lexical Match Query Tokens": 0.43087809110741504,
    "Document Tokens Attending Rare Lexical Match Query Tokens": 0.43087809110741504,
    "Rare Document Tokens Attending Rare Semantic Match Query Tokens": 0.42894960420459916,
    "Document Tokens Attending Rare Semantic Match Query Tokens": 0.4285948678999619,
    "Rare Document Tokens Attending Semantic Match Query Tokens": 0.427646700489076,
    "Document Tokens Attending Semantic Match Query Tokens": 0.4225774845168855,
    "Very Rare Document Tokens Attending Rare Semantic Match Query Tokens": 0.4174446039279293,
    "Document Tokens Attending Very Rare Semantic Match Query Tokens": 0.41706593490519317,
    "Very Rare Document Tokens Attending Semantic Match Query Tokens": 0.41667162303750205,
    "Rare Document Tokens Attending Very Rare Semantic Match Query Tokens": 0.416125257034905,
    "Very Rare Document Tokens Attending Rare Query Tokens": 0.41552452170615,
    "Very Rare Document Tokens Attending Very Rare Query Tokens": 0.4027940132240802,
    "Very Rare Document Tokens Attending Very Rare Semantic Match Query Tokens": 0.40255273145910786,
    "Very Rare Document Tokens Attending Semantic Match Tokens": 0.4022297754734361,
    "Rare Document Tokens Attending Semantic Match Tokens": 0.400541528348593,
    "Very Rare Document Tokens Attending Rare Semantic Match Tokens": 0.39774692722910243,
    "Document Tokens Attending Rare Semantic Match Tokens": 0.39689092815978866,
    "Document Tokens Attending Semantic Match Tokens": 0.39203233763802886,
    "Rare Document Tokens Attending Rare Semantic Match Tokens": 0.39151693396219034,
    "Rare Document Tokens Attending Very Rare Semantic Match Tokens": 0.38929308373327753,
    "Document Tokens Attending Very Rare Semantic Match Tokens": 0.38903354342352764,
    "Very Rare Tokens Attending All Tokens": -0.38353300869075757,
    "Rare Document Tokens Attending Rare Query Tokens": 0.38030160655886136,
    "Document Tokens Attending Rare Query Tokens": 0.3709651917943543,
    "Rare Document Tokens Attending Very Rare Query Tokens": 0.36097335264611435,
    "Very Rare Document Tokens Attending Very Rare Semantic Match Tokens": 0.3568800126916607,
    "Rare Tokens Attending Semantic Match Tokens": 0.35312464542533867,
    "Very Rare Tokens Attending Rare Query Tokens": 0.35276081018017963,
    "Rare Document Tokens Attending Semantic Match Document Tokens": 0.3521252229362111,
    "Rare Tokens Attending Semantic Match Document Tokens": 0.3521252229362111,
    "Very Rare Tokens Attending Semantic Match Tokens": 0.3502356895180886,
    "Very Rare Document Tokens Attending Semantic Match Document Tokens": 0.34987201573964904,
    "Very Rare Tokens Attending Semantic Match Document Tokens": 0.34987201573964904,
    "All Tokens Attending Rare Semantic Match Tokens": 0.34958195785566765,
    "Document Tokens Attending Rare Semantic Match Document Tokens": 0.3480310705549321,
    "All Tokens Attending Rare Semantic Match Document Tokens": 0.3480310705549321,
    "All Tokens Attending Semantic Match Tokens": 0.3469517084107942,
    "All Tokens Attending Semantic Match Document Tokens": 0.3466872052409877,
    "Document Tokens Attending Semantic Match Document Tokens": 0.3466872052409877,
    "Very Rare Tokens Attending Rare Semantic Match Tokens": 0.3456827879977465,
    "Very Rare Document Tokens Attending Rare Semantic Match Document Tokens": 0.3454908284564615,
    "Very Rare Tokens Attending Rare Semantic Match Document Tokens": 0.3454908284564615,
    "Rare Tokens Attending Rare Semantic Match Tokens": 0.3445349455986414,
    "Rare Tokens Attending Rare Semantic Match Document Tokens": 0.3432849754196923,
    "Rare Document Tokens Attending Rare Semantic Match Document Tokens": 0.3432849754196923,
    "Rare Tokens Attending Very Rare Semantic Match Tokens": 0.3386497412778291,
    "All Tokens Attending Very Rare Semantic Match Tokens": 0.3384707769328589,
    "Rare Tokens Attending Very Rare Semantic Match Document Tokens": 0.33758534681591795,
    "Rare Document Tokens Attending Very Rare Semantic Match Document Tokens": 0.33758534681591795,
    "Document Tokens Attending Very Rare Semantic Match Document Tokens": 0.33686145642868337,
    "All Tokens Attending Very Rare Semantic Match Document Tokens": 0.33686145642868337,
    "All Tokens Attending Rare Query Tokens": 0.33578850378710723,
    "Rare Tokens Attending Rare Query Tokens": 0.33456725140336907,
    "Very Rare Document Tokens Attending All Tokens": -0.3125159894705676,
    "Very Rare Tokens Attending Very Rare Semantic Match Document Tokens": 0.30994926675512935,
    "Very Rare Document Tokens Attending Very Rare Semantic Match Document Tokens": 0.30994926675512935,
    "Document Tokens Attending Very Rare Query Tokens": 0.30994221978239833,
    "Very Rare Tokens Attending Very Rare Query Tokens": 0.30964014619610736,
    "Very Rare Tokens Attending Very Rare Semantic Match Tokens": 0.30700754481448406,
    "Rare Tokens Attending Very Rare Query Tokens": 0.3016133759236951,
    "Very Rare Document Tokens Attending Very Rare Lexical Match Tokens": 0.2775137588155914,
    "Very Rare Document Tokens Attending Rare Lexical Match Tokens": 0.2775137588155914,
    "Very Rare Document Tokens Attending Lexical Match Tokens": 0.2775137588155914,
    "Rare Document Tokens Attending Very Rare Lexical Match Tokens": 0.2775137588155914,
    "Document Tokens Attending Very Rare Lexical Match Tokens": 0.2775137588155914,
    "All Tokens Attending Very Rare Query Tokens": 0.2719980547060744,
    "Rare Tokens Attending All Tokens": -0.2687400548446407,