{
    "Rare Document Tokens Attending Very Rare Document Tokens": 0.7263626251390434,
    "Rare Tokens Attending Very Rare Document Tokens": 0.7263626251390434,
    "Very Rare Document Tokens Attending Very Rare Document Tokens": 0.7165739710789767,
    "Very Rare Tokens Attending Very Rare Document Tokens": 0.7165739710789767,
    "All Tokens Attending Very Rare Document Tokens": 0.6947719688542825,
    "Document Tokens Attending Very Rare Document Tokens": 0.6947719688542825,
    "Rare Tokens Attending Rare Document Tokens": 0.6903225806451613,
    "Rare Document Tokens Attending Rare Document Tokens": 0.6903225806451613,
    "Very Rare Document Tokens Attending Very Rare Tokens": 0.6840934371523915,
    "Very Rare Tokens Attending Rare Document Tokens": 0.6680756395995551,
    "Very Rare Document Tokens Attending Rare Document Tokens": 0.6680756395995551,
    "Rare Document Tokens Attending Very Rare Tokens": 0.6596218020022246,
    "Document Tokens Attending Rare Document Tokens": 0.6560622914349278,
    "All Tokens Attending Rare Document Tokens": 0.6560622914349278,
    "Very Rare Tokens Attending Very Rare Tokens": 0.6484983314794216,
    "Rare Tokens Attending Very Rare Tokens": 0.6449388209121245,
    "Very Rare Document Tokens Attending Rare Tokens": 0.6347052280311457,
    "Rare Document Tokens Attending Rare Tokens": 0.6324805339265851,
    "Document Tokens Attending Very Rare Tokens": 0.6258064516129032,
    "Document Tokens Attending Rare Tokens": 0.621357063403782,
    "Rare Tokens Attending Rare Tokens": 0.6186874304783093,
    "All Tokens Attending Rare Tokens": 0.6155728587319244,
    "Very Rare Tokens Attending Rare Tokens": 0.6155728587319244,
    "Very Rare Document Tokens Attending Rare Semantic Match Tokens": 0.6097886540600668,
    "Very Rare Document Tokens Attending Semantic Match Tokens": 0.6097886540600668,
    "All Tokens Attending Very Rare Tokens": 0.6088987764182424,
    "Document Tokens Attending Very Rare Semantic Match Tokens": 0.5942157953281423,
    "Rare Document Tokens Attending Very Rare Semantic Match Tokens": 0.5942157953281423,
    "Rare Document Tokens Attending Rare Semantic Match Tokens": 0.5559510567296997,
    "Document Tokens Attending Rare Semantic Match Tokens": 0.5559510567296997,
    "Rare Document Tokens Attending Semantic Match Tokens": 0.5541713014460512,
    "Document Tokens Attending Semantic Match Tokens": 0.5474972191323693,
    "Very Rare Document Tokens Attending Semantic Match Document Tokens": 0.5292547274749722,
    "Very Rare Tokens Attending Semantic Match Document Tokens": 0.5292547274749722,
    "Very Rare Tokens Attending Semantic Match Tokens": 0.5199110122358176,
    "Very Rare Document Tokens Attending Very Rare Semantic Match Tokens": 0.5181312569521691,
    "Very Rare Tokens Attending Rare Semantic Match Tokens": 0.5038932146829811,
    "Very Rare Document Tokens Attending Rare Semantic Match Document Tokens": 0.5016685205784205,
    "Very Rare Tokens Attending Rare Semantic Match Document Tokens": 0.5016685205784205,
    "Rare Tokens Attending Very Rare Semantic Match Tokens": 0.5003337041156841,
    "Document Tokens Attending Very Rare Semantic Match Document Tokens": 0.49321468298109006,
    "All Tokens Attending Very Rare Semantic Match Document Tokens": 0.49321468298109006,
    "All Tokens Attending Very Rare Semantic Match Tokens": 0.4874304783092325,
    "Rare Tokens Attending Very Rare Semantic Match Document Tokens": 0.48698553948832035,
    "Rare Document Tokens Attending Very Rare Semantic Match Document Tokens": 0.48698553948832035,
    "Rare Document Tokens Attending Semantic Match Document Tokens": 0.48609566184649605,
    "Rare Tokens Attending Semantic Match Document Tokens": 0.48609566184649605,
    "All Tokens Attending Semantic Match Tokens": 0.48476084538375974,
    "Rare Tokens Attending Semantic Match Tokens": 0.48209121245828696,
    "Rare Tokens Attending Rare Semantic Match Tokens": 0.48031145717463847,
    "All Tokens Attending Rare Semantic Match Tokens": 0.48031145717463847,
    "All Tokens Attending Semantic Match Document Tokens": 0.4785317018909899,
    "Document Tokens Attending Rare Semantic Match Document Tokens": 0.4785317018909899,
    "All Tokens Attending Rare Semantic Match Document Tokens": 0.4785317018909899,
    "Document Tokens Attending Semantic Match Document Tokens": 0.4785317018909899,
    "Rare Tokens Attending Rare Semantic Match Document Tokens": 0.47230255839822033,
    "Rare Document Tokens Attending Rare Semantic Match Document Tokens": 0.47230255839822033,
    "Very Rare Tokens Attending Very Rare Semantic Match Document Tokens": 0.44783092324805335,
    "Very Rare Document Tokens Attending Very Rare Semantic Match Document Tokens": 0.44783092324805335,
    "Very Rare Tokens Attending Very Rare Semantic Match Tokens": 0.4384872080088987,
    "Very Rare Document Tokens Attending Very Rare Lexical Match Tokens": 0.4189098998887653,
    "Very Rare Document Tokens Attending Rare Lexical Match Tokens": 0.4189098998887653,
    "Very Rare Document Tokens Attending Lexical Match Tokens": 0.4189098998887653,
    "Rare Document Tokens Attending Very Rare Lexical Match Tokens": 0.4189098998887653,
    "Document Tokens Attending Very Rare Lexical Match Tokens": 0.4189098998887653,
    "Rare Tokens Attending Very Rare Lexical Match Document Tokens": 0.39621802002224693,
    "Very Rare Document Tokens Attending Rare Lexical Match Document Tokens": 0.39621802002224693,
    "Very Rare Tokens Attending Rare Lexical Match Document Tokens": 0.39621802002224693,
    "Document Tokens Attending Very Rare Lexical Match Document Tokens": 0.39621802002224693,
    "Very Rare Tokens Attending Lexical Match Document Tokens": 0.39621802002224693,
    "All Tokens Attending Very Rare Lexical Match Document Tokens": 0.39621802002224693,
    "Very Rare Document Tokens Attending Lexical Match Document Tokens": 0.39621802002224693,
    "Rare Document Tokens Attending Very Rare Lexical Match Document Tokens": 0.39621802002224693,
    "Very Rare Tokens Attending Very Rare Lexical Match Document Tokens": 0.39621802002224693,
    "Very Rare Document Tokens Attending Very Rare Lexical Match Document Tokens": 0.39621802002224693,
    "Rare Document Tokens Attending Lexical Match Tokens": 0.38776418242491656,
    "Document Tokens Attending Rare Lexical Match Tokens": 0.38776418242491656,
    "Rare Document Tokens Attending Rare Lexical Match Tokens": 0.38776418242491656,
    "Rare Tokens Attending Rare Lexical Match Tokens": 0.3815350389321468,
    "All Tokens Attending Rare Lexical Match Tokens": 0.3815350389321468,
    "Rare Tokens Attending Lexical Match Tokens": 0.3815350389321468,
    "All Tokens Attending Rare Lexical Match Document Tokens": 0.3810901001112347,
    "Rare Tokens Attending Lexical Match Document Tokens": 0.3810901001112347,
    "Rare Document Tokens Attending Lexical Match Document Tokens": 0.3810901001112347,
    "Rare Tokens Attending Rare Lexical Match Document Tokens": 0.3810901001112347,
    "Rare Document Tokens Attending Rare Lexical Match Document Tokens": 0.3810901001112347,
    "Document Tokens Attending Rare Lexical Match Document Tokens": 0.3810901001112347,
    "Document Tokens Attending Very Rare Query Tokens": 0.36284760845383757,
    "All Tokens Attending Rare Query Tokens": 0.35884315906562847,
    "Document Tokens Attending Rare Query Tokens": 0.35572858731924356,
    "All Tokens Attending Very Rare Lexical Match Tokens": 0.3325917686318131,
    "Very Rare Tokens Attending Very Rare Lexical Match Tokens": 0.3325917686318131,
    "Very Rare Tokens Attending Rare Lexical Match Tokens": 0.3325917686318131,
    "Very Rare Tokens Attending Lexical Match Tokens": 0.3325917686318131,