{
    "Document Tokens Attending Rare Document Tokens": 0.7074686398019274,
    "All Tokens Attending Rare Document Tokens": 0.7074686398019274,
    "All Tokens Attending Very Rare Document Tokens": 0.6968301363235395,
    "Document Tokens Attending Very Rare Document Tokens": 0.6968301363235395,
    "Document Tokens Attending Rare Tokens": 0.6749986622467491,
    "Rare Tokens Attending Rare Document Tokens": 0.6721834279305177,
    "Rare Document Tokens Attending Rare Document Tokens": 0.6721834279305177,
    "Document Tokens Attending Very Rare Tokens": 0.6643162152555449,
    "All Tokens Attending Rare Tokens": 0.6626331484932578,
    "Rare Document Tokens Attending Very Rare Document Tokens": 0.6591954670231228,
    "Rare Tokens Attending Very Rare Document Tokens": 0.6591954670231228,
    "Very Rare Tokens Attending Rare Document Tokens": 0.6557531996222895,
    "Very Rare Document Tokens Attending Rare Document Tokens": 0.6557531996222895,
    "All Tokens Attending Very Rare Tokens": 0.6495572628712296,
    "Rare Document Tokens Attending Rare Tokens": 0.6493288846509011,
    "Rare Document Tokens Attending Very Rare Tokens": 0.6428867938487425,
    "Very Rare Document Tokens Attending Rare Tokens": 0.6355972506548744,
    "Rare Tokens Attending Rare Tokens": 0.6296018736232507,
    "Rare Tokens Attending Very Rare Tokens": 0.6189540586532156,
    "Very Rare Document Tokens Attending Very Rare Tokens": 0.615086474408487,
    "Very Rare Tokens Attending Rare Tokens": 0.6137221129732846,
    "Very Rare Document Tokens Attending Very Rare Document Tokens": 0.6073475628732977,
    "Very Rare Tokens Attending Very Rare Document Tokens": 0.6073475628732977,
    "Very Rare Tokens Attending Very Rare Tokens": 0.5807954059068048,
    "Very Rare Document Tokens Attending Semantic Match Tokens": 0.45037682567267473,
    "Very Rare Document Tokens Attending Rare Semantic Match Tokens": 0.44659475764375745,
    "Rare Document Tokens Attending Semantic Match Tokens": 0.4446256440540287,
    "Document Tokens Attending Rare Semantic Match Tokens": 0.4415086751992548,
    "Rare Document Tokens Attending Very Rare Semantic Match Tokens": 0.4398258796882954,
    "Document Tokens Attending Very Rare Semantic Match Tokens": 0.4396749092272611,
    "Document Tokens Attending Semantic Match Tokens": 0.43720057279557667,
    "Rare Document Tokens Attending Rare Semantic Match Tokens": 0.43695960733386824,
    "Very Rare Document Tokens Attending Very Rare Semantic Match Tokens": 0.41194733639845804,
    "Very Rare Document Tokens Attending Semantic Match Document Tokens": 0.40882546048973617,
    "Very Rare Tokens Attending Semantic Match Document Tokens": 0.40882546048973617,
    "Rare Document Tokens Attending Semantic Match Document Tokens": 0.4060493882441637,
    "Rare Tokens Attending Semantic Match Document Tokens": 0.4060493882441637,
    "Very Rare Document Tokens Attending Rare Semantic Match Document Tokens": 0.4050372029403868,
    "Very Rare Tokens Attending Rare Semantic Match Document Tokens": 0.4050372029403868,
    "Very Rare Tokens Attending Semantic Match Tokens": 0.40256833074031817,
    "Document Tokens Attending Rare Semantic Match Document Tokens": 0.4024992772817533,
    "All Tokens Attending Rare Semantic Match Document Tokens": 0.4024992772817533,
    "All Tokens Attending Semantic Match Document Tokens": 0.4009556077081197,
    "Document Tokens Attending Semantic Match Document Tokens": 0.4009556077081197,
    "Rare Tokens Attending Semantic Match Tokens": 0.40084822687848126,
    "Very Rare Tokens Attending Rare Semantic Match Tokens": 0.39870095718278636,
    "Rare Tokens Attending Very Rare Semantic Match Document Tokens": 0.3985687940349019,
    "Rare Document Tokens Attending Very Rare Semantic Match Document Tokens": 0.3985687940349019,
    "Rare Tokens Attending Rare Semantic Match Document Tokens": 0.3983863233665798,
    "Rare Document Tokens Attending Rare Semantic Match Document Tokens": 0.3983863233665798,
    "Document Tokens Attending Very Rare Semantic Match Document Tokens": 0.39799644432824366,
    "All Tokens Attending Very Rare Semantic Match Document Tokens": 0.39799644432824366,
    "All Tokens Attending Rare Semantic Match Tokens": 0.3978247257846104,
    "All Tokens Attending Semantic Match Tokens": 0.3954661338380984,
    "Rare Tokens Attending Rare Semantic Match Tokens": 0.39351951548440933,
    "Rare Tokens Attending Very Rare Semantic Match Tokens": 0.39304588025470755,
    "All Tokens Attending Very Rare Semantic Match Tokens": 0.3929768041387969,
    "Very Rare Tokens Attending Very Rare Semantic Match Document Tokens": 0.3742343812389523,
    "Very Rare Document Tokens Attending Very Rare Semantic Match Document Tokens": 0.3742343812389523,
    "Very Rare Tokens Attending All Tokens": -0.37395804651767495,
    "Very Rare Tokens Attending Very Rare Semantic Match Tokens": 0.3656522853255926,
    "Very Rare Document Tokens Attending Very Rare Lexical Match Tokens": 0.34283429748903693,
    "Very Rare Document Tokens Attending Rare Lexical Match Tokens": 0.34283429748903693,
    "Very Rare Document Tokens Attending Lexical Match Tokens": 0.34283429748903693,
    "Rare Document Tokens Attending Very Rare Lexical Match Tokens": 0.34283429748903693,
    "Document Tokens Attending Very Rare Lexical Match Tokens": 0.34283429748903693,
    "Rare Document Tokens Attending Lexical Match Tokens": 0.330472320023634,
    "Document Tokens Attending Rare Lexical Match Tokens": 0.330472320023634,
    "Rare Document Tokens Attending Rare Lexical Match Tokens": 0.330472320023634,
    "Document Tokens Attending Very Rare Lexical Match Query Tokens": 0.3268293516895055,
    "Rare Document Tokens Attending Very Rare Lexical Match Query Tokens": 0.3268293516895055,
    "Very Rare Document Tokens Attending Lexical Match Query Tokens": 0.3268293516895055,
    "Very Rare Document Tokens Attending Very Rare Lexical Match Query Tokens": 0.3268293516895055,
    "Very Rare Document Tokens Attending Rare Lexical Match Query Tokens": 0.3268293516895055,
    "Rare Document Tokens Attending Lexical Match Query Tokens": 0.3240566335292191,
    "Rare Document Tokens Attending Rare Lexical Match Query Tokens": 0.3240566335292191,
    "Document Tokens Attending Rare Lexical Match Query Tokens": 0.3240566335292191,
    "Rare Document Tokens Attending Rare Semantic Match Query Tokens": 0.32103256623196597,
    "Document Tokens Attending Rare Semantic Match Query Tokens": 0.3206343811799635,
    "Rare Document Tokens Attending Semantic Match Query Tokens": 0.31964597392756283,
    "Very Rare Document Tokens Attending Rare Query Tokens": 0.3158759479939117,
    "Document Tokens Attending Semantic Match Query Tokens": 0.3145965442842968,
    "Very Rare Document Tokens Attending Rare Semantic Match Query Tokens": 0.3100274385810923,
    "Document Tokens Attending Very Rare Semantic Match Query Tokens": 0.30995619316733214,
    "Very Rare Document Tokens Attending Semantic Match Query Tokens": 0.30918537114597344,
    "Rare Document Tokens Attending Very Rare Semantic Match Query Tokens": 0.30903745510516917,
    "Very Rare Document Tokens Attending Very Rare Query Tokens": 0.3039512261941728,
    "Rare Tokens Attending Very Rare Lexical Match Document Tokens": 0.3014573553030086,
    "Very Rare Document Tokens Attending Rare Lexical Match Document Tokens": 0.3014573553030086,
    "Very Rare Tokens Attending Rare Lexical Match Document Tokens": 0.3014573553030086,
    "Document Tokens Attending Very Rare Lexical Match Document Tokens": 0.3014573553030086,
    "Very Rare Tokens Attending Lexical Match Document Tokens": 0.3014573553030086,