{
    "Very Rare Document Tokens Attending Rare Tokens": 0.6947719688542825,
    "Document Tokens Attending Rare Tokens": 0.6800889877641824,
    "Rare Tokens Attending Rare Document Tokens": 0.6747497219132369,
    "Rare Document Tokens Attending Rare Document Tokens": 0.6747497219132369,
    "Document Tokens Attending Rare Document Tokens": 0.6734149054505005,
    "Rare Document Tokens Attending Rare Tokens": 0.6734149054505005,
    "Very Rare Tokens Attending Rare Document Tokens": 0.6734149054505005,
    "Very Rare Document Tokens Attending Rare Document Tokens": 0.6734149054505005,
    "All Tokens Attending Rare Document Tokens": 0.6734149054505005,
    "Rare Document Tokens Attending Very Rare Document Tokens": 0.6711902113459399,
    "Rare Tokens Attending Very Rare Document Tokens": 0.6711902113459399,
    "Very Rare Tokens Attending Rare Tokens": 0.6707452725250278,
    "All Tokens Attending Rare Tokens": 0.6703003337041158,
    "Rare Document Tokens Attending Very Rare Tokens": 0.6627363737486095,
    "Very Rare Document Tokens Attending Very Rare Tokens": 0.6582869855394883,
    "Rare Tokens Attending Rare Tokens": 0.6551724137931034,
    "All Tokens Attending Very Rare Document Tokens": 0.6453837597330366,
    "Document Tokens Attending Very Rare Document Tokens": 0.6453837597330366,
    "Rare Tokens Attending Very Rare Tokens": 0.6413793103448275,
    "Very Rare Document Tokens Attending Very Rare Document Tokens": 0.6360400444938822,
    "Very Rare Tokens Attending Very Rare Document Tokens": 0.6360400444938822,
    "Rare Document Tokens Attending Semantic Match Query Tokens": 0.6280311457174638,
    "Document Tokens Attending Semantic Match Query Tokens": 0.625361512791991,
    "Document Tokens Attending Rare Semantic Match Query Tokens": 0.6240266963292548,
    "Rare Document Tokens Attending Rare Semantic Match Query Tokens": 0.6240266963292548,
    "Rare Document Tokens Attending Lexical Match Query Tokens": 0.6231368186874304,
    "Rare Document Tokens Attending Rare Lexical Match Query Tokens": 0.6231368186874304,
    "Document Tokens Attending Rare Lexical Match Query Tokens": 0.6231368186874304,
    "Very Rare Tokens Attending Very Rare Tokens": 0.6222469410456063,
    "Document Tokens Attending Very Rare Tokens": 0.6182424916573971,
    "Document Tokens Attending Very Rare Lexical Match Query Tokens": 0.6151279199110122,
    "Rare Document Tokens Attending Very Rare Lexical Match Query Tokens": 0.6151279199110122,
    "Very Rare Document Tokens Attending Lexical Match Query Tokens": 0.6151279199110122,
    "Very Rare Document Tokens Attending Very Rare Lexical Match Query Tokens": 0.6151279199110122,
    "Very Rare Document Tokens Attending Rare Lexical Match Query Tokens": 0.6151279199110122,
    "Document Tokens Attending Very Rare Semantic Match Query Tokens": 0.6133481646273637,
    "Rare Document Tokens Attending Very Rare Semantic Match Query Tokens": 0.6133481646273637,
    "Very Rare Document Tokens Attending Rare Semantic Match Query Tokens": 0.6106785317018909,
    "Very Rare Document Tokens Attending Semantic Match Query Tokens": 0.607119021134594,
    "Very Rare Document Tokens Attending Very Rare Semantic Match Query Tokens": 0.6062291434927697,
    "All Tokens Attending Very Rare Tokens": 0.6008898776418242,
    "Document Tokens Attending Rare Query Tokens": 0.5804226918798664,
    "Rare Tokens Attending Rare Query Tokens": 0.5781979977753059,
    "Rare Document Tokens Attending Very Rare Query Tokens": 0.5719688542825361,
    "Rare Document Tokens Attending Rare Query Tokens": 0.5710789766407119,
    "Very Rare Tokens Attending Rare Query Tokens": 0.5630700778642936,
    "Very Rare Document Tokens Attending Rare Query Tokens": 0.5572858731924359,
    "Rare Tokens Attending Very Rare Query Tokens": 0.5555061179087876,
    "All Tokens Attending Rare Query Tokens": 0.5555061179087876,
    "Very Rare Document Tokens Attending Very Rare Query Tokens": 0.5332591768631813,
    "Rare Tokens Attending Document Tokens": -0.5208008898776418,
    "Rare Document Tokens Attending Document Tokens": -0.5208008898776418,
    "Document Tokens Attending Very Rare Query Tokens": 0.5145717463848721,
    "Very Rare Tokens Attending Very Rare Query Tokens": 0.5030033370411569,
    "Document Tokens Attending Query Tokens": 0.5007786429365962,
    "Very Rare Document Tokens Attending Document Tokens": -0.4958843159065628,
    "Very Rare Tokens Attending Document Tokens": -0.4958843159065628,
    "Rare Document Tokens Attending Query Tokens": 0.4758620689655172,
    "Very Rare Document Tokens Attending Query Tokens": 0.47363737486095664,
    "Rare Tokens Attending Query Tokens": 0.47274749721913245,
    "All Tokens Attending Document Tokens": -0.4687430478309232,
    "All Tokens Attending Query Tokens": 0.4687430478309232,
    "Document Tokens Attending Document Tokens": -0.4687430478309232,
    "Very Rare Tokens Attending Query Tokens": 0.4634037819799778,
    "Document Tokens Attending Lexical Match Query Tokens": 0.4407119021134594,
    "All Tokens Attending Very Rare Query Tokens": 0.4318131256952169,
    "Very Rare Document Tokens Attending Rare Semantic Match Tokens": 0.3882091212458286,
    "Very Rare Document Tokens Attending Semantic Match Tokens": 0.3882091212458286,
    "Document Tokens Attending Very Rare Semantic Match Tokens": 0.3530589543937709,
    "Rare Document Tokens Attending Very Rare Semantic Match Tokens": 0.3530589543937709,
    "Very Rare Tokens Attending Semantic Match Query Tokens": 0.3263626251390434,
    "Rare Query Tokens Attending Query Tokens": 0.3232480533926585,
    "Rare Query Tokens Attending All Tokens": 0.3232480533926585,
    "Rare Document Tokens Attending Semantic Match Tokens": 0.3219132369299221,
    "Rare Document Tokens Attending Rare Semantic Match Tokens": 0.32146829810900995,
    "Document Tokens Attending Rare Semantic Match Tokens": 0.32146829810900995,
    "Rare Tokens Attending Semantic Match Query Tokens": 0.32057842046718577,
    "All Tokens Attending Rare Semantic Match Query Tokens": 0.32057842046718577,
    "Rare Tokens Attending Very Rare Semantic Match Query Tokens": 0.3090100111234705,
    "All Tokens Attending Very Rare Semantic Match Query Tokens": 0.3090100111234705,
    "Document Tokens Attending Semantic Match Tokens": 0.307230255839822,
    "Rare Tokens Attending Rare Semantic Match Query Tokens": 0.3041156840934371,
    "All Tokens Attending Semantic Match Query Tokens": 0.2996662958843159,
    "Very Rare Tokens Attending Rare Semantic Match Query Tokens": 0.2987764182424916,
    "Query Tokens Attending All Tokens": 0.2800889877641824,
    "Document Tokens Attending All Tokens": -0.2800889877641824,
    "Query Tokens Attending Query Tokens": 0.2800889877641824,
    "Query Tokens Attending Rare Query Tokens": 0.2796440489432703,
    "Query Tokens Attending Rare Tokens": 0.2796440489432703,
    "Very Rare Tokens Attending Semantic Match Tokens": 0.2649610678531702,
    "Query Tokens Attending Lexical Match Tokens": -0.260511679644049,
    "Query Tokens Attending Lexical Match Query Tokens": -0.260511679644049,
    "Very Rare Query Tokens Attending All Tokens": 0.2551724137931034,
    "Very Rare Query Tokens Attending Query Tokens": 0.2551724137931034,
    "Very Rare Document Tokens Attending Semantic Match Document Tokens": 0.25294771968854285,
    "Very Rare Tokens Attending Semantic Match Document Tokens": 0.25294771968854285,
    "Very Rare Tokens Attending Rare Semantic Match Tokens": 0.24983314794215797,
    "Very Rare Document Tokens Attending Very Rare Semantic Match Tokens": 0.24805339265850945,
    "Rare Tokens Attending Very Rare Semantic Match Tokens": 0.2418242491657397,
    "Rare Tokens Attending Semantic Match Tokens": 0.23114571746384868,
    "All Tokens Attending Semantic Match Tokens": 0.23114571746384868,
    "Rare Tokens Attending Rare Semantic Match Tokens": 0.22491657397107895,
    "All Tokens Attending Rare Semantic Match Tokens": 0.22491657397107895,