{
    "Document Tokens Attending Rare Document Tokens": -0.8426287476442453,
    "All Tokens Attending Rare Document Tokens": -0.8426287476442453,
    "Document Tokens Attending Rare Tokens": -0.832641488526901,
    "Very Rare Document Tokens Attending Rare Tokens": -0.8284434348771057,
    "Rare Document Tokens Attending Rare Tokens": -0.8282891460149369,
    "All Tokens Attending Rare Tokens": -0.8260125000713971,
    "Rare Tokens Attending Rare Tokens": -0.8154692341015601,
    "Very Rare Tokens Attending Rare Document Tokens": -0.8150595089462034,
    "Very Rare Document Tokens Attending Rare Document Tokens": -0.8150595089462034,
    "Very Rare Tokens Attending Rare Tokens": -0.8135251290844074,
    "Rare Tokens Attending Rare Document Tokens": -0.811300586001362,
    "Rare Document Tokens Attending Rare Document Tokens": -0.811300586001362,
    "Rare Document Tokens Attending Very Rare Tokens": -0.8010173553274484,
    "All Tokens Attending Very Rare Document Tokens": -0.7897205259683135,
    "Document Tokens Attending Very Rare Document Tokens": -0.7897205259683135,
    "Rare Tokens Attending Very Rare Tokens": -0.7831594920028275,
    "Document Tokens Attending Very Rare Tokens": -0.7811027088942091,
    "Rare Document Tokens Attending Very Rare Document Tokens": -0.7724346475670654,
    "Rare Tokens Attending Very Rare Document Tokens": -0.7724346475670654,
    "All Tokens Attending Very Rare Tokens": -0.7714322054043223,
    "Very Rare Document Tokens Attending Very Rare Tokens": -0.7499785339798035,
    "Very Rare Tokens Attending Very Rare Tokens": -0.7169602541314141,
    "Very Rare Document Tokens Attending Very Rare Document Tokens": -0.6978674311051891,
    "Very Rare Tokens Attending Very Rare Document Tokens": -0.6978674311051891,
    "Very Rare Document Tokens Attending Rare Query Tokens": -0.5961664854465444,
    "Rare Document Tokens Attending Rare Query Tokens": -0.5841953881449526,
    "Very Rare Tokens Attending Rare Query Tokens": -0.5815593263584204,
    "Rare Tokens Attending Rare Query Tokens": -0.5766347624599165,
    "Very Rare Document Tokens Attending Very Rare Query Tokens": -0.5707749457388012,
    "Rare Document Tokens Attending Rare Semantic Match Query Tokens": -0.5684615665972163,
    "Document Tokens Attending Rare Semantic Match Query Tokens": -0.5681986797919831,
    "Rare Document Tokens Attending Semantic Match Query Tokens": -0.5676622777019164,
    "Document Tokens Attending Semantic Match Query Tokens": -0.5640329006166901,
    "Rare Document Tokens Attending Very Rare Query Tokens": -0.5588198203321023,
    "Document Tokens Attending Very Rare Semantic Match Query Tokens": -0.5534460673225072,
    "Very Rare Document Tokens Attending Rare Semantic Match Query Tokens": -0.5531833779563051,
    "Very Rare Document Tokens Attending Semantic Match Query Tokens": -0.5529990151753411,
    "Rare Document Tokens Attending Very Rare Semantic Match Query Tokens": -0.5529454231146748,
    "Document Tokens Attending Rare Query Tokens": -0.5527390611418209,
    "Rare Document Tokens Attending Lexical Match Query Tokens": -0.552400269119428,
    "Rare Document Tokens Attending Rare Lexical Match Query Tokens": -0.552400269119428,
    "Document Tokens Attending Rare Lexical Match Query Tokens": -0.552400269119428,
    "Document Tokens Attending Very Rare Lexical Match Query Tokens": -0.54445948949195,
    "Rare Document Tokens Attending Very Rare Lexical Match Query Tokens": -0.54445948949195,
    "Very Rare Document Tokens Attending Lexical Match Query Tokens": -0.54445948949195,
    "Very Rare Document Tokens Attending Very Rare Lexical Match Query Tokens": -0.54445948949195,
    "Very Rare Document Tokens Attending Rare Lexical Match Query Tokens": -0.54445948949195,
    "All Tokens Attending Rare Query Tokens": -0.5419347488707432,
    "Very Rare Document Tokens Attending Very Rare Semantic Match Query Tokens": -0.5392447688278084,
    "Rare Tokens Attending Very Rare Query Tokens": -0.5374412870293064,
    "Very Rare Tokens Attending Very Rare Query Tokens": -0.5276802000572267,
    "Document Tokens Attending Very Rare Query Tokens": -0.46711477319460215,
    "All Tokens Attending Very Rare Query Tokens": -0.45122714292216093,
    "Very Rare Document Tokens Attending Semantic Match Tokens": -0.4201062349193405,
    "Very Rare Document Tokens Attending All Tokens": 0.41987363691278756,
    "Very Rare Document Tokens Attending Rare Semantic Match Tokens": -0.4136536800349564,
    "Document Tokens Attending Lexical Match Query Tokens": -0.40955853621116245,
    "Rare Document Tokens Attending Semantic Match Tokens": -0.40807743595308693,
    "Document Tokens Attending Rare Semantic Match Tokens": -0.40254480920041735,
    "Rare Document Tokens Attending Very Rare Semantic Match Tokens": -0.40067228162335355,
    "Document Tokens Attending Very Rare Semantic Match Tokens": -0.39948678171927454,
    "Rare Tokens Attending Semantic Match Query Tokens": -0.3957528824548312,
    "All Tokens Attending Rare Semantic Match Query Tokens": -0.3955643649254361,
    "Very Rare Document Tokens Attending Document Tokens": 0.3952836202049089,
    "Very Rare Tokens Attending Document Tokens": 0.3952836202049089,
    "Rare Document Tokens Attending Rare Semantic Match Tokens": -0.39513877210257564,
    "Document Tokens Attending Semantic Match Tokens": -0.39438755881669996,
    "Rare Tokens Attending Rare Semantic Match Query Tokens": -0.3895362763841253,
    "All Tokens Attending Semantic Match Query Tokens": -0.3870168354531674,
    "Very Rare Tokens Attending Semantic Match Query Tokens": -0.37501643614285657,
    "All Tokens Attending Very Rare Semantic Match Query Tokens": -0.3719169452180494,
    "Rare Tokens Attending Very Rare Semantic Match Query Tokens": -0.3697807181766071,
    "Very Rare Tokens Attending Rare Semantic Match Query Tokens": -0.36928806108081336,
    "Very Rare Tokens Attending Semantic Match Tokens": -0.36764048708852215,
    "Rare Tokens Attending Semantic Match Tokens": -0.36167060077986407,
    "Very Rare Tokens Attending Rare Semantic Match Tokens": -0.3611330921746596,
    "Rare Document Tokens Attending All Tokens": 0.36076623520963,
    "Very Rare Document Tokens Attending Very Rare Semantic Match Tokens": -0.35986876362662623,
    "All Tokens Attending Rare Semantic Match Tokens": -0.35632548378901957,
    "Very Rare Tokens Attending All Tokens": 0.35474497272889016,
    "All Tokens Attending Semantic Match Tokens": -0.3509454290696656,
    "Rare Tokens Attending Very Rare Semantic Match Tokens": -0.3504058188928558,
    "All Tokens Attending Very Rare Semantic Match Tokens": -0.3493927676298427,
    "Rare Tokens Attending Rare Semantic Match Tokens": -0.3493164597731239,
    "Very Rare Document Tokens Attending Semantic Match Document Tokens": -0.3467968401777825,
    "Very Rare Tokens Attending Semantic Match Document Tokens": -0.3467968401777825,
    "Query Tokens Attending Rare Query Tokens": -0.34332861078610133,
    "Query Tokens Attending Rare Tokens": -0.34332861078610133,
    "Very Rare Document Tokens Attending Rare Semantic Match Document Tokens": -0.34071668527285515,
    "Very Rare Tokens Attending Rare Semantic Match Document Tokens": -0.34071668527285515,
    "Rare Document Tokens Attending Semantic Match Document Tokens": -0.34028510805855766,
    "Rare Tokens Attending Semantic Match Document Tokens": -0.34028510805855766,
    "Document Tokens Attending Rare Semantic Match Document Tokens": -0.33432510303189655,
    "All Tokens Attending Rare Semantic Match Document Tokens": -0.33432510303189655,
    "All Tokens Attending Semantic Match Document Tokens": -0.3308839311731364,
    "Document Tokens Attending Semantic Match Document Tokens": -0.3308839311731364,
    "Rare Tokens Attending Very Rare Semantic Match Document Tokens": -0.32862064841950633,
    "Rare Document Tokens Attending Very Rare Semantic Match Document Tokens": -0.32862064841950633,