{
    "Document Tokens Attending Rare Document Tokens": -0.8561576354679801,
    "All Tokens Attending Rare Document Tokens": -0.8561576354679801,
    "Rare Tokens Attending Rare Document Tokens": -0.8522167487684728,
    "Rare Document Tokens Attending Rare Document Tokens": -0.8522167487684728,
    "Rare Document Tokens Attending Very Rare Document Tokens": -0.8472906403940884,
    "Rare Tokens Attending Very Rare Document Tokens": -0.8472906403940884,
    "All Tokens Attending Very Rare Document Tokens": -0.8403940886699505,
    "Document Tokens Attending Very Rare Document Tokens": -0.8403940886699505,
    "Very Rare Tokens Attending Rare Document Tokens": -0.8374384236453201,
    "Very Rare Document Tokens Attending Rare Document Tokens": -0.8374384236453201,
    "Very Rare Document Tokens Attending Very Rare Document Tokens": -0.8334975369458125,
    "Very Rare Tokens Attending Very Rare Document Tokens": -0.8334975369458125,
    "Very Rare Document Tokens Attending Very Rare Tokens": -0.8300492610837437,
    "Rare Document Tokens Attending Very Rare Tokens": -0.8261083743842362,
    "Rare Document Tokens Attending Rare Tokens": -0.8206896551724137,
    "Very Rare Document Tokens Attending Rare Tokens": -0.8098522167487683,
    "Rare Tokens Attending Very Rare Tokens": -0.8093596059113298,
    "Very Rare Tokens Attending Very Rare Tokens": -0.8059113300492609,
    "All Tokens Attending Rare Tokens": -0.8024630541871919,
    "Document Tokens Attending Rare Tokens": -0.7999999999999998,
    "Rare Tokens Attending Rare Tokens": -0.7916256157635466,
    "Document Tokens Attending Very Rare Tokens": -0.7901477832512314,
    "All Tokens Attending Very Rare Tokens": -0.782758620689655,
    "Very Rare Tokens Attending Rare Tokens": -0.7812807881773397,
    "Very Rare Document Tokens Attending Rare Synonymous Tokens": -0.6216748768472905,
    "Very Rare Document Tokens Attending Synonymous Tokens": -0.6216748768472905,
    "Rare Document Tokens Attending Very Rare Synonymous Tokens": -0.611822660098522,
    "Document Tokens Attending Very Rare Synonymous Tokens": -0.5970443349753694,
    "Rare Document Tokens Attending Synonymous Tokens": -0.5591133004926107,
    "Rare Tokens Attending Rare Query Tokens": -0.5379310344827586,
    "Very Rare Tokens Attending Rare Query Tokens": -0.5374384236453201,
    "Very Rare Document Tokens Attending Rare Matching Word Query Tokens": -0.5310344827586206,
    "Very Rare Document Tokens Attending Matching Word Query Tokens": -0.5310344827586206,
    "Very Rare Document Tokens Attending Very Rare Matching Word Query Tokens": -0.5310344827586206,
    "Document Tokens Attending Very Rare Matching Word Query Tokens": -0.5310344827586206,
    "Rare Document Tokens Attending Very Rare Matching Word Query Tokens": -0.5310344827586206,
    "Rare Tokens Attending Very Rare Query Tokens": -0.5305418719211822,
    "Very Rare Tokens Attending Very Rare Query Tokens": -0.5226600985221673,
    "Document Tokens Attending Rare Synonymous Tokens": -0.5226600985221673,
    "Rare Document Tokens Attending Rare Synonymous Tokens": -0.5226600985221673,
    "Document Tokens Attending Rare Query Tokens": -0.5167487684729063,
    "Document Tokens Attending Rare Matching Word Query Tokens": -0.5142857142857142,
    "Rare Document Tokens Attending Rare Matching Word Query Tokens": -0.5142857142857142,
    "Rare Document Tokens Attending Matching Word Query Tokens": -0.5142857142857142,
    "All Tokens Attending Rare Query Tokens": -0.5118226600985221,
    "Document Tokens Attending Synonymous Tokens": -0.5029556650246305,
    "Very Rare Document Tokens Attending Synonymous Query Tokens": -0.4950738916256156,
    "Rare Document Tokens Attending Very Rare Query Tokens": -0.4921182266009851,
    "Very Rare Document Tokens Attending Rare Query Tokens": -0.4916256157635467,
    "Very Rare Document Tokens Attending Rare Synonymous Query Tokens": -0.49064039408866983,
    "Very Rare Tokens Attending Synonymous Tokens": -0.4901477832512314,
    "Document Tokens Attending Very Rare Synonymous Query Tokens": -0.4857142857142856,
    "Very Rare Document Tokens Attending Very Rare Query Tokens": -0.47832512315270925,
    "Rare Document Tokens Attending Rare Query Tokens": -0.47438423645320177,
    "Very Rare Document Tokens Attending Very Rare Synonymous Tokens": -0.4729064039408866,
    "Very Rare Tokens Attending Rare Synonymous Tokens": -0.47241379310344817,
    "Rare Document Tokens Attending Very Rare Synonymous Query Tokens": -0.47241379310344817,
    "Document Tokens Attending Very Rare Query Tokens": -0.46945812807881765,
    "Very Rare Document Tokens Attending Very Rare Synonymous Query Tokens": -0.4655172413793103,
    "All Tokens Attending Very Rare Query Tokens": -0.46305418719211816,
    "All Tokens Attending Synonymous Query Tokens": -0.460591133004926,
    "Rare Tokens Attending Rare Synonymous Query Tokens": -0.460591133004926,
    "Rare Tokens Attending Synonymous Query Tokens": -0.460591133004926,
    "Rare Document Tokens Attending Rare Synonymous Query Tokens": -0.4576354679802954,
    "Document Tokens Attending Rare Synonymous Query Tokens": -0.4576354679802954,
    "Rare Document Tokens Attending Synonymous Query Tokens": -0.4576354679802954,
    "All Tokens Attending Rare Synonymous Query Tokens": -0.45467980295566496,
    "Document Tokens Attending Synonymous Query Tokens": -0.45369458128078805,
    "All Tokens Attending Very Rare Synonymous Query Tokens": -0.4522167487684728,
    "Very Rare Tokens Attending Synonymous Query Tokens": -0.44334975369458113,
    "Rare Tokens Attending Very Rare Synonymous Query Tokens": -0.4428571428571427,
    "Very Rare Document Tokens Attending Synonymous Document Tokens": -0.4339901477832511,
    "Very Rare Tokens Attending Synonymous Document Tokens": -0.4339901477832511,
    "Very Rare Tokens Attending Rare Synonymous Query Tokens": -0.4325123152709358,
    "Rare Tokens Attending Synonymous Tokens": -0.42463054187192106,
    "Rare Tokens Attending Very Rare Synonymous Tokens": -0.4211822660098521,
    "All Tokens Attending Very Rare Synonymous Tokens": -0.4211822660098521,
    "Very Rare Document Tokens Attending Rare Synonymous Document Tokens": -0.4172413793103448,
    "Very Rare Tokens Attending Rare Synonymous Document Tokens": -0.4172413793103448,
    "All Tokens Attending Document Tokens": 0.405911330049261,
    "All Tokens Attending Query Tokens": -0.405911330049261,
    "Document Tokens Attending Document Tokens": 0.405911330049261,
    "Rare Tokens Attending Document Tokens": 0.40443349753694574,
    "Rare Document Tokens Attending Document Tokens": 0.40443349753694574,
    "All Tokens Attending Rare Synonymous Tokens": -0.4039408866995073,
    "Rare Tokens Attending Rare Synonymous Tokens": -0.39704433497536934,
    "Very Rare Document Tokens Attending Document Tokens": 0.3955665024630541,
    "Very Rare Tokens Attending Document Tokens": 0.3955665024630541,
    "All Tokens Attending Synonymous Tokens": -0.3940886699507388,
    "Document Tokens Attending Query Tokens": -0.38916256157635454,
    "Rare Tokens Attending Query Tokens": -0.38817733990147774,
    "Rare Tokens Attending Very Rare Synonymous Document Tokens": -0.3871921182266009,
    "Rare Document Tokens Attending Very Rare Synonymous Document Tokens": -0.3871921182266009,
    "Rare Tokens Attending Synonymous Document Tokens": -0.3866995073891625,
    "Rare Document Tokens Attending Synonymous Document Tokens": -0.3866995073891625,
    "Very Rare Tokens Attending Query Tokens": -0.38325123152709356,
    "Query Tokens Attending Rare Query Tokens": -0.3812807881773398,
    "Query Tokens Attending Rare Tokens": -0.3812807881773398,
    "Document Tokens Attending Very Rare Synonymous Document Tokens": -0.37931034482758613,
    "All Tokens Attending Very Rare Synonymous Document Tokens": -0.37931034482758613,