{
    "Very Rare Document Tokens Attending Very Rare Document Tokens": -0.8704433497536944,
    "Very Rare Tokens Attending Very Rare Document Tokens": -0.8704433497536944,
    "Rare Document Tokens Attending Very Rare Document Tokens": -0.8650246305418716,
    "Rare Tokens Attending Very Rare Document Tokens": -0.8650246305418716,
    "All Tokens Attending Very Rare Document Tokens": -0.8561576354679801,
    "Document Tokens Attending Very Rare Document Tokens": -0.8561576354679801,
    "Rare Tokens Attending Rare Document Tokens": -0.8561576354679801,
    "Rare Document Tokens Attending Rare Document Tokens": -0.8561576354679801,
    "Very Rare Document Tokens Attending Very Rare Tokens": -0.8443349753694579,
    "Document Tokens Attending Rare Document Tokens": -0.8369458128078816,
    "All Tokens Attending Rare Document Tokens": -0.8369458128078816,
    "Very Rare Tokens Attending Rare Document Tokens": -0.8310344827586205,
    "Very Rare Document Tokens Attending Rare Document Tokens": -0.8310344827586205,
    "Rare Document Tokens Attending Very Rare Tokens": -0.8216748768472905,
    "Very Rare Tokens Attending Very Rare Tokens": -0.815270935960591,
    "Rare Tokens Attending Very Rare Tokens": -0.804926108374384,
    "Rare Document Tokens Attending Rare Tokens": -0.7980295566502461,
    "Document Tokens Attending Very Rare Tokens": -0.7832512315270934,
    "All Tokens Attending Very Rare Tokens": -0.7812807881773397,
    "Rare Tokens Attending Rare Tokens": -0.773399014778325,
    "Very Rare Document Tokens Attending Rare Tokens": -0.7714285714285711,
    "All Tokens Attending Rare Tokens": -0.7600985221674875,
    "Document Tokens Attending Rare Tokens": -0.7581280788177337,
    "Very Rare Tokens Attending Rare Tokens": -0.7463054187192116,
    "Very Rare Document Tokens Attending Rare Synonymous Tokens": -0.7320197044334974,
    "Very Rare Document Tokens Attending Synonymous Tokens": -0.7320197044334974,
    "Rare Document Tokens Attending Very Rare Synonymous Tokens": -0.7231527093596057,
    "Document Tokens Attending Very Rare Synonymous Tokens": -0.7108374384236452,
    "Rare Document Tokens Attending Synonymous Tokens": -0.6798029556650245,
    "Document Tokens Attending Rare Synonymous Tokens": -0.6482758620689654,
    "Rare Document Tokens Attending Rare Synonymous Tokens": -0.6482758620689654,
    "Document Tokens Attending Synonymous Tokens": -0.6315270935960591,
    "Very Rare Tokens Attending Synonymous Tokens": -0.6147783251231526,
    "Very Rare Document Tokens Attending Very Rare Synonymous Tokens": -0.6068965517241378,
    "Very Rare Tokens Attending Rare Synonymous Tokens": -0.6019704433497536,
    "Very Rare Document Tokens Attending Synonymous Document Tokens": -0.5906403940886699,
    "Very Rare Tokens Attending Synonymous Document Tokens": -0.5906403940886699,
    "Very Rare Document Tokens Attending Rare Synonymous Document Tokens": -0.5743842364532018,
    "Very Rare Tokens Attending Rare Synonymous Document Tokens": -0.5743842364532018,
    "Rare Tokens Attending Synonymous Tokens": -0.5640394088669949,
    "Rare Tokens Attending Very Rare Synonymous Tokens": -0.560591133004926,
    "All Tokens Attending Very Rare Synonymous Tokens": -0.560591133004926,
    "Rare Tokens Attending Very Rare Synonymous Document Tokens": -0.5463054187192117,
    "Rare Document Tokens Attending Very Rare Synonymous Document Tokens": -0.5463054187192117,
    "All Tokens Attending Rare Synonymous Tokens": -0.5443349753694581,
    "Document Tokens Attending Very Rare Synonymous Document Tokens": -0.5384236453201969,
    "All Tokens Attending Very Rare Synonymous Document Tokens": -0.5384236453201969,
    "Rare Tokens Attending Rare Synonymous Tokens": -0.5379310344827586,
    "All Tokens Attending Synonymous Tokens": -0.5369458128078816,
    "Rare Tokens Attending Synonymous Document Tokens": -0.5364532019704432,
    "Rare Document Tokens Attending Synonymous Document Tokens": -0.5364532019704432,
    "Rare Document Tokens Attending Rare Synonymous Document Tokens": -0.5226600985221673,
    "All Tokens Attending Synonymous Document Tokens": -0.5226600985221673,
    "Document Tokens Attending Rare Synonymous Document Tokens": -0.5226600985221673,
    "Document Tokens Attending Synonymous Document Tokens": -0.5226600985221673,
    "Rare Tokens Attending Rare Synonymous Document Tokens": -0.5226600985221673,
    "All Tokens Attending Rare Synonymous Document Tokens": -0.5226600985221673,
    "Very Rare Document Tokens Attending Very Rare Synonymous Document Tokens": -0.49310344827586194,
    "Very Rare Tokens Attending Very Rare Synonymous Document Tokens": -0.49310344827586194,
    "Rare Document Tokens Attending Matching Word Tokens": -0.4822660098522167,
    "Rare Document Tokens Attending Rare Matching Word Tokens": -0.4822660098522167,
    "Document Tokens Attending Rare Matching Word Tokens": -0.4822660098522167,
    "Very Rare Document Tokens Attending Matching Word Tokens": -0.48029556650246297,
    "Very Rare Document Tokens Attending Very Rare Matching Word Tokens": -0.48029556650246297,
    "Very Rare Document Tokens Attending Rare Matching Word Tokens": -0.48029556650246297,
    "Rare Document Tokens Attending Very Rare Matching Word Tokens": -0.48029556650246297,
    "Document Tokens Attending Very Rare Matching Word Tokens": -0.48029556650246297,
    "Very Rare Tokens Attending Very Rare Synonymous Tokens": -0.4748768472906402,
    "Very Rare Tokens Attending Matching Word Document Tokens": -0.473399014778325,
    "Rare Document Tokens Attending Very Rare Matching Word Document Tokens": -0.473399014778325,
    "Very Rare Document Tokens Attending Matching Word Document Tokens": -0.473399014778325,
    "All Tokens Attending Very Rare Matching Word Document Tokens": -0.473399014778325,
    "Very Rare Tokens Attending Very Rare Matching Word Document Tokens": -0.473399014778325,
    "Very Rare Document Tokens Attending Very Rare Matching Word Document Tokens": -0.473399014778325,
    "Very Rare Document Tokens Attending Rare Matching Word Document Tokens": -0.473399014778325,
    "Rare Tokens Attending Very Rare Matching Word Document Tokens": -0.473399014778325,
    "Very Rare Tokens Attending Rare Matching Word Document Tokens": -0.473399014778325,
    "Document Tokens Attending Very Rare Matching Word Document Tokens": -0.473399014778325,
    "All Tokens Attending Very Rare Matching Word Tokens": -0.46945812807881765,
    "Very Rare Tokens Attending Rare Matching Word Tokens": -0.46945812807881765,
    "Very Rare Tokens Attending Matching Word Tokens": -0.46945812807881765,
    "Very Rare Tokens Attending Very Rare Matching Word Tokens": -0.46945812807881765,
    "Rare Tokens Attending Very Rare Matching Word Tokens": -0.46945812807881765,
    "Rare Tokens Attending Rare Matching Word Tokens": -0.46403940886699496,
    "Rare Tokens Attending Matching Word Tokens": -0.46403940886699496,
    "All Tokens Attending Rare Matching Word Tokens": -0.46403940886699496,
    "Rare Tokens Attending Rare Matching Word Document Tokens": -0.451231527093596,
    "Rare Document Tokens Attending Matching Word Document Tokens": -0.451231527093596,
    "Rare Document Tokens Attending Rare Matching Word Document Tokens": -0.451231527093596,
    "Document Tokens Attending Rare Matching Word Document Tokens": -0.451231527093596,
    "Rare Tokens Attending Matching Word Document Tokens": -0.451231527093596,
    "All Tokens Attending Rare Matching Word Document Tokens": -0.451231527093596,
    "Very Rare Tokens Attending Very Rare Query Tokens": -0.4261083743842364,
    "Rare Tokens Attending Very Rare Query Tokens": -0.42561576354679787,
    "All Tokens Attending Synonymous Query Tokens": -0.4251231527093595,
    "Rare Tokens Attending Rare Synonymous Query Tokens": -0.4251231527093595,
    "Rare Tokens Attending Synonymous Query Tokens": -0.4251231527093595,
    "All Tokens Attending Rare Query Tokens": -0.42216748768472895,