{
    "Document Tokens Attending Rare Document Tokens": -0.8187192118226599,
    "All Tokens Attending Rare Document Tokens": -0.8187192118226599,
    "Rare Tokens Attending Rare Document Tokens": -0.8078817733990146,
    "Rare Document Tokens Attending Rare Document Tokens": -0.8078817733990146,
    "Rare Document Tokens Attending Very Rare Document Tokens": -0.8054187192118225,
    "Rare Tokens Attending Very Rare Document Tokens": -0.8054187192118225,
    "Very Rare Tokens Attending Rare Document Tokens": -0.7985221674876846,
    "Very Rare Document Tokens Attending Rare Document Tokens": -0.7985221674876846,
    "All Tokens Attending Very Rare Document Tokens": -0.7945812807881771,
    "Document Tokens Attending Very Rare Document Tokens": -0.7945812807881771,
    "Very Rare Document Tokens Attending Very Rare Document Tokens": -0.7881773399014776,
    "Very Rare Tokens Attending Very Rare Document Tokens": -0.7881773399014776,
    "Very Rare Document Tokens Attending Very Rare Tokens": -0.7876847290640392,
    "Rare Document Tokens Attending Very Rare Tokens": -0.786206896551724,
    "Rare Document Tokens Attending Rare Tokens": -0.7837438423645319,
    "Very Rare Document Tokens Attending Rare Tokens": -0.7763546798029555,
    "Rare Tokens Attending Very Rare Tokens": -0.7704433497536944,
    "All Tokens Attending Rare Tokens": -0.7684729064039407,
    "Document Tokens Attending Rare Tokens": -0.7660098522167487,
    "Very Rare Tokens Attending Very Rare Tokens": -0.763054187192118,
    "Rare Tokens Attending Rare Tokens": -0.7517241379310343,
    "Document Tokens Attending Very Rare Tokens": -0.7477832512315269,
    "Very Rare Tokens Attending Rare Tokens": -0.7433497536945811,
    "All Tokens Attending Very Rare Tokens": -0.7394088669950737,
    "Very Rare Document Tokens Attending Rare Synonymous Tokens": -0.5724137931034481,
    "Very Rare Document Tokens Attending Synonymous Tokens": -0.5724137931034481,
    "Rare Document Tokens Attending Very Rare Synonymous Tokens": -0.5625615763546797,
    "Document Tokens Attending Very Rare Synonymous Tokens": -0.5463054187192117,
    "Very Rare Document Tokens Attending Rare Matching Word Query Tokens": -0.5453201970443349,
    "Very Rare Document Tokens Attending Matching Word Query Tokens": -0.5453201970443349,
    "Very Rare Document Tokens Attending Very Rare Matching Word Query Tokens": -0.5453201970443349,
    "Document Tokens Attending Very Rare Matching Word Query Tokens": -0.5453201970443349,
    "Rare Document Tokens Attending Very Rare Matching Word Query Tokens": -0.5453201970443349,
    "Rare Tokens Attending Rare Query Tokens": -0.5403940886699506,
    "Document Tokens Attending Rare Matching Word Query Tokens": -0.5384236453201969,
    "Rare Document Tokens Attending Rare Matching Word Query Tokens": -0.5384236453201969,
    "Rare Document Tokens Attending Matching Word Query Tokens": -0.5384236453201969,
    "Very Rare Tokens Attending Rare Query Tokens": -0.5344827586206895,
    "Rare Tokens Attending Very Rare Query Tokens": -0.5270935960591132,
    "Very Rare Document Tokens Attending Synonymous Query Tokens": -0.5221674876847289,
    "Very Rare Document Tokens Attending Rare Synonymous Query Tokens": -0.5182266009852216,
    "Document Tokens Attending Rare Query Tokens": -0.5147783251231526,
    "Document Tokens Attending Very Rare Synonymous Query Tokens": -0.5133004926108373,
    "Very Rare Tokens Attending Very Rare Query Tokens": -0.5128078817733989,
    "All Tokens Attending Rare Query Tokens": -0.5049261083743841,
    "Very Rare Document Tokens Attending Rare Query Tokens": -0.5044334975369457,
    "Rare Document Tokens Attending Synonymous Tokens": -0.5044334975369457,
    "Rare Document Tokens Attending Very Rare Synonymous Query Tokens": -0.4995073891625615,
    "Rare Document Tokens Attending Very Rare Query Tokens": -0.4995073891625615,
    "Rare Document Tokens Attending Rare Query Tokens": -0.4940886699507388,
    "Very Rare Document Tokens Attending Very Rare Synonymous Query Tokens": -0.49261083743842354,
    "Rare Document Tokens Attending Rare Synonymous Query Tokens": -0.48866995073891606,
    "Document Tokens Attending Rare Synonymous Query Tokens": -0.48866995073891606,
    "Rare Document Tokens Attending Synonymous Query Tokens": -0.48866995073891606,
    "Document Tokens Attending Synonymous Query Tokens": -0.4871921182266009,
    "Very Rare Document Tokens Attending Very Rare Query Tokens": -0.48669950738916246,
    "Document Tokens Attending Rare Synonymous Tokens": -0.4660098522167487,
    "Rare Document Tokens Attending Rare Synonymous Tokens": -0.4660098522167487,
    "Document Tokens Attending Very Rare Query Tokens": -0.4532019704433496,
    "Document Tokens Attending Synonymous Tokens": -0.4458128078817733,
    "All Tokens Attending Very Rare Query Tokens": -0.4438423645320196,
    "Rare Tokens Attending Document Tokens": 0.4428571428571427,
    "Rare Document Tokens Attending Document Tokens": 0.4428571428571427,
    "Very Rare Document Tokens Attending Document Tokens": 0.4374384236453201,
    "Very Rare Tokens Attending Document Tokens": 0.4374384236453201,
    "Very Rare Tokens Attending Synonymous Tokens": -0.43004926108374375,
    "All Tokens Attending Document Tokens": 0.4266009852216748,
    "All Tokens Attending Query Tokens": -0.4266009852216748,
    "Document Tokens Attending Document Tokens": 0.4266009852216748,
    "All Tokens Attending Synonymous Query Tokens": -0.4182266009852216,
    "Rare Tokens Attending Rare Synonymous Query Tokens": -0.4182266009852216,
    "Rare Tokens Attending Synonymous Query Tokens": -0.4182266009852216,
    "Document Tokens Attending Query Tokens": -0.4177339901477831,
    "Rare Tokens Attending Query Tokens": -0.4177339901477831,
    "Very Rare Document Tokens Attending Very Rare Synonymous Tokens": -0.41674876847290626,
    "Very Rare Tokens Attending Rare Synonymous Tokens": -0.41330049261083734,
    "All Tokens Attending Rare Synonymous Query Tokens": -0.4118226600985221,
    "All Tokens Attending Very Rare Synonymous Query Tokens": -0.40935960591132997,
    "Very Rare Tokens Attending Query Tokens": -0.40689655172413786,
    "Very Rare Tokens Attending Synonymous Query Tokens": -0.3999999999999999,
    "Rare Tokens Attending Very Rare Synonymous Query Tokens": -0.39950738916256145,
    "Rare Document Tokens Attending Query Tokens": -0.3955665024630541,
    "Document Tokens Attending Matching Word Query Tokens": -0.3940886699507388,
    "Very Rare Tokens Attending Rare Synonymous Query Tokens": -0.38817733990147774,
    "Very Rare Document Tokens Attending Synonymous Document Tokens": -0.37389162561576345,
    "Very Rare Tokens Attending Synonymous Document Tokens": -0.37389162561576345,
    "Very Rare Document Tokens Attending Query Tokens": -0.37290640394088664,
    "Rare Tokens Attending Synonymous Tokens": -0.36502463054187184,
    "Rare Query Tokens Attending Query Tokens": -0.36453201970443344,
    "Rare Query Tokens Attending All Tokens": -0.36453201970443344,
    "Rare Tokens Attending Very Rare Synonymous Tokens": -0.36108374384236447,
    "All Tokens Attending Very Rare Synonymous Tokens": -0.36108374384236447,
    "Very Rare Document Tokens Attending Rare Synonymous Document Tokens": -0.3561576354679802,
    "Very Rare Tokens Attending Rare Synonymous Document Tokens": -0.3561576354679802,
    "Query Tokens Attending Rare Query Tokens": -0.3541871921182265,
    "Query Tokens Attending Rare Tokens": -0.3541871921182265,
    "All Tokens Attending Rare Synonymous Tokens": -0.34285714285714275,
    "Query Tokens Attending All Tokens": -0.338423645320197,
    "Document Tokens Attending All Tokens": 0.338423645320197,
    "Query Tokens Attending Query Tokens": -0.338423645320197,
    "Rare Tokens Attending Rare Synonymous Tokens": -0.3354679802955664,
    "All Tokens Attending Synonymous Tokens": -0.33103448275862063,