{
    "Document Tokens Attending Rare Document Tokens": -0.8653775161095401,
    "All Tokens Attending Rare Document Tokens": -0.8653775161095401,
    "Rare Tokens Attending Rare Document Tokens": -0.8471486700542865,
    "Rare Document Tokens Attending Rare Document Tokens": -0.8471486700542865,
    "Very Rare Tokens Attending Rare Document Tokens": -0.8397585973291837,
    "Very Rare Document Tokens Attending Rare Document Tokens": -0.8397585973291837,
    "Document Tokens Attending Rare Tokens": -0.8360635609666321,
    "All Tokens Attending Rare Tokens": -0.8360635609666321,
    "Rare Document Tokens Attending Very Rare Document Tokens": -0.8348318821791151,
    "Rare Tokens Attending Very Rare Document Tokens": -0.8348318821791151,
    "All Tokens Attending Very Rare Document Tokens": -0.8306441743015568,
    "Document Tokens Attending Very Rare Document Tokens": -0.8306441743015568,
    "Rare Document Tokens Attending Rare Tokens": -0.8303978385440534,
    "Very Rare Document Tokens Attending Rare Tokens": -0.8301515027865499,
    "Rare Document Tokens Attending Very Rare Tokens": -0.8259637949089917,
    "Very Rare Document Tokens Attending Very Rare Tokens": -0.8257174591514883,
    "Document Tokens Attending Very Rare Tokens": -0.8151250215788409,
    "Rare Tokens Attending Very Rare Tokens": -0.8141396785488272,
    "Very Rare Document Tokens Attending Very Rare Document Tokens": -0.8072422773387312,
    "Very Rare Tokens Attending Very Rare Document Tokens": -0.8072422773387312,
    "Rare Tokens Attending Rare Tokens": -0.8065032700662209,
    "Very Rare Tokens Attending Very Rare Tokens": -0.8055179270362073,
    "Very Rare Tokens Attending Rare Tokens": -0.8023155621886626,
    "All Tokens Attending Very Rare Tokens": -0.8020692264311592,
    "Rare Tokens Attending Rare Query Tokens": -0.628402517391243,
    "Very Rare Tokens Attending Rare Query Tokens": -0.6239684737561813,
    "Very Rare Tokens Attending Very Rare Query Tokens": -0.6195344301211196,
    "Rare Tokens Attending Very Rare Query Tokens": -0.6190417586061129,
    "Document Tokens Attending Rare Query Tokens": -0.6165784010310785,
    "Very Rare Document Tokens Attending Rare Matching Word Query Tokens": -0.6155930580010648,
    "Very Rare Document Tokens Attending Matching Word Query Tokens": -0.6155930580010648,
    "Very Rare Document Tokens Attending Very Rare Matching Word Query Tokens": -0.6155930580010648,
    "Document Tokens Attending Very Rare Matching Word Query Tokens": -0.6155930580010648,
    "Rare Document Tokens Attending Very Rare Matching Word Query Tokens": -0.6155930580010648,
    "All Tokens Attending Rare Query Tokens": -0.6101736713359894,
    "Document Tokens Attending Rare Matching Word Query Tokens": -0.6008129125508591,
    "Rare Document Tokens Attending Rare Matching Word Query Tokens": -0.6008129125508591,
    "Rare Document Tokens Attending Matching Word Query Tokens": -0.6008129125508591,
    "Very Rare Document Tokens Attending Rare Query Tokens": -0.5929301683107495,
    "Very Rare Document Tokens Attending Synonymous Query Tokens": -0.5899741392207083,
    "Rare Document Tokens Attending Very Rare Query Tokens": -0.5889887961906947,
    "Rare Document Tokens Attending Rare Query Tokens": -0.5840620810406262,
    "Very Rare Document Tokens Attending Rare Synonymous Query Tokens": -0.5815987234655918,
    "Document Tokens Attending Very Rare Synonymous Query Tokens": -0.5815987234655918,
    "Very Rare Document Tokens Attending Very Rare Query Tokens": -0.5766720083155232,
    "Rare Document Tokens Attending Very Rare Synonymous Query Tokens": -0.5682965925604068,
    "Document Tokens Attending Very Rare Query Tokens": -0.5586894980177731,
    "All Tokens Attending Very Rare Query Tokens": -0.5574578192302561,
    "Very Rare Document Tokens Attending Very Rare Synonymous Query Tokens": -0.5569651477152492,
    "Rare Document Tokens Attending Rare Synonymous Query Tokens": -0.5500677465051532,
    "Document Tokens Attending Rare Synonymous Query Tokens": -0.5500677465051532,
    "Rare Document Tokens Attending Synonymous Query Tokens": -0.5500677465051532,
    "Document Tokens Attending Synonymous Query Tokens": -0.5480970604451257,
    "Very Rare Document Tokens Attending Rare Synonymous Tokens": -0.5456337028700914,
    "Very Rare Document Tokens Attending Synonymous Tokens": -0.5456337028700914,
    "Rare Document Tokens Attending Very Rare Synonymous Tokens": -0.5347949295399407,
    "Rare Tokens Attending Document Tokens": 0.5333169149949201,
    "Rare Document Tokens Attending Document Tokens": 0.5333169149949201,
    "Very Rare Document Tokens Attending Document Tokens": 0.5328242434799132,
    "Very Rare Tokens Attending Document Tokens": 0.5328242434799132,
    "All Tokens Attending Document Tokens": 0.5259268422698172,
    "All Tokens Attending Query Tokens": -0.5259268422698172,
    "Document Tokens Attending Document Tokens": 0.5259268422698172,
    "All Tokens Attending Synonymous Query Tokens": -0.5197684483322316,
    "Rare Tokens Attending Rare Synonymous Query Tokens": -0.5197684483322316,
    "Rare Tokens Attending Synonymous Query Tokens": -0.5197684483322316,
    "Document Tokens Attending Very Rare Synonymous Tokens": -0.5158270762121767,
    "All Tokens Attending Very Rare Synonymous Query Tokens": -0.5138563901521493,
    "All Tokens Attending Rare Synonymous Query Tokens": -0.5126247113646322,
    "Document Tokens Attending Query Tokens": -0.5121320398496253,
    "Rare Tokens Attending Very Rare Synonymous Query Tokens": -0.5054809743970328,
    "Very Rare Tokens Attending Synonymous Query Tokens": -0.5049883028820259,
    "Rare Tokens Attending Query Tokens": -0.5047419671245226,
    "Very Rare Tokens Attending Query Tokens": -0.49882990894444024,
    "Very Rare Tokens Attending Rare Synonymous Query Tokens": -0.494642201066882,
    "Rare Document Tokens Attending Synonymous Tokens": -0.49316418652186145,
    "Rare Document Tokens Attending Query Tokens": -0.48454243500924143,
    "Rare Query Tokens Attending Query Tokens": -0.47493534046660774,
    "Rare Query Tokens Attending All Tokens": -0.47493534046660774,
    "Very Rare Document Tokens Attending Query Tokens": -0.47370366167909067,
    "Query Tokens Attending Rare Query Tokens": -0.47321099016408374,
    "Query Tokens Attending Rare Tokens": -0.47321099016408374,
    "Query Tokens Attending All Tokens": -0.46532824592397415,
    "Document Tokens Attending All Tokens": 0.46532824592397415,
    "Query Tokens Attending Query Tokens": -0.46532824592397415,
    "Document Tokens Attending Matching Word Query Tokens": -0.4604015307739056,
    "Document Tokens Attending Rare Synonymous Tokens": -0.4591698519863885,
    "Rare Document Tokens Attending Rare Synonymous Tokens": -0.4591698519863885,
    "Document Tokens Attending Synonymous Tokens": -0.4429116919911622,
    "Very Rare Tokens Attending Very Rare Synonymous Query Tokens": -0.43823131259859716,
    "Very Rare Tokens Attending Synonymous Tokens": -0.42074147381585386,
    "Very Rare Query Tokens Attending All Tokens": -0.411627050788227,
    "Very Rare Query Tokens Attending Query Tokens": -0.411627050788227,
    "Very Rare Tokens Attending Rare Synonymous Tokens": -0.40399064230562076,
    "Very Rare Document Tokens Attending Very Rare Synonymous Tokens": -0.389703168370422,
    "Rare Tokens Attending Synonymous Tokens": -0.36925730049763755,
    "Rare Tokens Attending Very Rare Matching Word Query Tokens": -0.36531592837758264,
    "Very Rare Tokens Attending Rare Matching Word Query Tokens": -0.36531592837758264,
    "Very Rare Tokens Attending Very Rare Matching Word Query Tokens": -0.36531592837758264,
    "All Tokens Attending Very Rare Matching Word Query Tokens": -0.36531592837758264,
    "Very Rare Tokens Attending Matching Word Query Tokens": -0.36531592837758264,
    "Rare Tokens Attending Very Rare Synonymous Tokens": -0.34930410413985985,