{
    "Document Tokens Attending Rare Document Tokens": -0.842628747644245,
    "All Tokens Attending Rare Document Tokens": -0.842628747644245,
    "Document Tokens Attending Rare Tokens": -0.8326414885269008,
    "Very Rare Document Tokens Attending Rare Tokens": -0.8284434348771055,
    "Rare Document Tokens Attending Rare Tokens": -0.8282891460149366,
    "All Tokens Attending Rare Tokens": -0.8260125000713968,
    "Rare Tokens Attending Rare Tokens": -0.8154692341015599,
    "Very Rare Tokens Attending Rare Document Tokens": -0.8150595089462032,
    "Very Rare Document Tokens Attending Rare Document Tokens": -0.8150595089462032,
    "Very Rare Tokens Attending Rare Tokens": -0.8135251290844072,
    "Rare Tokens Attending Rare Document Tokens": -0.8113005860013617,
    "Rare Document Tokens Attending Rare Document Tokens": -0.8113005860013617,
    "Rare Document Tokens Attending Very Rare Tokens": -0.8010173553274481,
    "All Tokens Attending Very Rare Document Tokens": -0.7897205259683132,
    "Document Tokens Attending Very Rare Document Tokens": -0.7897205259683132,
    "Rare Tokens Attending Very Rare Tokens": -0.7831594920028273,
    "Document Tokens Attending Very Rare Tokens": -0.7811027088942089,
    "Rare Document Tokens Attending Very Rare Document Tokens": -0.7724346475670651,
    "Rare Tokens Attending Very Rare Document Tokens": -0.7724346475670651,
    "All Tokens Attending Very Rare Tokens": -0.7714322054043221,
    "Very Rare Document Tokens Attending Very Rare Tokens": -0.7499785339798033,
    "Very Rare Tokens Attending Very Rare Tokens": -0.716960254131414,
    "Very Rare Document Tokens Attending Very Rare Document Tokens": -0.6978674311051889,
    "Very Rare Tokens Attending Very Rare Document Tokens": -0.6978674311051889,
    "Very Rare Document Tokens Attending Rare Query Tokens": -0.5961664854465443,
    "Rare Document Tokens Attending Rare Query Tokens": -0.5841953881449524,
    "Very Rare Tokens Attending Rare Query Tokens": -0.5815593263584203,
    "Rare Tokens Attending Rare Query Tokens": -0.5766347624599164,
    "Very Rare Document Tokens Attending Very Rare Query Tokens": -0.5707749457388009,
    "Rare Document Tokens Attending Rare Semantic Match Query Tokens": -0.5684615665972161,
    "Document Tokens Attending Rare Semantic Match Query Tokens": -0.5681986797919829,
    "Rare Document Tokens Attending Semantic Match Query Tokens": -0.5676622777019161,
    "Document Tokens Attending Semantic Match Query Tokens": -0.56403290061669,
    "Rare Document Tokens Attending Very Rare Query Tokens": -0.5588198203321021,
    "Document Tokens Attending Very Rare Semantic Match Query Tokens": -0.553446067322507,
    "Very Rare Document Tokens Attending Rare Semantic Match Query Tokens": -0.553183377956305,
    "Very Rare Document Tokens Attending Semantic Match Query Tokens": -0.552999015175341,
    "Rare Document Tokens Attending Very Rare Semantic Match Query Tokens": -0.5529454231146747,
    "Document Tokens Attending Rare Query Tokens": -0.5527390611418208,
    "Rare Document Tokens Attending Lexical Match Query Tokens": -0.5524002691194279,
    "Rare Document Tokens Attending Rare Lexical Match Query Tokens": -0.5524002691194279,
    "Document Tokens Attending Rare Lexical Match Query Tokens": -0.5524002691194279,
    "Document Tokens Attending Very Rare Lexical Match Query Tokens": -0.5444594894919499,
    "Rare Document Tokens Attending Very Rare Lexical Match Query Tokens": -0.5444594894919499,
    "Very Rare Document Tokens Attending Lexical Match Query Tokens": -0.5444594894919499,
    "Very Rare Document Tokens Attending Very Rare Lexical Match Query Tokens": -0.5444594894919499,
    "Very Rare Document Tokens Attending Rare Lexical Match Query Tokens": -0.5444594894919499,
    "All Tokens Attending Rare Query Tokens": -0.541934748870743,
    "Very Rare Document Tokens Attending Very Rare Semantic Match Query Tokens": -0.5392447688278083,
    "Rare Tokens Attending Very Rare Query Tokens": -0.5374412870293062,
    "Very Rare Tokens Attending Very Rare Query Tokens": -0.5276802000572265,
    "Document Tokens Attending Very Rare Query Tokens": -0.467114773194602,
    "All Tokens Attending Very Rare Query Tokens": -0.4512271429221608,
    "Very Rare Document Tokens Attending Semantic Match Tokens": -0.4201062349193403,
    "Very Rare Document Tokens Attending All Tokens": 0.41987363691278745,
    "Very Rare Document Tokens Attending Rare Semantic Match Tokens": -0.4136536800349563,
    "Document Tokens Attending Lexical Match Query Tokens": -0.40955853621116234,
    "Rare Document Tokens Attending Semantic Match Tokens": -0.4080774359530868,
    "Document Tokens Attending Rare Semantic Match Tokens": -0.40254480920041724,
    "Rare Document Tokens Attending Very Rare Semantic Match Tokens": -0.40067228162335344,
    "Document Tokens Attending Very Rare Semantic Match Tokens": -0.39948678171927443,
    "Rare Tokens Attending Semantic Match Query Tokens": -0.3957528824548311,
    "All Tokens Attending Rare Semantic Match Query Tokens": -0.395564364925436,
    "Very Rare Document Tokens Attending Document Tokens": 0.3952836202049088,
    "Very Rare Tokens Attending Document Tokens": 0.3952836202049088,
    "Rare Document Tokens Attending Rare Semantic Match Tokens": -0.39513877210257553,
    "Document Tokens Attending Semantic Match Tokens": -0.39438755881669985,
    "Rare Tokens Attending Rare Semantic Match Query Tokens": -0.38953627638412514,
    "All Tokens Attending Semantic Match Query Tokens": -0.3870168354531673,
    "Very Rare Tokens Attending Semantic Match Query Tokens": -0.37501643614285646,
    "All Tokens Attending Very Rare Semantic Match Query Tokens": -0.3719169452180493,
    "Rare Tokens Attending Very Rare Semantic Match Query Tokens": -0.36978071817660707,
    "Very Rare Tokens Attending Rare Semantic Match Query Tokens": -0.3692880610808132,
    "Very Rare Tokens Attending Semantic Match Tokens": -0.36764048708852204,
    "Rare Tokens Attending Semantic Match Tokens": -0.361670600779864,
    "Very Rare Tokens Attending Rare Semantic Match Tokens": -0.3611330921746595,
    "Rare Document Tokens Attending All Tokens": 0.3607662352096298,
    "Very Rare Document Tokens Attending Very Rare Semantic Match Tokens": -0.3598687636266261,
    "All Tokens Attending Rare Semantic Match Tokens": -0.3563254837890195,
    "Very Rare Tokens Attending All Tokens": 0.3547449727288901,
    "All Tokens Attending Semantic Match Tokens": -0.3509454290696654,
    "Rare Tokens Attending Very Rare Semantic Match Tokens": -0.3504058188928557,
    "All Tokens Attending Very Rare Semantic Match Tokens": -0.3493927676298426,
    "Rare Tokens Attending Rare Semantic Match Tokens": -0.34931645977312376,
    "Very Rare Document Tokens Attending Semantic Match Document Tokens": -0.34679684017778234,
    "Very Rare Tokens Attending Semantic Match Document Tokens": -0.34679684017778234,
    "Query Tokens Attending Rare Query Tokens": -0.3433286107861012,
    "Query Tokens Attending Rare Tokens": -0.3433286107861012,
    "Very Rare Document Tokens Attending Rare Semantic Match Document Tokens": -0.34071668527285504,
    "Very Rare Tokens Attending Rare Semantic Match Document Tokens": -0.34071668527285504,
    "Rare Document Tokens Attending Semantic Match Document Tokens": -0.34028510805855755,
    "Rare Tokens Attending Semantic Match Document Tokens": -0.34028510805855755,
    "Document Tokens Attending Rare Semantic Match Document Tokens": -0.33432510303189644,
    "All Tokens Attending Rare Semantic Match Document Tokens": -0.33432510303189644,
    "All Tokens Attending Semantic Match Document Tokens": -0.33088393117313636,
    "Document Tokens Attending Semantic Match Document Tokens": -0.33088393117313636,
    "Rare Tokens Attending Very Rare Semantic Match Document Tokens": -0.3286206484195062,
    "Rare Document Tokens Attending Very Rare Semantic Match Document Tokens": -0.3286206484195062,