{
    "Document Tokens Attending Rare Document Tokens": -0.8851829677282077,
    "All Tokens Attending Rare Document Tokens": -0.8851829677282077,
    "Rare Tokens Attending Rare Document Tokens": -0.8706312355738205,
    "Rare Document Tokens Attending Rare Document Tokens": -0.8706312355738205,
    "Rare Document Tokens Attending Rare Tokens": -0.8643917093412137,
    "Document Tokens Attending Rare Tokens": -0.8631206294929348,
    "Very Rare Tokens Attending Rare Document Tokens": -0.8622581263783193,
    "Very Rare Document Tokens Attending Rare Document Tokens": -0.8622581263783193,
    "All Tokens Attending Very Rare Document Tokens": -0.8605992640608439,
    "Document Tokens Attending Very Rare Document Tokens": -0.8605992640608439,
    "Very Rare Document Tokens Attending Rare Tokens": -0.8600924049130183,
    "All Tokens Attending Rare Tokens": -0.8599655363823129,
    "Rare Tokens Attending Rare Tokens": -0.8566544984340956,
    "Very Rare Tokens Attending Rare Tokens": -0.8508793633667318,
    "Rare Document Tokens Attending Very Rare Tokens": -0.8489604651229089,
    "Rare Document Tokens Attending Very Rare Document Tokens": -0.8487219886652002,
    "Rare Tokens Attending Very Rare Document Tokens": -0.8487219886652002,
    "Document Tokens Attending Very Rare Tokens": -0.8413167230968227,
    "Rare Tokens Attending Very Rare Tokens": -0.8368955477973516,
    "All Tokens Attending Very Rare Tokens": -0.836038049270657,
    "Very Rare Document Tokens Attending Very Rare Tokens": -0.8325220310442212,
    "Very Rare Tokens Attending Very Rare Tokens": -0.8136692697842626,
    "Very Rare Document Tokens Attending Very Rare Document Tokens": -0.8080941037655862,
    "Very Rare Tokens Attending Very Rare Document Tokens": -0.8080941037655862,
    "Very Rare Tokens Attending Rare Query Tokens": -0.7634068038866696,
    "Rare Tokens Attending Rare Query Tokens": -0.7624762926116163,
    "Rare Document Tokens Attending Rare Query Tokens": -0.7611829103152173,
    "Very Rare Document Tokens Attending Rare Query Tokens": -0.7603816038379453,
    "All Tokens Attending Rare Query Tokens": -0.7479138969198875,
    "Very Rare Tokens Attending Very Rare Query Tokens": -0.7434544539772574,
    "Rare Tokens Attending Very Rare Query Tokens": -0.742560107398589,
    "Document Tokens Attending Rare Query Tokens": -0.7421208014202345,
    "Very Rare Document Tokens Attending Semantic Match Tokens": -0.7391756191977008,
    "Rare Document Tokens Attending Very Rare Query Tokens": -0.7384637095570852,
    "Very Rare Document Tokens Attending Rare Semantic Match Tokens": -0.738142015056248,
    "Very Rare Document Tokens Attending Very Rare Query Tokens": -0.7371574541018423,
    "Document Tokens Attending Semantic Match Query Tokens": -0.7358845569431851,
    "Rare Document Tokens Attending Semantic Match Tokens": -0.735015699837706,
    "Document Tokens Attending Rare Semantic Match Query Tokens": -0.7345020157143545,
    "Rare Document Tokens Attending Semantic Match Query Tokens": -0.7341586699787972,
    "Rare Document Tokens Attending Very Rare Semantic Match Tokens": -0.73364061030296,
    "All Tokens Attending Rare Semantic Match Query Tokens": -0.7334056679415264,
    "Rare Document Tokens Attending Rare Semantic Match Query Tokens": -0.7333936938483635,
    "Document Tokens Attending Rare Semantic Match Tokens": -0.733219283628236,
    "Rare Document Tokens Attending Rare Semantic Match Tokens": -0.7329186248370816,
    "Rare Tokens Attending Semantic Match Query Tokens": -0.732777994690738,
    "All Tokens Attending Semantic Match Query Tokens": -0.7324193693558345,
    "Document Tokens Attending Very Rare Semantic Match Tokens": -0.7322422317146713,
    "Rare Tokens Attending Rare Semantic Match Query Tokens": -0.7310663893709881,
    "Document Tokens Attending Semantic Match Tokens": -0.7305254699323575,
    "All Tokens Attending Very Rare Query Tokens": -0.7259391383724353,
    "Very Rare Document Tokens Attending Very Rare Semantic Match Tokens": -0.7230920748500568,
    "Document Tokens Attending Very Rare Query Tokens": -0.7186833075753957,
    "Very Rare Document Tokens Attending Semantic Match Query Tokens": -0.7128392015410066,
    "Very Rare Document Tokens Attending Rare Semantic Match Query Tokens": -0.7121870513100385,
    "Document Tokens Attending Very Rare Semantic Match Query Tokens": -0.7086310052002942,
    "Rare Document Tokens Attending Very Rare Semantic Match Query Tokens": -0.708363694488471,
    "Very Rare Tokens Attending Semantic Match Query Tokens": -0.7046464200348092,
    "Rare Document Tokens Attending Lexical Match Query Tokens": -0.7043660943952513,
    "Rare Document Tokens Attending Rare Lexical Match Query Tokens": -0.7043660943952513,
    "Document Tokens Attending Rare Lexical Match Query Tokens": -0.7043660943952513,
    "Very Rare Tokens Attending Rare Semantic Match Query Tokens": -0.7029059272512144,
    "Very Rare Document Tokens Attending Very Rare Semantic Match Query Tokens": -0.7010963647691759,
    "All Tokens Attending Very Rare Semantic Match Query Tokens": -0.6992037311346322,
    "Rare Tokens Attending Very Rare Semantic Match Query Tokens": -0.6984607531725211,
    "Very Rare Document Tokens Attending Query Tokens": -0.6900900047003615,
    "Document Tokens Attending Very Rare Lexical Match Query Tokens": -0.6871746110865914,
    "Rare Document Tokens Attending Very Rare Lexical Match Query Tokens": -0.6871746110865914,
    "Very Rare Document Tokens Attending Lexical Match Query Tokens": -0.6871746110865914,
    "Very Rare Document Tokens Attending Very Rare Lexical Match Query Tokens": -0.6871746110865914,
    "Very Rare Document Tokens Attending Rare Lexical Match Query Tokens": -0.6871746110865914,
    "Very Rare Tokens Attending Semantic Match Tokens": -0.6871593728568361,
    "Rare Tokens Attending Semantic Match Tokens": -0.6850177890634043,
    "Very Rare Tokens Attending Rare Semantic Match Tokens": -0.68498826168148,
    "All Tokens Attending Rare Semantic Match Tokens": -0.682533248512117,
    "Document Tokens Attending Lexical Match Query Tokens": -0.6820152592720004,
    "Rare Tokens Attending Rare Semantic Match Tokens": -0.6812174498984831,
    "Very Rare Tokens Attending Very Rare Semantic Match Query Tokens": -0.6810046735020943,
    "All Tokens Attending Semantic Match Tokens": -0.6794704658033195,
    "Rare Tokens Attending Very Rare Semantic Match Tokens": -0.6794648685507024,
    "Rare Document Tokens Attending Query Tokens": -0.678698701607406,
    "All Tokens Attending Very Rare Semantic Match Tokens": -0.6775297018890835,
    "Document Tokens Attending Query Tokens": -0.6693560069538352,
    "Very Rare Document Tokens Attending Very Rare Lexical Match Tokens": -0.663156710697942,
    "Very Rare Document Tokens Attending Rare Lexical Match Tokens": -0.663156710697942,
    "Very Rare Document Tokens Attending Lexical Match Tokens": -0.663156710697942,
    "Rare Document Tokens Attending Very Rare Lexical Match Tokens": -0.663156710697942,
    "Document Tokens Attending Very Rare Lexical Match Tokens": -0.663156710697942,
    "Very Rare Document Tokens Attending Document Tokens": 0.6623610664125166,
    "Very Rare Tokens Attending Document Tokens": 0.6623610664125166,
    "Very Rare Tokens Attending Very Rare Semantic Match Tokens": -0.662019363707577,
    "Rare Tokens Attending Lexical Match Query Tokens": -0.6611276386180427,
    "All Tokens Attending Rare Lexical Match Query Tokens": -0.6611276386180427,
    "Rare Tokens Attending Rare Lexical Match Query Tokens": -0.6611276386180427,
    "Very Rare Tokens Attending Query Tokens": -0.6569620829751912,
    "Rare Document Tokens Attending Lexical Match Tokens": -0.6546941548210612,
    "Document Tokens Attending Rare Lexical Match Tokens": -0.6546941548210612,
    "Rare Document Tokens Attending Rare Lexical Match Tokens": -0.6546941548210612,
    "Rare Tokens Attending Document Tokens": 0.6532856933699909,