{
    "Very Rare Tokens Attending Rare Query Tokens": 0.7947026374530773,
    "Very Rare Document Tokens Attending Rare Query Tokens": 0.7924258214895349,
    "Rare Tokens Attending Rare Query Tokens": 0.7916059510536013,
    "All Tokens Attending Rare Query Tokens": 0.7896750543514203,
    "Rare Document Tokens Attending Rare Query Tokens": 0.7876129784795655,
    "All Tokens Attending Very Rare Query Tokens": 0.7827540124441497,
    "Very Rare Document Tokens Attending Very Rare Query Tokens": 0.7805949357174407,
    "Document Tokens Attending Rare Query Tokens": 0.7795448660757878,
    "Document Tokens Attending Semantic Match Query Tokens": 0.7790167626748488,
    "Rare Document Tokens Attending Very Rare Query Tokens": 0.7779921258290061,
    "Document Tokens Attending Rare Semantic Match Query Tokens": 0.7774086798403127,
    "Rare Document Tokens Attending Semantic Match Query Tokens": 0.7769316921152905,
    "Rare Document Tokens Attending Rare Semantic Match Query Tokens": 0.7761669642407034,
    "Rare Tokens Attending Very Rare Query Tokens": 0.7756761999182467,
    "Document Tokens Attending Very Rare Query Tokens": 0.7751214222857222,
    "Very Rare Tokens Attending Very Rare Query Tokens": 0.7655964228428527,
    "Document Tokens Attending Lexical Match Query Tokens": 0.7604596084951954,
    "Very Rare Document Tokens Attending Semantic Match Query Tokens": 0.753030186389917,
    "Very Rare Tokens Attending Query Tokens": 0.7526107275236305,
    "Very Rare Document Tokens Attending Rare Semantic Match Query Tokens": 0.7523704359046337,
    "Document Tokens Attending Rare Tokens": 0.7480754481352601,
    "Document Tokens Attending Very Rare Semantic Match Query Tokens": 0.7456926597795301,
    "Rare Document Tokens Attending Very Rare Semantic Match Query Tokens": 0.7454733933383044,
    "All Tokens Attending Rare Tokens": 0.7443093098400675,
    "All Tokens Attending Query Tokens": 0.7410766019339716,
    "All Tokens Attending Document Tokens": -0.7410635382083993,
    "Document Tokens Attending Document Tokens": -0.7410635382083993,
    "Rare Tokens Attending Query Tokens": 0.7410123938277504,
    "Very Rare Document Tokens Attending Query Tokens": 0.739658043173349,
    "Very Rare Document Tokens Attending Very Rare Semantic Match Query Tokens": 0.7391885587106215,
    "Rare Document Tokens Attending Lexical Match Query Tokens": 0.7356571568920711,
    "Rare Document Tokens Attending Rare Lexical Match Query Tokens": 0.7356571568920711,
    "Document Tokens Attending Rare Lexical Match Query Tokens": 0.7356571568920711,
    "Rare Document Tokens Attending Query Tokens": 0.7271492082184767,
    "Document Tokens Attending Query Tokens": 0.7252857814286162,
    "Rare Tokens Attending Document Tokens": -0.7131459704135367,
    "Rare Document Tokens Attending Document Tokens": -0.7131459704135367,
    "Document Tokens Attending Very Rare Lexical Match Query Tokens": 0.7089235750873907,
    "Rare Document Tokens Attending Very Rare Lexical Match Query Tokens": 0.7089235750873907,
    "Very Rare Document Tokens Attending Lexical Match Query Tokens": 0.7089235750873907,
    "Very Rare Document Tokens Attending Very Rare Lexical Match Query Tokens": 0.7089235750873907,
    "Very Rare Document Tokens Attending Rare Lexical Match Query Tokens": 0.7089235750873907,
    "Very Rare Document Tokens Attending Document Tokens": -0.7069313511363154,
    "Very Rare Tokens Attending Document Tokens": -0.7069313511363154,
    "Rare Document Tokens Attending Rare Tokens": 0.6916816888661277,
    "Rare Tokens Attending Rare Tokens": 0.6796354524382301,
    "Very Rare Document Tokens Attending Rare Tokens": 0.6741973569907613,
    "Very Rare Document Tokens Attending All Tokens": 0.6684221183933439,
    "Very Rare Tokens Attending Rare Tokens": 0.6600760346935672,
    "All Tokens Attending Semantic Match Query Tokens": 0.6510644059507292,
    "All Tokens Attending Rare Semantic Match Query Tokens": 0.6490989678781008,
    "Rare Tokens Attending Semantic Match Query Tokens": 0.6487305079571513,
    "Rare Tokens Attending Rare Semantic Match Query Tokens": 0.6447568049601867,
    "Very Rare Tokens Attending All Tokens": 0.619119215509978,
    "Very Rare Tokens Attending Semantic Match Query Tokens": 0.6108662784377216,
    "Rare Tokens Attending All Tokens": 0.6078655642664399,
    "Very Rare Tokens Attending Rare Semantic Match Query Tokens": 0.607632613461417,
    "All Tokens Attending Very Rare Semantic Match Query Tokens": 0.5996803536127091,
    "Rare Tokens Attending Very Rare Semantic Match Query Tokens": 0.5990452360691385,
    "Rare Document Tokens Attending All Tokens": 0.5830256791139741,
    "Very Rare Tokens Attending Very Rare Semantic Match Query Tokens": 0.5749014391455504,
    "Rare Tokens Attending Lexical Match Query Tokens": 0.5318825284774373,
    "All Tokens Attending Rare Lexical Match Query Tokens": 0.5318825284774373,
    "Rare Tokens Attending Rare Lexical Match Query Tokens": 0.5318825284774373,
    "Very Rare Tokens Attending Lexical Match Query Tokens": 0.5002929584841767,
    "All Tokens Attending Very Rare Lexical Match Query Tokens": 0.5002929584841767,
    "Very Rare Tokens Attending Very Rare Lexical Match Query Tokens": 0.5002929584841767,
    "Very Rare Tokens Attending Rare Lexical Match Query Tokens": 0.5002929584841767,
    "Rare Tokens Attending Very Rare Lexical Match Query Tokens": 0.5002929584841767,
    "Document Tokens Attending Very Rare Tokens": 0.45505924660626645,
    "All Tokens Attending Very Rare Tokens": 0.44943384689299404,
    "Rare Document Tokens Attending Very Rare Tokens": 0.4432870753071223,
    "All Tokens Attending Lexical Match Query Tokens": 0.44300532438162143,
    "Rare Tokens Attending Very Rare Tokens": 0.42986876099330856,
    "Very Rare Document Tokens Attending Very Rare Tokens": 0.339534047177265,
    "All Tokens Attending Very Rare Document Tokens": -0.3328600261323368,
    "Document Tokens Attending Very Rare Document Tokens": -0.3328600261323368,
    "Very Rare Tokens Attending Very Rare Tokens": 0.32287339348550886,
    "Rare Tokens Attending Rare Document Tokens": 0.28169939593316495,
    "Rare Document Tokens Attending Rare Document Tokens": 0.28169939593316495,
    "Very Rare Tokens Attending Rare Document Tokens": 0.26988177921308026,
    "Very Rare Document Tokens Attending Rare Document Tokens": 0.26988177921308026,
    "Document Tokens Attending Lexical Match Document Tokens": -0.2543690980076574,
    "All Tokens Attending Lexical Match Document Tokens": -0.2543690980076574,
    "Document Tokens Attending Rare Document Tokens": 0.1700765032474692,
    "All Tokens Attending Rare Document Tokens": 0.1700765032474692,
    "Document Tokens Attending Lexical Match Tokens": -0.14221246474904073,
    "All Tokens Attending Lexical Match Tokens": -0.12727302513746427,
    "Rare Document Tokens Attending Very Rare Document Tokens": -0.12222852834767886,
    "Rare Tokens Attending Very Rare Document Tokens": -0.12222852834767886,
    "Very Rare Document Tokens Attending Semantic Match Tokens": 0.12000311982627576,
    "Very Rare Document Tokens Attending Rare Semantic Match Tokens": 0.11932945176370979,
    "Very Rare Tokens Attending Semantic Match Tokens": 0.1124286440477955,
    "Rare Document Tokens Attending Very Rare Semantic Match Tokens": 0.11210322093742002,
    "Very Rare Document Tokens Attending Very Rare Semantic Match Tokens": 0.11178019047417148,
    "Very Rare Tokens Attending Rare Semantic Match Tokens": 0.11171612559193747,
    "Document Tokens Attending Very Rare Semantic Match Tokens": 0.10783609502502368,
    "Rare Tokens Attending Very Rare Semantic Match Tokens": 0.10514831677960242,
    "Very Rare Document Tokens Attending Very Rare Lexical Match Tokens": 0.10488554175590034,
    "Very Rare Document Tokens Attending Rare Lexical Match Tokens": 0.10488554175590034,