{
    "Document Tokens Attending Rare Document Tokens": 0.8687423687423688,
    "All Tokens Attending Rare Document Tokens": 0.8687423687423688,
    "Very Rare Tokens Attending Rare Document Tokens": 0.8553113553113553,
    "Very Rare Document Tokens Attending Rare Document Tokens": 0.8553113553113553,
    "Very Rare Document Tokens Attending Rare Tokens": 0.8449328449328449,
    "All Tokens Attending Very Rare Document Tokens": 0.8437118437118436,
    "Document Tokens Attending Very Rare Document Tokens": 0.8437118437118436,
    "Rare Tokens Attending Rare Document Tokens": 0.8394383394383393,
    "Rare Document Tokens Attending Rare Document Tokens": 0.8394383394383393,
    "Rare Document Tokens Attending Rare Tokens": 0.8351648351648352,
    "Very Rare Tokens Attending Rare Tokens": 0.8302808302808303,
    "Rare Document Tokens Attending Very Rare Document Tokens": 0.8272283272283273,
    "Rare Tokens Attending Very Rare Document Tokens": 0.8272283272283273,
    "Rare Tokens Attending Rare Tokens": 0.8229548229548229,
    "All Tokens Attending Rare Tokens": 0.8217338217338217,
    "Very Rare Document Tokens Attending Very Rare Tokens": 0.8211233211233211,
    "Document Tokens Attending Rare Tokens": 0.8205128205128205,
    "Rare Tokens Attending Very Rare Tokens": 0.8186813186813187,
    "Rare Document Tokens Attending Very Rare Tokens": 0.818070818070818,
    "Very Rare Tokens Attending Very Rare Tokens": 0.8174603174603173,
    "All Tokens Attending Very Rare Tokens": 0.8064713064713065,
    "Document Tokens Attending Very Rare Tokens": 0.8052503052503053,
    "Very Rare Document Tokens Attending Very Rare Document Tokens": 0.7887667887667887,
    "Very Rare Tokens Attending Very Rare Document Tokens": 0.7887667887667887,
    "Very Rare Tokens Attending Rare Query Tokens": 0.7771672771672772,
    "Rare Tokens Attending Rare Query Tokens": 0.775946275946276,
    "Very Rare Tokens Attending Very Rare Query Tokens": 0.7728937728937728,
    "Rare Tokens Attending Very Rare Query Tokens": 0.7692307692307693,
    "Rare Document Tokens Attending Very Rare Query Tokens": 0.7649572649572649,
    "Rare Document Tokens Attending Rare Query Tokens": 0.7631257631257632,
    "Rare Tokens Attending Rare Semantic Match Query Tokens": 0.7594627594627593,
    "All Tokens Attending Semantic Match Query Tokens": 0.7594627594627593,
    "Rare Tokens Attending Semantic Match Query Tokens": 0.7594627594627593,
    "All Tokens Attending Rare Semantic Match Query Tokens": 0.7594627594627593,
    "Very Rare Document Tokens Attending Rare Query Tokens": 0.7588522588522589,
    "Very Rare Document Tokens Attending Very Rare Query Tokens": 0.7582417582417582,
    "Very Rare Document Tokens Attending Semantic Match Tokens": 0.7557997557997558,
    "Document Tokens Attending Semantic Match Tokens": 0.753968253968254,
    "Rare Document Tokens Attending Rare Semantic Match Tokens": 0.7503052503052503,
    "Rare Document Tokens Attending Semantic Match Tokens": 0.7484737484737484,
    "Very Rare Document Tokens Attending Rare Semantic Match Tokens": 0.7484737484737484,
    "Document Tokens Attending Rare Semantic Match Tokens": 0.7484737484737484,
    "Rare Document Tokens Attending Very Rare Semantic Match Tokens": 0.7460317460317459,
    "Document Tokens Attending Very Rare Semantic Match Tokens": 0.7448107448107448,
    "All Tokens Attending Semantic Match Tokens": 0.7442002442002441,
    "Rare Tokens Attending Rare Semantic Match Tokens": 0.7393162393162392,
    "Very Rare Tokens Attending Very Rare Semantic Match Tokens": 0.7393162393162392,
    "Rare Document Tokens Attending Lexical Match Tokens": 0.7393162393162392,
    "Document Tokens Attending Rare Lexical Match Tokens": 0.7393162393162392,
    "Rare Document Tokens Attending Rare Lexical Match Tokens": 0.7393162393162392,
    "Very Rare Document Tokens Attending Very Rare Semantic Match Tokens": 0.7387057387057387,
    "All Tokens Attending Very Rare Query Tokens": 0.7387057387057387,
    "Rare Tokens Attending Semantic Match Tokens": 0.7374847374847374,
    "All Tokens Attending Rare Semantic Match Tokens": 0.7374847374847374,
    "Rare Tokens Attending Very Rare Semantic Match Query Tokens": 0.7368742368742369,
    "All Tokens Attending Very Rare Semantic Match Query Tokens": 0.7368742368742369,
    "Very Rare Tokens Attending Semantic Match Query Tokens": 0.7368742368742369,
    "Very Rare Tokens Attending Rare Semantic Match Tokens": 0.7362637362637362,
    "Very Rare Tokens Attending Semantic Match Tokens": 0.7362637362637362,
    "Document Tokens Attending Very Rare Query Tokens": 0.7344322344322345,
    "Rare Tokens Attending Very Rare Semantic Match Tokens": 0.7326007326007326,
    "Very Rare Tokens Attending Very Rare Semantic Match Query Tokens": 0.7326007326007326,
    "Very Rare Tokens Attending Rare Semantic Match Query Tokens": 0.7326007326007326,
    "All Tokens Attending Rare Query Tokens": 0.7326007326007326,
    "All Tokens Attending Very Rare Semantic Match Tokens": 0.7301587301587301,
    "Document Tokens Attending Rare Query Tokens": 0.7258852258852259,
    "Very Rare Document Tokens Attending Query Tokens": 0.7258852258852259,
    "Very Rare Document Tokens Attending Rare Semantic Match Document Tokens": 0.7246642246642245,
    "Very Rare Tokens Attending Rare Semantic Match Document Tokens": 0.7246642246642245,
    "Rare Tokens Attending Rare Semantic Match Document Tokens": 0.7246642246642245,
    "Rare Document Tokens Attending Rare Semantic Match Document Tokens": 0.7246642246642245,
    "Rare Tokens Attending Very Rare Semantic Match Document Tokens": 0.724053724053724,
    "Rare Document Tokens Attending Very Rare Semantic Match Document Tokens": 0.724053724053724,
    "Document Tokens Attending Very Rare Semantic Match Document Tokens": 0.7234432234432234,
    "All Tokens Attending Very Rare Semantic Match Document Tokens": 0.7234432234432234,
    "Document Tokens Attending Rare Semantic Match Document Tokens": 0.7222222222222221,
    "Rare Document Tokens Attending Semantic Match Document Tokens": 0.7222222222222221,
    "All Tokens Attending Rare Semantic Match Document Tokens": 0.7222222222222221,
    "Rare Tokens Attending Semantic Match Document Tokens": 0.7222222222222221,
    "All Tokens Attending Semantic Match Document Tokens": 0.7203907203907204,
    "Very Rare Tokens Attending Query Tokens": 0.7203907203907204,
    "Document Tokens Attending Semantic Match Document Tokens": 0.7203907203907204,
    "Very Rare Tokens Attending Very Rare Semantic Match Document Tokens": 0.7191697191697193,
    "Very Rare Document Tokens Attending Very Rare Semantic Match Document Tokens": 0.7191697191697193,
    "Very Rare Document Tokens Attending Very Rare Lexical Match Tokens": 0.7185592185592186,
    "Very Rare Document Tokens Attending Rare Lexical Match Tokens": 0.7185592185592186,
    "Very Rare Document Tokens Attending Semantic Match Document Tokens": 0.7185592185592186,
    "Very Rare Tokens Attending Semantic Match Document Tokens": 0.7185592185592186,
    "Very Rare Document Tokens Attending Lexical Match Tokens": 0.7185592185592186,
    "Rare Document Tokens Attending Very Rare Lexical Match Tokens": 0.7185592185592186,
    "Document Tokens Attending Very Rare Lexical Match Tokens": 0.7185592185592186,
    "Rare Document Tokens Attending Semantic Match Query Tokens": 0.7148962148962149,
    "Document Tokens Attending Semantic Match Query Tokens": 0.7148962148962149,
    "Document Tokens Attending Rare Semantic Match Query Tokens": 0.7148962148962149,
    "Rare Document Tokens Attending Rare Semantic Match Query Tokens": 0.7148962148962149,
    "Rare Tokens Attending Rare Lexical Match Tokens": 0.7112332112332113,
    "All Tokens Attending Rare Lexical Match Tokens": 0.7112332112332113,
    "Rare Tokens Attending Lexical Match Tokens": 0.7112332112332113,
    "Rare Document Tokens Attending Query Tokens": 0.7106227106227105,