{
    "Document Tokens Attending Rare Document Tokens": 0.929463575815282,
    "All Tokens Attending Rare Document Tokens": 0.929463575815282,
    "Document Tokens Attending Rare Tokens": 0.9253422485439481,
    "Rare Document Tokens Attending Rare Tokens": 0.9204260294302908,
    "All Tokens Attending Rare Tokens": 0.9195637448176397,
    "Rare Tokens Attending Rare Document Tokens": 0.9108794598309653,
    "Rare Document Tokens Attending Rare Document Tokens": 0.9108794598309653,
    "Rare Tokens Attending Rare Tokens": 0.9106077925872831,
    "Very Rare Document Tokens Attending Rare Tokens": 0.9105570485159982,
    "Very Rare Tokens Attending Rare Tokens": 0.8996411508488735,
    "Document Tokens Attending Very Rare Tokens": 0.898680335969678,
    "Rare Document Tokens Attending Very Rare Tokens": 0.8945653851993033,
    "Very Rare Tokens Attending Rare Document Tokens": 0.8941215712999342,
    "Very Rare Document Tokens Attending Rare Document Tokens": 0.8941215712999342,
    "All Tokens Attending Very Rare Tokens": 0.8904973740821409,
    "All Tokens Attending Very Rare Document Tokens": 0.8880800827235684,
    "Document Tokens Attending Very Rare Document Tokens": 0.8880800827235684,
    "Rare Tokens Attending Very Rare Tokens": 0.8805351830759676,
    "Very Rare Document Tokens Attending Very Rare Tokens": 0.8680186846130027,
    "Rare Document Tokens Attending Very Rare Document Tokens": 0.86678557454171,
    "Rare Tokens Attending Very Rare Document Tokens": 0.86678557454171,
    "Rare Document Tokens Attending Rare Query Tokens": 0.8623815675957909,
    "Very Rare Document Tokens Attending Rare Query Tokens": 0.8618681098987759,
    "Very Rare Tokens Attending Rare Query Tokens": 0.8513977093521481,
    "Rare Tokens Attending Rare Query Tokens": 0.8509080281445126,
    "Very Rare Tokens Attending Very Rare Tokens": 0.8496075562872829,
    "Rare Document Tokens Attending Very Rare Query Tokens": 0.849479439779109,
    "Document Tokens Attending Rare Query Tokens": 0.8476104799794137,
    "Very Rare Document Tokens Attending Very Rare Query Tokens": 0.8446171710842769,
    "All Tokens Attending Rare Query Tokens": 0.8428988412413616,
    "Rare Tokens Attending Very Rare Query Tokens": 0.8384836863898768,
    "Document Tokens Attending Very Rare Query Tokens": 0.8383981631157286,
    "Very Rare Tokens Attending Very Rare Query Tokens": 0.8352161156039366,
    "All Tokens Attending Very Rare Query Tokens": 0.8330509832604431,
    "Very Rare Document Tokens Attending Very Rare Document Tokens": 0.8187248536075833,
    "Very Rare Tokens Attending Very Rare Document Tokens": 0.8187248536075833,
    "Document Tokens Attending Semantic Match Query Tokens": 0.8159802581254403,
    "Document Tokens Attending Rare Semantic Match Query Tokens": 0.8151879886395412,
    "Rare Document Tokens Attending Semantic Match Query Tokens": 0.814675043969846,
    "Rare Document Tokens Attending Rare Semantic Match Query Tokens": 0.8140231288217434,
    "Very Rare Document Tokens Attending Query Tokens": 0.8113433209409284,
    "All Tokens Attending Rare Semantic Match Query Tokens": 0.8081324962508027,
    "Rare Tokens Attending Semantic Match Query Tokens": 0.8074038911205037,
    "All Tokens Attending Semantic Match Query Tokens": 0.8069265494064357,
    "Rare Tokens Attending Rare Semantic Match Query Tokens": 0.8063461770825875,
    "Rare Document Tokens Attending Query Tokens": 0.799620217470427,
    "Very Rare Document Tokens Attending Semantic Match Query Tokens": 0.7956566171718493,
    "Very Rare Document Tokens Attending Rare Semantic Match Query Tokens": 0.7950858559175051,
    "Document Tokens Attending Very Rare Semantic Match Query Tokens": 0.7919907036160505,
    "Rare Document Tokens Attending Very Rare Semantic Match Query Tokens": 0.7916591503134811,
    "Document Tokens Attending Query Tokens": 0.787696927473803,
    "Rare Document Tokens Attending Lexical Match Query Tokens": 0.785655324358141,
    "Rare Document Tokens Attending Rare Lexical Match Query Tokens": 0.785655324358141,
    "Document Tokens Attending Rare Lexical Match Query Tokens": 0.785655324358141,
    "Very Rare Document Tokens Attending Very Rare Semantic Match Query Tokens": 0.7836606660032889,
    "Very Rare Tokens Attending Semantic Match Query Tokens": 0.7823158047439475,
    "Very Rare Tokens Attending Rare Semantic Match Query Tokens": 0.781121227545317,
    "All Tokens Attending Very Rare Semantic Match Query Tokens": 0.7770834900104965,
    "Rare Tokens Attending Very Rare Semantic Match Query Tokens": 0.7764621847275283,
    "Very Rare Tokens Attending Query Tokens": 0.7724165534961434,
    "Document Tokens Attending Very Rare Lexical Match Query Tokens": 0.7721298140149022,
    "Rare Document Tokens Attending Very Rare Lexical Match Query Tokens": 0.7721298140149022,
    "Very Rare Document Tokens Attending Lexical Match Query Tokens": 0.7721298140149022,
    "Very Rare Document Tokens Attending Very Rare Lexical Match Query Tokens": 0.7721298140149022,
    "Very Rare Document Tokens Attending Rare Lexical Match Query Tokens": 0.7721298140149022,
    "Very Rare Document Tokens Attending Document Tokens": -0.7718974970021859,
    "Very Rare Tokens Attending Document Tokens": -0.7718974970021859,
    "Document Tokens Attending Lexical Match Query Tokens": 0.7645699435607582,
    "Rare Tokens Attending Query Tokens": 0.76450578134874,
    "Very Rare Tokens Attending Very Rare Semantic Match Query Tokens": 0.7626034426168307,
    "Rare Document Tokens Attending Semantic Match Tokens": 0.7603898682046765,
    "Rare Document Tokens Attending Rare Semantic Match Tokens": 0.7597020859031898,
    "Rare Tokens Attending Document Tokens": -0.7593098625986007,
    "Rare Document Tokens Attending Document Tokens": -0.7593098625986007,
    "All Tokens Attending Query Tokens": 0.7589674174333335,
    "All Tokens Attending Document Tokens": -0.7589588225432602,
    "Document Tokens Attending Document Tokens": -0.7589588225432602,
    "Document Tokens Attending Rare Semantic Match Tokens": 0.7586542163399368,
    "Document Tokens Attending Semantic Match Tokens": 0.7552070703932346,
    "Very Rare Document Tokens Attending Semantic Match Tokens": 0.7548808868867329,
    "Very Rare Document Tokens Attending Rare Semantic Match Tokens": 0.7542478720680243,
    "Rare Tokens Attending Lexical Match Query Tokens": 0.7497951099370125,
    "All Tokens Attending Rare Lexical Match Query Tokens": 0.7497951099370125,
    "Rare Tokens Attending Rare Lexical Match Query Tokens": 0.7497951099370125,
    "Rare Document Tokens Attending Very Rare Semantic Match Tokens": 0.7496602821838412,
    "Document Tokens Attending Very Rare Semantic Match Tokens": 0.7475581731056027,
    "Very Rare Document Tokens Attending Very Rare Semantic Match Tokens": 0.7410279438195979,
    "Very Rare Tokens Attending Lexical Match Query Tokens": 0.7273122424558363,
    "All Tokens Attending Very Rare Lexical Match Query Tokens": 0.7273122424558363,
    "Very Rare Tokens Attending Very Rare Lexical Match Query Tokens": 0.7273122424558363,
    "Very Rare Tokens Attending Rare Lexical Match Query Tokens": 0.7273122424558363,
    "Rare Tokens Attending Very Rare Lexical Match Query Tokens": 0.7273122424558363,
    "Rare Tokens Attending Semantic Match Tokens": 0.7189581187820311,
    "All Tokens Attending Rare Semantic Match Tokens": 0.7165772481529595,
    "Rare Tokens Attending Rare Semantic Match Tokens": 0.7165308388750502,
    "All Tokens Attending Semantic Match Tokens": 0.7125027895361016,
    "Very Rare Tokens Attending Semantic Match Tokens": 0.7119030356675627,
    "Very Rare Tokens Attending Rare Semantic Match Tokens": 0.7102181552352684,
    "Rare Tokens Attending Very Rare Semantic Match Tokens": 0.7045860887775424,
    "All Tokens Attending Very Rare Semantic Match Tokens": 0.70202234192819,
    "Very Rare Tokens Attending Very Rare Semantic Match Tokens": 0.6891962776579211,