{
    "Document Tokens Attending Rare Document Tokens": 0.9042917263116133,
    "All Tokens Attending Rare Document Tokens": 0.9042917263116133,
    "Document Tokens Attending Rare Tokens": 0.9000169647990353,
    "All Tokens Attending Rare Tokens": 0.8935069028427294,
    "Rare Document Tokens Attending Rare Tokens": 0.8820387455758354,
    "Rare Tokens Attending Rare Document Tokens": 0.8803676137113016,
    "Rare Document Tokens Attending Rare Document Tokens": 0.8803676137113016,
    "Document Tokens Attending Very Rare Tokens": 0.8785101243510014,
    "All Tokens Attending Very Rare Document Tokens": 0.8753257918146455,
    "Document Tokens Attending Very Rare Document Tokens": 0.8753257918146455,
    "Rare Tokens Attending Rare Tokens": 0.8720902031556517,
    "All Tokens Attending Very Rare Tokens": 0.8700314017708243,
    "Very Rare Document Tokens Attending Rare Tokens": 0.8643188801927681,
    "Very Rare Tokens Attending Rare Document Tokens": 0.8543578173206691,
    "Very Rare Document Tokens Attending Rare Document Tokens": 0.8543578173206691,
    "Very Rare Tokens Attending Rare Tokens": 0.8539473804168515,
    "Rare Document Tokens Attending Very Rare Tokens": 0.8504430430630086,
    "Rare Tokens Attending Very Rare Tokens": 0.83703061637431,
    "Rare Document Tokens Attending Very Rare Document Tokens": 0.8351715349921204,
    "Rare Tokens Attending Very Rare Document Tokens": 0.8351715349921204,
    "Document Tokens Attending Rare Query Tokens": 0.8239979087220866,
    "All Tokens Attending Rare Query Tokens": 0.8172736527230964,
    "Rare Document Tokens Attending Rare Query Tokens": 0.8146929429888579,
    "Very Rare Document Tokens Attending Very Rare Tokens": 0.8141452123356618,
    "Document Tokens Attending Very Rare Query Tokens": 0.810029097555242,
    "Very Rare Document Tokens Attending Rare Query Tokens": 0.8093532328452817,
    "All Tokens Attending Very Rare Query Tokens": 0.8040376910235171,
    "Rare Tokens Attending Rare Query Tokens": 0.8029685082432887,
    "Very Rare Tokens Attending Rare Query Tokens": 0.7996464036340216,
    "Very Rare Tokens Attending Very Rare Tokens": 0.7984447075647891,
    "Rare Document Tokens Attending Very Rare Query Tokens": 0.7926864994852879,
    "Rare Tokens Attending Very Rare Query Tokens": 0.7825439626430148,
    "Very Rare Document Tokens Attending Very Rare Query Tokens": 0.7798721384639753,
    "Very Rare Document Tokens Attending Very Rare Document Tokens": 0.7765148925730895,
    "Very Rare Tokens Attending Very Rare Document Tokens": 0.7765148925730895,
    "Very Rare Tokens Attending Very Rare Query Tokens": 0.7748201661542005,
    "Very Rare Document Tokens Attending Query Tokens": 0.7676769823313555,
    "Document Tokens Attending Query Tokens": 0.7649215395645667,
    "Rare Document Tokens Attending Query Tokens": 0.758390839249371,
    "Very Rare Document Tokens Attending Document Tokens": -0.7479905581068815,
    "Very Rare Tokens Attending Document Tokens": -0.7479905581068815,
    "All Tokens Attending Rare Semantic Match Query Tokens": 0.7404190226318349,
    "All Tokens Attending Semantic Match Query Tokens": 0.739654333286046,
    "Rare Tokens Attending Semantic Match Query Tokens": 0.7395829439935837,
    "Rare Tokens Attending Rare Semantic Match Query Tokens": 0.7389396371454116,
    "All Tokens Attending Query Tokens": 0.7318619217976592,
    "All Tokens Attending Document Tokens": -0.7318514244821419,
    "Document Tokens Attending Document Tokens": -0.7318514244821419,
    "Rare Tokens Attending Document Tokens": -0.7310695860420355,
    "Rare Document Tokens Attending Document Tokens": -0.7310695860420355,
    "Document Tokens Attending Semantic Match Query Tokens": 0.7287162206672939,
    "Document Tokens Attending Rare Semantic Match Query Tokens": 0.7277726893196839,
    "Rare Document Tokens Attending Semantic Match Query Tokens": 0.7271420831136934,
    "Very Rare Tokens Attending Query Tokens": 0.7263840855911339,
    "Rare Document Tokens Attending Rare Semantic Match Query Tokens": 0.7263484696236433,
    "Rare Tokens Attending Query Tokens": 0.7200259043575755,
    "Very Rare Tokens Attending Semantic Match Query Tokens": 0.7103315759852199,
    "Very Rare Tokens Attending Rare Semantic Match Query Tokens": 0.7093753987482199,
    "Very Rare Document Tokens Attending Semantic Match Query Tokens": 0.7045183276513619,
    "All Tokens Attending Very Rare Semantic Match Query Tokens": 0.7042389530289925,
    "Very Rare Document Tokens Attending Rare Semantic Match Query Tokens": 0.7038383466566756,
    "Rare Tokens Attending Very Rare Semantic Match Query Tokens": 0.703652011245878,
    "Rare Document Tokens Attending Rare Semantic Match Tokens": 0.7028341410090239,
    "Rare Document Tokens Attending Semantic Match Tokens": 0.7023342057123858,
    "Document Tokens Attending Rare Semantic Match Tokens": 0.7004340867428912,
    "Document Tokens Attending Very Rare Semantic Match Query Tokens": 0.7001023462023299,
    "Rare Document Tokens Attending Very Rare Semantic Match Query Tokens": 0.6997029474400429,
    "Document Tokens Attending Semantic Match Tokens": 0.6995599886989928,
    "Rare Document Tokens Attending Lexical Match Query Tokens": 0.6919824333756948,
    "Rare Document Tokens Attending Rare Lexical Match Query Tokens": 0.6919824333756948,
    "Document Tokens Attending Rare Lexical Match Query Tokens": 0.6919824333756948,
    "Very Rare Tokens Attending Very Rare Semantic Match Query Tokens": 0.6915445423554462,
    "Very Rare Document Tokens Attending Very Rare Semantic Match Query Tokens": 0.6900338536410747,
    "Very Rare Document Tokens Attending Semantic Match Tokens": 0.6898950724791445,
    "Very Rare Document Tokens Attending Rare Semantic Match Tokens": 0.6896592052529397,
    "Rare Tokens Attending Lexical Match Query Tokens": 0.6871460541171238,
    "All Tokens Attending Rare Lexical Match Query Tokens": 0.6871460541171238,
    "Rare Tokens Attending Rare Lexical Match Query Tokens": 0.6871460541171238,
    "Rare Document Tokens Attending Very Rare Semantic Match Tokens": 0.6845555172837315,
    "Document Tokens Attending Very Rare Semantic Match Tokens": 0.6819641727196504,
    "Very Rare Document Tokens Attending Very Rare Semantic Match Tokens": 0.6796168274948049,
    "Document Tokens Attending Very Rare Lexical Match Query Tokens": 0.67648948580594,
    "Rare Document Tokens Attending Very Rare Lexical Match Query Tokens": 0.67648948580594,
    "Very Rare Document Tokens Attending Lexical Match Query Tokens": 0.67648948580594,
    "Very Rare Document Tokens Attending Very Rare Lexical Match Query Tokens": 0.67648948580594,
    "Very Rare Document Tokens Attending Rare Lexical Match Query Tokens": 0.67648948580594,
    "Rare Tokens Attending Semantic Match Tokens": 0.6705458050372297,
    "Rare Tokens Attending Rare Semantic Match Tokens": 0.6695800558616667,
    "Document Tokens Attending Lexical Match Query Tokens": 0.6690000957029184,
    "All Tokens Attending Rare Semantic Match Tokens": 0.6681615182398958,
    "All Tokens Attending Semantic Match Tokens": 0.6663816527821823,
    "Very Rare Tokens Attending Lexical Match Query Tokens": 0.6575033318444028,
    "All Tokens Attending Very Rare Lexical Match Query Tokens": 0.6575033318444028,
    "Very Rare Tokens Attending Very Rare Lexical Match Query Tokens": 0.6575033318444028,
    "Very Rare Tokens Attending Rare Lexical Match Query Tokens": 0.6575033318444028,
    "Rare Tokens Attending Very Rare Lexical Match Query Tokens": 0.6575033318444028,
    "Very Rare Tokens Attending Semantic Match Tokens": 0.6568318708405252,
    "Very Rare Tokens Attending Rare Semantic Match Tokens": 0.6557315479691654,
    "Rare Tokens Attending Very Rare Semantic Match Tokens": 0.6496195252616106,
    "All Tokens Attending Very Rare Semantic Match Tokens": 0.6466838196771536,
    "Very Rare Tokens Attending Very Rare Semantic Match Tokens": 0.6391780287891429,