{
    "Document Tokens Attending Rare Document Tokens": 0.8522588522588521,
    "All Tokens Attending Rare Document Tokens": 0.8522588522588521,
    "All Tokens Attending Very Rare Document Tokens": 0.8345543345543345,
    "Document Tokens Attending Very Rare Document Tokens": 0.8345543345543345,
    "Rare Tokens Attending Rare Document Tokens": 0.8028083028083028,
    "Rare Document Tokens Attending Rare Document Tokens": 0.8028083028083028,
    "Very Rare Tokens Attending Rare Document Tokens": 0.7985347985347986,
    "Very Rare Document Tokens Attending Rare Document Tokens": 0.7985347985347986,
    "Rare Document Tokens Attending Rare Tokens": 0.7924297924297924,
    "Document Tokens Attending Rare Tokens": 0.7869352869352869,
    "Document Tokens Attending Very Rare Tokens": 0.7838827838827838,
    "All Tokens Attending Rare Tokens": 0.782051282051282,
    "Rare Document Tokens Attending Very Rare Document Tokens": 0.782051282051282,
    "Rare Tokens Attending Very Rare Document Tokens": 0.782051282051282,
    "All Tokens Attending Very Rare Tokens": 0.7802197802197801,
    "Very Rare Document Tokens Attending Rare Tokens": 0.7777777777777777,
    "Rare Tokens Attending Rare Tokens": 0.771062271062271,
    "Very Rare Tokens Attending Rare Tokens": 0.7594627594627593,
    "Rare Tokens Attending Very Rare Tokens": 0.7576312576312576,
    "Rare Document Tokens Attending Very Rare Tokens": 0.7533577533577533,
    "Very Rare Document Tokens Attending Very Rare Tokens": 0.7448107448107448,
    "Very Rare Tokens Attending Very Rare Tokens": 0.7411477411477412,
    "Very Rare Document Tokens Attending Very Rare Document Tokens": 0.7301587301587301,
    "Very Rare Tokens Attending Very Rare Document Tokens": 0.7301587301587301,
    "Very Rare Tokens Attending Rare Query Tokens": 0.7081807081807082,
    "Rare Tokens Attending Rare Query Tokens": 0.7039072039072038,
    "Very Rare Tokens Attending Very Rare Query Tokens": 0.6929181929181929,
    "Rare Document Tokens Attending Rare Query Tokens": 0.6929181929181929,
    "All Tokens Attending Very Rare Query Tokens": 0.6923076923076923,
    "Rare Tokens Attending Very Rare Query Tokens": 0.6904761904761905,
    "Very Rare Document Tokens Attending Rare Query Tokens": 0.6904761904761905,
    "Document Tokens Attending Very Rare Query Tokens": 0.6886446886446885,
    "Rare Document Tokens Attending Very Rare Query Tokens": 0.688034188034188,
    "All Tokens Attending Rare Query Tokens": 0.6862026862026862,
    "Document Tokens Attending Semantic Match Tokens": 0.6862026862026862,
    "All Tokens Attending Semantic Match Tokens": 0.6843711843711844,
    "Document Tokens Attending Rare Query Tokens": 0.6819291819291821,
    "Rare Document Tokens Attending Rare Semantic Match Tokens": 0.6776556776556776,
    "Rare Tokens Attending Rare Semantic Match Document Tokens": 0.677045177045177,
    "Rare Document Tokens Attending Rare Semantic Match Document Tokens": 0.677045177045177,
    "Rare Document Tokens Attending Lexical Match Tokens": 0.6764346764346765,
    "Document Tokens Attending Rare Lexical Match Tokens": 0.6764346764346765,
    "Rare Document Tokens Attending Rare Lexical Match Tokens": 0.6764346764346765,
    "Rare Tokens Attending Rare Semantic Match Tokens": 0.6758241758241758,
    "Rare Tokens Attending Rare Semantic Match Query Tokens": 0.6733821733821733,
    "All Tokens Attending Semantic Match Query Tokens": 0.6733821733821733,
    "Rare Tokens Attending Semantic Match Query Tokens": 0.6733821733821733,
    "All Tokens Attending Rare Semantic Match Query Tokens": 0.6733821733821733,
    "All Tokens Attending Semantic Match Document Tokens": 0.6727716727716728,
    "Rare Document Tokens Attending Semantic Match Tokens": 0.6727716727716728,
    "Document Tokens Attending Semantic Match Document Tokens": 0.6727716727716728,
    "Document Tokens Attending Rare Semantic Match Tokens": 0.6727716727716728,
    "Rare Tokens Attending Semantic Match Tokens": 0.6721611721611721,
    "Very Rare Document Tokens Attending Very Rare Query Tokens": 0.6721611721611721,
    "All Tokens Attending Rare Semantic Match Tokens": 0.6721611721611721,
    "Very Rare Tokens Attending Very Rare Semantic Match Tokens": 0.6715506715506715,
    "Rare Tokens Attending Rare Lexical Match Tokens": 0.6703296703296703,
    "Document Tokens Attending Rare Semantic Match Document Tokens": 0.6703296703296703,
    "Rare Document Tokens Attending Semantic Match Document Tokens": 0.6703296703296703,
    "All Tokens Attending Rare Semantic Match Document Tokens": 0.6703296703296703,
    "Rare Tokens Attending Semantic Match Document Tokens": 0.6703296703296703,
    "All Tokens Attending Rare Lexical Match Tokens": 0.6703296703296703,
    "Rare Tokens Attending Lexical Match Tokens": 0.6703296703296703,
    "Very Rare Document Tokens Attending Query Tokens": 0.6697191697191697,
    "Very Rare Document Tokens Attending Semantic Match Tokens": 0.669108669108669,
    "Very Rare Tokens Attending Query Tokens": 0.6660561660561661,
    "Very Rare Tokens Attending Very Rare Semantic Match Document Tokens": 0.6648351648351648,
    "Very Rare Document Tokens Attending Very Rare Semantic Match Document Tokens": 0.6648351648351648,
    "Rare Tokens Attending Very Rare Semantic Match Document Tokens": 0.663003663003663,
    "Very Rare Document Tokens Attending Rare Semantic Match Tokens": 0.663003663003663,
    "Very Rare Document Tokens Attending Very Rare Semantic Match Tokens": 0.663003663003663,
    "Rare Document Tokens Attending Very Rare Semantic Match Document Tokens": 0.663003663003663,
    "Very Rare Tokens Attending Rare Semantic Match Tokens": 0.6611721611721612,
    "Very Rare Tokens Attending Semantic Match Tokens": 0.6611721611721612,
    "Very Rare Document Tokens Attending Rare Semantic Match Document Tokens": 0.6599511599511599,
    "Very Rare Tokens Attending Rare Semantic Match Document Tokens": 0.6599511599511599,
    "Rare Document Tokens Attending Very Rare Semantic Match Tokens": 0.6599511599511599,
    "All Tokens Attending Rare Lexical Match Document Tokens": 0.6593406593406593,
    "Rare Tokens Attending Lexical Match Document Tokens": 0.6593406593406593,
    "Rare Document Tokens Attending Lexical Match Document Tokens": 0.6593406593406593,
    "Rare Tokens Attending Rare Lexical Match Document Tokens": 0.6593406593406593,
    "Document Tokens Attending Very Rare Semantic Match Document Tokens": 0.6593406593406593,
    "All Tokens Attending Very Rare Semantic Match Document Tokens": 0.6593406593406593,
    "Rare Document Tokens Attending Rare Lexical Match Document Tokens": 0.6593406593406593,
    "Document Tokens Attending Rare Lexical Match Document Tokens": 0.6593406593406593,
    "Rare Document Tokens Attending Query Tokens": 0.6581196581196581,
    "Rare Tokens Attending Very Rare Semantic Match Tokens": 0.6575091575091575,
    "Document Tokens Attending Very Rare Semantic Match Tokens": 0.6568986568986569,
    "Rare Tokens Attending Query Tokens": 0.6556776556776556,
    "All Tokens Attending Very Rare Semantic Match Tokens": 0.6544566544566545,
    "Very Rare Document Tokens Attending Semantic Match Document Tokens": 0.6514041514041513,
    "Very Rare Tokens Attending Semantic Match Document Tokens": 0.6514041514041513,
    "Document Tokens Attending Query Tokens": 0.6465201465201466,
    "Rare Tokens Attending Very Rare Semantic Match Query Tokens": 0.6428571428571428,
    "All Tokens Attending Very Rare Semantic Match Query Tokens": 0.6428571428571428,
    "Very Rare Tokens Attending Semantic Match Query Tokens": 0.6428571428571428,
    "Very Rare Document Tokens Attending Document Tokens": -0.6416361416361417,
    "Very Rare Tokens Attending Very Rare Semantic Match Query Tokens": 0.6416361416361417,
    "Very Rare Tokens Attending Rare Semantic Match Query Tokens": 0.6416361416361417,