{
    "Rare Tokens Attending Rare Document Tokens": 0.8507389162561575,
    "Rare Document Tokens Attending Rare Document Tokens": 0.8507389162561575,
    "Rare Document Tokens Attending Very Rare Document Tokens": 0.850246305418719,
    "Rare Tokens Attending Very Rare Document Tokens": 0.850246305418719,
    "Document Tokens Attending Rare Document Tokens": 0.84679802955665,
    "All Tokens Attending Rare Document Tokens": 0.84679802955665,
    "Very Rare Document Tokens Attending Very Rare Document Tokens": 0.8428571428571426,
    "Very Rare Tokens Attending Very Rare Document Tokens": 0.8428571428571426,
    "All Tokens Attending Very Rare Document Tokens": 0.8403940886699505,
    "Document Tokens Attending Very Rare Document Tokens": 0.8403940886699505,
    "Very Rare Tokens Attending Rare Document Tokens": 0.8374384236453201,
    "Very Rare Document Tokens Attending Rare Document Tokens": 0.8374384236453201,
    "Very Rare Document Tokens Attending Very Rare Tokens": 0.8300492610837437,
    "Rare Document Tokens Attending Very Rare Tokens": 0.8206896551724137,
    "Rare Document Tokens Attending Rare Tokens": 0.8137931034482757,
    "Very Rare Tokens Attending Very Rare Tokens": 0.8039408866995073,
    "Rare Tokens Attending Very Rare Tokens": 0.8039408866995073,
    "Very Rare Document Tokens Attending Rare Tokens": 0.8019704433497535,
    "All Tokens Attending Rare Tokens": 0.7857142857142855,
    "Document Tokens Attending Rare Tokens": 0.7837438423645319,
    "Rare Tokens Attending Rare Tokens": 0.7817733990147782,
    "Document Tokens Attending Very Rare Tokens": 0.7807881773399012,
    "All Tokens Attending Very Rare Tokens": 0.7748768472906402,
    "Very Rare Tokens Attending Rare Tokens": 0.7714285714285711,
    "Very Rare Document Tokens Attending Rare Semantic Match Tokens": 0.6536945812807881,
    "Very Rare Document Tokens Attending Semantic Match Tokens": 0.6536945812807881,
    "Rare Document Tokens Attending Very Rare Semantic Match Tokens": 0.6448275862068965,
    "Document Tokens Attending Very Rare Semantic Match Tokens": 0.6349753694581279,
    "Rare Document Tokens Attending Semantic Match Tokens": 0.5931034482758619,
    "Document Tokens Attending Rare Semantic Match Tokens": 0.5660098522167486,
    "Rare Document Tokens Attending Rare Semantic Match Tokens": 0.5566502463054185,
    "Document Tokens Attending Semantic Match Tokens": 0.5369458128078816,
    "Very Rare Tokens Attending Semantic Match Tokens": 0.5192118226600984,
    "Very Rare Document Tokens Attending Very Rare Semantic Match Tokens": 0.5098522167487685,
    "Very Rare Tokens Attending Rare Semantic Match Tokens": 0.5034482758620689,
    "Rare Tokens Attending Rare Query Tokens": 0.5034482758620689,
    "Very Rare Tokens Attending Rare Query Tokens": 0.5009852216748768,
    "Rare Tokens Attending Very Rare Query Tokens": 0.4970443349753693,
    "Very Rare Tokens Attending Very Rare Query Tokens": 0.48866995073891606,
    "All Tokens Attending Rare Query Tokens": 0.4812807881773397,
    "Document Tokens Attending Very Rare Lexical Match Query Tokens": 0.4798029556650245,
    "Rare Document Tokens Attending Very Rare Lexical Match Query Tokens": 0.4798029556650245,
    "Very Rare Document Tokens Attending Lexical Match Query Tokens": 0.4798029556650245,
    "Very Rare Document Tokens Attending Very Rare Lexical Match Query Tokens": 0.4798029556650245,
    "Very Rare Document Tokens Attending Rare Lexical Match Query Tokens": 0.4798029556650245,
    "Document Tokens Attending Rare Query Tokens": 0.47881773399014765,
    "Very Rare Document Tokens Attending Semantic Match Document Tokens": 0.4748768472906402,
    "Very Rare Tokens Attending Semantic Match Document Tokens": 0.4748768472906402,
    "Rare Tokens Attending Very Rare Semantic Match Tokens": 0.46305418719211816,
    "Rare Document Tokens Attending Lexical Match Query Tokens": 0.4615763546798029,
    "Rare Document Tokens Attending Rare Lexical Match Query Tokens": 0.4615763546798029,
    "Document Tokens Attending Rare Lexical Match Query Tokens": 0.4615763546798029,
    "Rare Tokens Attending Semantic Match Tokens": 0.45812807881773393,
    "Very Rare Document Tokens Attending Rare Semantic Match Document Tokens": 0.4576354679802954,
    "Very Rare Tokens Attending Rare Semantic Match Document Tokens": 0.4576354679802954,
    "All Tokens Attending Very Rare Semantic Match Tokens": 0.4541871921182265,
    "Rare Document Tokens Attending Very Rare Query Tokens": 0.4502463054187191,
    "Very Rare Document Tokens Attending Rare Query Tokens": 0.4448275862068965,
    "Very Rare Document Tokens Attending Semantic Match Query Tokens": 0.4418719211822659,
    "Document Tokens Attending Very Rare Query Tokens": 0.44039408866995067,
    "Very Rare Document Tokens Attending Rare Semantic Match Query Tokens": 0.43793103448275855,
    "All Tokens Attending Rare Semantic Match Tokens": 0.4374384236453201,
    "Rare Tokens Attending Rare Semantic Match Query Tokens": 0.4359605911330048,
    "All Tokens Attending Semantic Match Query Tokens": 0.4359605911330048,
    "Rare Tokens Attending Semantic Match Query Tokens": 0.4359605911330048,
    "All Tokens Attending Very Rare Query Tokens": 0.4344827586206896,
    "Document Tokens Attending Very Rare Semantic Match Query Tokens": 0.431527093596059,
    "Rare Document Tokens Attending Rare Query Tokens": 0.431527093596059,
    "Rare Tokens Attending Rare Semantic Match Tokens": 0.43004926108374375,
    "All Tokens Attending Rare Semantic Match Query Tokens": 0.43004926108374375,
    "Very Rare Document Tokens Attending Very Rare Query Tokens": 0.42955665024630535,
    "Rare Tokens Attending Very Rare Semantic Match Document Tokens": 0.4275862068965517,
    "Rare Document Tokens Attending Very Rare Semantic Match Document Tokens": 0.4275862068965517,
    "All Tokens Attending Semantic Match Tokens": 0.4270935960591132,
    "All Tokens Attending Very Rare Semantic Match Query Tokens": 0.42561576354679787,
    "Rare Document Tokens Attending Semantic Match Document Tokens": 0.4226600985221674,
    "Rare Tokens Attending Semantic Match Document Tokens": 0.4226600985221674,
    "Document Tokens Attending Very Rare Semantic Match Document Tokens": 0.41871921182266003,
    "All Tokens Attending Very Rare Semantic Match Document Tokens": 0.41871921182266003,
    "Rare Document Tokens Attending Very Rare Semantic Match Query Tokens": 0.4182266009852216,
    "Very Rare Tokens Attending Semantic Match Query Tokens": 0.4177339901477831,
    "Rare Tokens Attending Very Rare Semantic Match Query Tokens": 0.41576354679802946,
    "Document Tokens Attending Rare Semantic Match Document Tokens": 0.4142857142857142,
    "All Tokens Attending Rare Semantic Match Document Tokens": 0.4142857142857142,
    "Very Rare Document Tokens Attending Very Rare Semantic Match Query Tokens": 0.41133004926108363,
    "All Tokens Attending Semantic Match Document Tokens": 0.40689655172413786,
    "Rare Document Tokens Attending Semantic Match Query Tokens": 0.40689655172413786,
    "Rare Tokens Attending Rare Semantic Match Document Tokens": 0.40689655172413786,
    "Document Tokens Attending Semantic Match Document Tokens": 0.40689655172413786,
    "Rare Document Tokens Attending Rare Semantic Match Document Tokens": 0.40689655172413786,
    "Very Rare Tokens Attending Rare Semantic Match Query Tokens": 0.4064039408866994,
    "Document Tokens Attending Rare Semantic Match Query Tokens": 0.40492610837438414,
    "Rare Document Tokens Attending Rare Semantic Match Query Tokens": 0.40492610837438414,
    "Document Tokens Attending Semantic Match Query Tokens": 0.4019704433497536,
    "All Tokens Attending Document Tokens": -0.37684729064039396,
    "All Tokens Attending Query Tokens": 0.37684729064039396,