{
    "Document Tokens Attending Rare Document Tokens": 0.867818939040873,
    "All Tokens Attending Rare Document Tokens": 0.867818939040873,
    "Document Tokens Attending Rare Tokens": 0.8520058048004895,
    "All Tokens Attending Rare Tokens": 0.8433397778052809,
    "Rare Document Tokens Attending Rare Tokens": 0.8393212452930847,
    "Rare Tokens Attending Rare Document Tokens": 0.8358041193274796,
    "Rare Document Tokens Attending Rare Document Tokens": 0.8358041193274796,
    "Very Rare Document Tokens Attending Rare Tokens": 0.8304258020279792,
    "Very Rare Tokens Attending Rare Document Tokens": 0.8284215043539942,
    "Very Rare Document Tokens Attending Rare Document Tokens": 0.8284215043539942,
    "All Tokens Attending Very Rare Document Tokens": 0.8266045677754865,
    "Document Tokens Attending Very Rare Document Tokens": 0.8266045677754865,
    "Rare Tokens Attending Rare Tokens": 0.8247394860144188,
    "Rare Document Tokens Attending Very Rare Tokens": 0.8155980358563767,
    "Document Tokens Attending Very Rare Tokens": 0.8144239817836552,
    "Very Rare Tokens Attending Rare Tokens": 0.8140925409248965,
    "All Tokens Attending Very Rare Tokens": 0.8029324988637768,
    "Rare Document Tokens Attending Very Rare Document Tokens": 0.7989220084250752,
    "Rare Tokens Attending Very Rare Document Tokens": 0.7989220084250752,
    "Rare Tokens Attending Very Rare Tokens": 0.7961706453612027,
    "Very Rare Document Tokens Attending Very Rare Tokens": 0.7699107688003617,
    "Very Rare Tokens Attending Very Rare Tokens": 0.7367311728934328,
    "Very Rare Document Tokens Attending Very Rare Document Tokens": 0.7282861689309023,
    "Very Rare Tokens Attending Very Rare Document Tokens": 0.7282861689309023,
    "Very Rare Document Tokens Attending Rare Query Tokens": 0.5465386782522798,
    "Document Tokens Attending Rare Query Tokens": 0.5314690586120527,
    "Very Rare Tokens Attending Rare Query Tokens": 0.5299416818452656,
    "Very Rare Document Tokens Attending Very Rare Query Tokens": 0.5284417514256918,
    "Rare Document Tokens Attending Rare Query Tokens": 0.5266457471816912,
    "Rare Tokens Attending Rare Query Tokens": 0.5189335657751482,
    "All Tokens Attending Rare Query Tokens": 0.5145564428917238,
    "Document Tokens Attending Very Rare Lexical Match Query Tokens": 0.512680360506578,
    "Rare Document Tokens Attending Very Rare Lexical Match Query Tokens": 0.512680360506578,
    "Very Rare Document Tokens Attending Lexical Match Query Tokens": 0.512680360506578,
    "Very Rare Document Tokens Attending Very Rare Lexical Match Query Tokens": 0.512680360506578,
    "Very Rare Document Tokens Attending Rare Lexical Match Query Tokens": 0.512680360506578,
    "Rare Document Tokens Attending Very Rare Query Tokens": 0.5115959041879565,
    "Rare Document Tokens Attending Lexical Match Query Tokens": 0.509161960322245,
    "Rare Document Tokens Attending Rare Lexical Match Query Tokens": 0.509161960322245,
    "Document Tokens Attending Rare Lexical Match Query Tokens": 0.509161960322245,
    "Rare Document Tokens Attending Rare Semantic Match Query Tokens": 0.5073720120348206,
    "Document Tokens Attending Rare Semantic Match Query Tokens": 0.5069805384272512,
    "Rare Document Tokens Attending Semantic Match Query Tokens": 0.5060395604072685,
    "Document Tokens Attending Semantic Match Query Tokens": 0.5007569683817488,
    "Document Tokens Attending Very Rare Semantic Match Query Tokens": 0.4989463277809271,
    "Very Rare Document Tokens Attending Rare Semantic Match Query Tokens": 0.49822456889693345,
    "Rare Document Tokens Attending Very Rare Semantic Match Query Tokens": 0.4981134864916408,
    "Very Rare Document Tokens Attending Semantic Match Query Tokens": 0.49755008997292205,
    "Very Rare Tokens Attending Very Rare Query Tokens": 0.4922879320554218,
    "Rare Tokens Attending Very Rare Query Tokens": 0.4903855653530472,
    "Very Rare Document Tokens Attending Very Rare Semantic Match Query Tokens": 0.48353001091808456,
    "Very Rare Document Tokens Attending Semantic Match Tokens": 0.47043605461305205,
    "Rare Document Tokens Attending Semantic Match Tokens": 0.4693630479228275,
    "Document Tokens Attending Very Rare Query Tokens": 0.46827520601148154,
    "Very Rare Document Tokens Attending Rare Semantic Match Tokens": 0.464534462352606,
    "Document Tokens Attending Rare Semantic Match Tokens": 0.4643364618795394,
    "Document Tokens Attending Semantic Match Tokens": 0.45780238810588425,
    "Rare Document Tokens Attending Rare Semantic Match Tokens": 0.45764375121867984,
    "Rare Document Tokens Attending Very Rare Semantic Match Tokens": 0.4527557760086728,
    "Document Tokens Attending Very Rare Semantic Match Tokens": 0.45175356830737234,
    "All Tokens Attending Very Rare Query Tokens": 0.4465883697753744,
    "Rare Tokens Attending Semantic Match Tokens": 0.42219140263969807,
    "Very Rare Tokens Attending Semantic Match Tokens": 0.41817960828871503,
    "All Tokens Attending Rare Semantic Match Tokens": 0.4173063358890445,
    "Very Rare Document Tokens Attending Very Rare Semantic Match Tokens": 0.41386645250772536,
    "All Tokens Attending Semantic Match Tokens": 0.4133385242468225,
    "Very Rare Tokens Attending Rare Semantic Match Tokens": 0.41219628354941484,
    "Rare Tokens Attending Rare Semantic Match Tokens": 0.4109686443727118,
    "Very Rare Tokens Attending All Tokens": -0.4088661352436295,
    "Very Rare Document Tokens Attending All Tokens": -0.4079241965044877,
    "Rare Document Tokens Attending Semantic Match Document Tokens": 0.4065976634466775,
    "Rare Tokens Attending Semantic Match Document Tokens": 0.4065976634466775,
    "Rare Tokens Attending Very Rare Semantic Match Tokens": 0.4023624171801712,
    "Very Rare Document Tokens Attending Semantic Match Document Tokens": 0.4022664918558272,
    "Very Rare Tokens Attending Semantic Match Document Tokens": 0.4022664918558272,
    "All Tokens Attending Very Rare Semantic Match Tokens": 0.40150546154861777,
    "Document Tokens Attending Rare Semantic Match Document Tokens": 0.40107643188073133,
    "All Tokens Attending Rare Semantic Match Document Tokens": 0.40107643188073133,
    "All Tokens Attending Semantic Match Document Tokens": 0.3989881928885784,
    "Document Tokens Attending Semantic Match Document Tokens": 0.3989881928885784,
    "Very Rare Document Tokens Attending Rare Semantic Match Document Tokens": 0.3966043556599891,
    "Very Rare Tokens Attending Rare Semantic Match Document Tokens": 0.3966043556599891,
    "Rare Tokens Attending Rare Semantic Match Document Tokens": 0.39526156983525296,
    "Rare Document Tokens Attending Rare Semantic Match Document Tokens": 0.39526156983525296,
    "All Tokens Attending Rare Semantic Match Query Tokens": 0.38896311194825445,
    "Rare Tokens Attending Semantic Match Query Tokens": 0.3886891479869033,
    "Rare Tokens Attending Very Rare Semantic Match Document Tokens": 0.38552800415951827,
    "Rare Document Tokens Attending Very Rare Semantic Match Document Tokens": 0.38552800415951827,
    "Rare Tokens Attending Rare Semantic Match Query Tokens": 0.38412798818852933,
    "Document Tokens Attending Very Rare Semantic Match Document Tokens": 0.38400992964677527,
    "All Tokens Attending Very Rare Semantic Match Document Tokens": 0.38400992964677527,
    "All Tokens Attending Semantic Match Query Tokens": 0.3791235208359367,
    "Very Rare Tokens Attending Semantic Match Query Tokens": 0.3680370169717697,
    "All Tokens Attending Very Rare Semantic Match Query Tokens": 0.3652474920904919,
    "Very Rare Tokens Attending Very Rare Semantic Match Tokens": 0.36399121216402286,
    "Very Rare Tokens Attending Rare Semantic Match Query Tokens": 0.3634337479522896,