{
    "Very Rare Document Tokens Attending Very Rare Document Tokens": 0.8738916256157634,
    "Very Rare Tokens Attending Very Rare Document Tokens": 0.8738916256157634,
    "Rare Document Tokens Attending Very Rare Document Tokens": 0.866502463054187,
    "Rare Tokens Attending Very Rare Document Tokens": 0.866502463054187,
    "All Tokens Attending Very Rare Document Tokens": 0.8576354679802953,
    "Document Tokens Attending Very Rare Document Tokens": 0.8576354679802953,
    "Rare Tokens Attending Rare Document Tokens": 0.8576354679802953,
    "Rare Document Tokens Attending Rare Document Tokens": 0.8576354679802953,
    "Very Rare Document Tokens Attending Very Rare Tokens": 0.8463054187192117,
    "Document Tokens Attending Rare Document Tokens": 0.8379310344827584,
    "All Tokens Attending Rare Document Tokens": 0.8379310344827584,
    "Very Rare Tokens Attending Rare Document Tokens": 0.8330049261083742,
    "Very Rare Document Tokens Attending Rare Document Tokens": 0.8330049261083742,
    "Rare Document Tokens Attending Very Rare Tokens": 0.8231527093596057,
    "Very Rare Tokens Attending Very Rare Tokens": 0.8172413793103447,
    "Rare Tokens Attending Very Rare Tokens": 0.8064039408866993,
    "Rare Document Tokens Attending Rare Tokens": 0.7995073891625614,
    "Document Tokens Attending Very Rare Tokens": 0.7842364532019703,
    "All Tokens Attending Very Rare Tokens": 0.7822660098522166,
    "Rare Tokens Attending Rare Tokens": 0.7753694581280787,
    "Very Rare Document Tokens Attending Rare Tokens": 0.7729064039408866,
    "All Tokens Attending Rare Tokens": 0.7610837438423643,
    "Document Tokens Attending Rare Tokens": 0.7591133004926107,
    "Very Rare Tokens Attending Rare Tokens": 0.7482758620689655,
    "Very Rare Document Tokens Attending Rare Semantic Match Tokens": 0.7379310344827585,
    "Very Rare Document Tokens Attending Semantic Match Tokens": 0.7379310344827585,
    "Rare Document Tokens Attending Very Rare Semantic Match Tokens": 0.7290640394088669,
    "Document Tokens Attending Very Rare Semantic Match Tokens": 0.7197044334975368,
    "Rare Document Tokens Attending Semantic Match Tokens": 0.6866995073891624,
    "Document Tokens Attending Rare Semantic Match Tokens": 0.6640394088669949,
    "Rare Document Tokens Attending Rare Semantic Match Tokens": 0.6556650246305418,
    "Document Tokens Attending Semantic Match Tokens": 0.6389162561576353,
    "Very Rare Tokens Attending Semantic Match Tokens": 0.622167487684729,
    "Very Rare Document Tokens Attending Very Rare Semantic Match Tokens": 0.6147783251231526,
    "Very Rare Tokens Attending Rare Semantic Match Tokens": 0.6093596059113299,
    "Very Rare Document Tokens Attending Semantic Match Document Tokens": 0.599014778325123,
    "Very Rare Tokens Attending Semantic Match Document Tokens": 0.599014778325123,
    "Very Rare Document Tokens Attending Rare Semantic Match Document Tokens": 0.5827586206896551,
    "Very Rare Tokens Attending Rare Semantic Match Document Tokens": 0.5827586206896551,
    "Rare Tokens Attending Very Rare Semantic Match Tokens": 0.5753694581280787,
    "Rare Tokens Attending Semantic Match Tokens": 0.5719211822660099,
    "All Tokens Attending Very Rare Semantic Match Tokens": 0.5684729064039408,
    "Rare Tokens Attending Very Rare Semantic Match Document Tokens": 0.5546798029556649,
    "Rare Document Tokens Attending Very Rare Semantic Match Document Tokens": 0.5546798029556649,
    "All Tokens Attending Rare Semantic Match Tokens": 0.5522167487684727,
    "Document Tokens Attending Very Rare Semantic Match Document Tokens": 0.5467980295566501,
    "All Tokens Attending Very Rare Semantic Match Document Tokens": 0.5467980295566501,
    "Rare Tokens Attending Rare Semantic Match Tokens": 0.5458128078817732,
    "All Tokens Attending Semantic Match Tokens": 0.5448275862068965,
    "Rare Document Tokens Attending Semantic Match Document Tokens": 0.5448275862068965,
    "Rare Tokens Attending Semantic Match Document Tokens": 0.5448275862068965,
    "Document Tokens Attending Rare Semantic Match Document Tokens": 0.5374384236453201,
    "All Tokens Attending Rare Semantic Match Document Tokens": 0.5374384236453201,
    "All Tokens Attending Semantic Match Document Tokens": 0.5310344827586206,
    "Rare Tokens Attending Rare Semantic Match Document Tokens": 0.5310344827586206,
    "Document Tokens Attending Semantic Match Document Tokens": 0.5310344827586206,
    "Rare Document Tokens Attending Rare Semantic Match Document Tokens": 0.5310344827586206,
    "Very Rare Tokens Attending Very Rare Semantic Match Document Tokens": 0.5014778325123151,
    "Very Rare Document Tokens Attending Very Rare Semantic Match Document Tokens": 0.5014778325123151,
    "Rare Document Tokens Attending Lexical Match Tokens": 0.49064039408866983,
    "Document Tokens Attending Rare Lexical Match Tokens": 0.49064039408866983,
    "Rare Document Tokens Attending Rare Lexical Match Tokens": 0.49064039408866983,
    "Very Rare Document Tokens Attending Very Rare Lexical Match Tokens": 0.4876847290640393,
    "Very Rare Document Tokens Attending Rare Lexical Match Tokens": 0.4876847290640393,
    "Very Rare Document Tokens Attending Lexical Match Tokens": 0.4876847290640393,
    "Rare Document Tokens Attending Very Rare Lexical Match Tokens": 0.4876847290640393,
    "Document Tokens Attending Very Rare Lexical Match Tokens": 0.4876847290640393,
    "Very Rare Tokens Attending Very Rare Semantic Match Tokens": 0.48325123152709354,
    "Rare Tokens Attending Very Rare Lexical Match Document Tokens": 0.48177339901477817,
    "Very Rare Document Tokens Attending Rare Lexical Match Document Tokens": 0.48177339901477817,
    "Very Rare Tokens Attending Rare Lexical Match Document Tokens": 0.48177339901477817,
    "Document Tokens Attending Very Rare Lexical Match Document Tokens": 0.48177339901477817,
    "Very Rare Tokens Attending Lexical Match Document Tokens": 0.48177339901477817,
    "All Tokens Attending Very Rare Lexical Match Document Tokens": 0.48177339901477817,
    "Very Rare Document Tokens Attending Lexical Match Document Tokens": 0.48177339901477817,
    "Rare Document Tokens Attending Very Rare Lexical Match Document Tokens": 0.48177339901477817,
    "Very Rare Tokens Attending Very Rare Lexical Match Document Tokens": 0.48177339901477817,
    "Very Rare Document Tokens Attending Very Rare Lexical Match Document Tokens": 0.48177339901477817,
    "All Tokens Attending Very Rare Lexical Match Tokens": 0.4763546798029556,
    "Very Rare Tokens Attending Very Rare Lexical Match Tokens": 0.4763546798029556,
    "Very Rare Tokens Attending Rare Lexical Match Tokens": 0.4763546798029556,
    "Very Rare Tokens Attending Lexical Match Tokens": 0.4763546798029556,
    "Rare Tokens Attending Very Rare Lexical Match Tokens": 0.4763546798029556,
    "Rare Tokens Attending Rare Lexical Match Tokens": 0.47241379310344817,
    "All Tokens Attending Rare Lexical Match Tokens": 0.47241379310344817,
    "Rare Tokens Attending Lexical Match Tokens": 0.47241379310344817,
    "All Tokens Attending Rare Lexical Match Document Tokens": 0.46009852216748753,
    "Rare Tokens Attending Lexical Match Document Tokens": 0.46009852216748753,
    "Rare Document Tokens Attending Lexical Match Document Tokens": 0.46009852216748753,
    "Rare Tokens Attending Rare Lexical Match Document Tokens": 0.46009852216748753,
    "Rare Document Tokens Attending Rare Lexical Match Document Tokens": 0.46009852216748753,
    "Document Tokens Attending Rare Lexical Match Document Tokens": 0.46009852216748753,
    "Rare Tokens Attending Rare Semantic Match Query Tokens": 0.42807881773399004,
    "All Tokens Attending Semantic Match Query Tokens": 0.42807881773399004,
    "Rare Tokens Attending Semantic Match Query Tokens": 0.42807881773399004,
    "Very Rare Tokens Attending Very Rare Query Tokens": 0.4251231527093595,
    "Rare Tokens Attending Very Rare Query Tokens": 0.4241379310344827,