{
    "Document Tokens Attending Rare Document Tokens": 0.8502887696776082,
    "All Tokens Attending Rare Document Tokens": 0.8502887696776082,
    "All Tokens Attending Very Rare Document Tokens": 0.8325648352587676,
    "Document Tokens Attending Very Rare Document Tokens": 0.8325648352587676,
    "Rare Tokens Attending Rare Document Tokens": 0.8304761108631065,
    "Rare Document Tokens Attending Rare Document Tokens": 0.8304761108631065,
    "Document Tokens Attending Rare Tokens": 0.82600595824082,
    "Very Rare Tokens Attending Rare Document Tokens": 0.8194549156591834,
    "Very Rare Document Tokens Attending Rare Document Tokens": 0.8194549156591834,
    "All Tokens Attending Rare Tokens": 0.8185821849053806,
    "Rare Document Tokens Attending Rare Tokens": 0.8171012284779636,
    "Document Tokens Attending Very Rare Tokens": 0.8113656747092775,
    "Rare Document Tokens Attending Very Rare Document Tokens": 0.8107999892151598,
    "Rare Tokens Attending Very Rare Document Tokens": 0.8107999892151598,
    "Rare Document Tokens Attending Very Rare Tokens": 0.8088686803380891,
    "Rare Tokens Attending Rare Tokens": 0.8052899811575097,
    "Very Rare Document Tokens Attending Rare Tokens": 0.8037016448109187,
    "All Tokens Attending Very Rare Tokens": 0.8016910536167992,
    "Rare Tokens Attending Very Rare Tokens": 0.7930816074260372,
    "Very Rare Tokens Attending Rare Tokens": 0.7912886882666955,
    "Very Rare Document Tokens Attending Very Rare Tokens": 0.7774904416673096,
    "Very Rare Document Tokens Attending Very Rare Document Tokens": 0.7561365629903958,
    "Very Rare Tokens Attending Very Rare Document Tokens": 0.7561365629903958,
    "Very Rare Tokens Attending Very Rare Tokens": 0.7506883689466393,
    "Very Rare Document Tokens Attending Semantic Match Tokens": 0.5428410934088308,
    "Rare Document Tokens Attending Semantic Match Tokens": 0.5388143181086611,
    "Very Rare Document Tokens Attending Rare Semantic Match Tokens": 0.5376176260078736,
    "Document Tokens Attending Rare Semantic Match Tokens": 0.5342845594408122,
    "Rare Document Tokens Attending Rare Semantic Match Tokens": 0.5284235359747306,
    "Document Tokens Attending Semantic Match Tokens": 0.5283432825869486,
    "Rare Document Tokens Attending Very Rare Semantic Match Tokens": 0.5275264834430495,
    "Document Tokens Attending Very Rare Semantic Match Tokens": 0.5265997149560413,
    "Rare Tokens Attending Semantic Match Tokens": 0.49579693381709167,
    "Very Rare Tokens Attending Semantic Match Tokens": 0.49539592477504185,
    "Very Rare Document Tokens Attending Very Rare Semantic Match Tokens": 0.49313115742539737,
    "All Tokens Attending Rare Semantic Match Tokens": 0.49138929913559515,
    "Very Rare Tokens Attending Rare Semantic Match Tokens": 0.49006572024770617,
    "All Tokens Attending Semantic Match Tokens": 0.48771785357155273,
    "Rare Tokens Attending Rare Semantic Match Tokens": 0.4857828782451546,
    "Rare Document Tokens Attending Semantic Match Document Tokens": 0.485602861620554,
    "Rare Tokens Attending Semantic Match Document Tokens": 0.485602861620554,
    "Very Rare Document Tokens Attending Semantic Match Document Tokens": 0.4850996296801079,
    "Very Rare Tokens Attending Semantic Match Document Tokens": 0.4850996296801079,
    "Rare Tokens Attending Very Rare Semantic Match Tokens": 0.48158846893225343,
    "All Tokens Attending Very Rare Semantic Match Tokens": 0.4808083490406879,
    "Document Tokens Attending Rare Semantic Match Document Tokens": 0.48056100492357257,
    "All Tokens Attending Rare Semantic Match Document Tokens": 0.48056100492357257,
    "Very Rare Document Tokens Attending Rare Semantic Match Document Tokens": 0.47997761776715486,
    "Very Rare Tokens Attending Rare Semantic Match Document Tokens": 0.47997761776715486,
    "All Tokens Attending Semantic Match Document Tokens": 0.4783182229557133,
    "Document Tokens Attending Semantic Match Document Tokens": 0.4783182229557133,
    "Rare Tokens Attending Rare Semantic Match Document Tokens": 0.47535728610745165,
    "Rare Document Tokens Attending Rare Semantic Match Document Tokens": 0.47535728610745165,
    "Rare Tokens Attending Very Rare Semantic Match Document Tokens": 0.4702538241342181,
    "Rare Document Tokens Attending Very Rare Semantic Match Document Tokens": 0.4702538241342181,
    "Document Tokens Attending Very Rare Semantic Match Document Tokens": 0.46884163875990764,
    "All Tokens Attending Very Rare Semantic Match Document Tokens": 0.46884163875990764,
    "Document Tokens Attending Rare Query Tokens": 0.46063147239497204,
    "All Tokens Attending Rare Query Tokens": 0.4584760069496173,
    "Very Rare Tokens Attending Rare Query Tokens": 0.4572011149450563,
    "Very Rare Document Tokens Attending Rare Query Tokens": 0.4498010098144203,
    "Very Rare Tokens Attending Very Rare Semantic Match Tokens": 0.4473406373941078,
    "Rare Tokens Attending Rare Query Tokens": 0.4462158115026283,
    "Very Rare Tokens Attending Very Rare Semantic Match Document Tokens": 0.44079009007503517,
    "Very Rare Document Tokens Attending Very Rare Semantic Match Document Tokens": 0.44079009007503517,
    "Very Rare Tokens Attending Very Rare Query Tokens": 0.43880796069315214,
    "Very Rare Document Tokens Attending Very Rare Query Tokens": 0.4334755508431008,
    "Rare Document Tokens Attending Rare Query Tokens": 0.43258517608913544,
    "Rare Tokens Attending Very Rare Query Tokens": 0.4270704340988345,
    "Rare Document Tokens Attending Very Rare Query Tokens": 0.42206406046624234,
    "Very Rare Document Tokens Attending Very Rare Lexical Match Tokens": 0.41913281974547123,
    "Very Rare Document Tokens Attending Rare Lexical Match Tokens": 0.41913281974547123,
    "Very Rare Document Tokens Attending Lexical Match Tokens": 0.41913281974547123,
    "Rare Document Tokens Attending Very Rare Lexical Match Tokens": 0.41913281974547123,
    "Document Tokens Attending Very Rare Lexical Match Tokens": 0.41913281974547123,
    "Very Rare Document Tokens Attending All Tokens": -0.41604392531111056,
    "Very Rare Tokens Attending All Tokens": -0.4136285094231953,
    "Document Tokens Attending Very Rare Query Tokens": 0.41326462249072143,
    "Document Tokens Attending Very Rare Lexical Match Query Tokens": 0.410629929715451,
    "Rare Document Tokens Attending Very Rare Lexical Match Query Tokens": 0.410629929715451,
    "Very Rare Document Tokens Attending Lexical Match Query Tokens": 0.410629929715451,
    "Very Rare Document Tokens Attending Very Rare Lexical Match Query Tokens": 0.410629929715451,
    "Very Rare Document Tokens Attending Rare Lexical Match Query Tokens": 0.410629929715451,
    "All Tokens Attending Very Rare Query Tokens": 0.4098885773085459,
    "Rare Document Tokens Attending Lexical Match Query Tokens": 0.4045008745319222,
    "Rare Document Tokens Attending Rare Lexical Match Query Tokens": 0.4045008745319222,
    "Document Tokens Attending Rare Lexical Match Query Tokens": 0.4045008745319222,
    "Rare Document Tokens Attending Rare Semantic Match Query Tokens": 0.40041250910983517,
    "Rare Document Tokens Attending Lexical Match Tokens": 0.40035369251871655,
    "Document Tokens Attending Rare Lexical Match Tokens": 0.40035369251871655,
    "Rare Document Tokens Attending Rare Lexical Match Tokens": 0.40035369251871655,
    "Document Tokens Attending Rare Semantic Match Query Tokens": 0.39994766641337703,
    "Rare Document Tokens Attending Semantic Match Query Tokens": 0.39894399242498546,
    "All Tokens Attending Rare Semantic Match Query Tokens": 0.39347291430288345,
    "Document Tokens Attending Semantic Match Query Tokens": 0.3934365820380416,
    "Document Tokens Attending Very Rare Semantic Match Query Tokens": 0.3931928830150808,