{
    "Very Rare Document Tokens Attending Rare Query Tokens": 0.5186950146627566,
    "Very Rare Tokens Attending Rare Query Tokens": 0.5135630498533724,
    "Rare Tokens Attending Rare Query Tokens": 0.5062316715542522,
    "Very Rare Tokens Attending Query Tokens": 0.50366568914956,
    "All Tokens Attending Rare Query Tokens": 0.5025659824046921,
    "Rare Tokens Attending Query Tokens": 0.5021994134897361,
    "Very Rare Document Tokens Attending Document Tokens": -0.4970674486803519,
    "Very Rare Tokens Attending Document Tokens": -0.4970674486803519,
    "Rare Document Tokens Attending Rare Query Tokens": 0.49596774193548376,
    "Rare Document Tokens Attending Rare Semantic Match Query Tokens": 0.49230205278592365,
    "Rare Document Tokens Attending Semantic Match Query Tokens": 0.4886363636363636,
    "Document Tokens Attending Rare Semantic Match Query Tokens": 0.4886363636363636,
    "Very Rare Document Tokens Attending Rare Semantic Match Query Tokens": 0.48717008797653955,
    "Very Rare Document Tokens Attending Query Tokens": 0.4864369501466275,
    "Document Tokens Attending Semantic Match Query Tokens": 0.48423753665689145,
    "Very Rare Document Tokens Attending Semantic Match Query Tokens": 0.48423753665689145,
    "Document Tokens Attending Rare Query Tokens": 0.48387096774193544,
    "Document Tokens Attending Lexical Match Query Tokens": 0.4831378299120234,
    "All Tokens Attending Query Tokens": 0.4820381231671554,
    "All Tokens Attending Document Tokens": -0.48093841642228735,
    "Document Tokens Attending Document Tokens": -0.48093841642228735,
    "Rare Tokens Attending Document Tokens": -0.4794721407624633,
    "Rare Document Tokens Attending Document Tokens": -0.4794721407624633,
    "Rare Document Tokens Attending Very Rare Semantic Match Query Tokens": 0.4754398826979472,
    "Document Tokens Attending Very Rare Semantic Match Query Tokens": 0.4736070381231671,
    "Rare Document Tokens Attending Query Tokens": 0.470307917888563,
    "Rare Document Tokens Attending Very Rare Query Tokens": 0.469941348973607,
    "Rare Tokens Attending Very Rare Query Tokens": 0.468841642228739,
    "Very Rare Document Tokens Attending Very Rare Semantic Match Query Tokens": 0.4662756598240469,
    "Document Tokens Attending Query Tokens": 0.4640762463343108,
    "All Tokens Attending Very Rare Query Tokens": 0.4629765395894428,
    "Very Rare Document Tokens Attending Very Rare Query Tokens": 0.4604105571847507,
    "Rare Document Tokens Attending Lexical Match Query Tokens": 0.45307917888563043,
    "Rare Document Tokens Attending Rare Lexical Match Query Tokens": 0.45307917888563043,
    "Document Tokens Attending Rare Lexical Match Query Tokens": 0.45307917888563043,
    "Document Tokens Attending Very Rare Lexical Match Query Tokens": 0.4494134897360703,
    "Rare Document Tokens Attending Very Rare Lexical Match Query Tokens": 0.4494134897360703,
    "Very Rare Document Tokens Attending Lexical Match Query Tokens": 0.4494134897360703,
    "Very Rare Document Tokens Attending Very Rare Lexical Match Query Tokens": 0.4494134897360703,
    "Very Rare Document Tokens Attending Rare Lexical Match Query Tokens": 0.4494134897360703,
    "Very Rare Tokens Attending Very Rare Query Tokens": 0.44428152492668616,
    "Document Tokens Attending Very Rare Query Tokens": 0.43768328445747795,
    "Very Rare Tokens Attending Rare Tokens": 0.43071847507331373,
    "Rare Document Tokens Attending Rare Tokens": 0.4197214076246334,
    "All Tokens Attending Very Rare Document Tokens": -0.41165689149560114,
    "Document Tokens Attending Very Rare Document Tokens": -0.41165689149560114,
    "Rare Tokens Attending Rare Tokens": 0.4101906158357771,
    "Document Tokens Attending Rare Tokens": 0.40945747800586507,
    "Very Rare Document Tokens Attending Rare Tokens": 0.407258064516129,
    "All Tokens Attending Semantic Match Query Tokens": 0.3933284457478005,
    "Rare Tokens Attending Semantic Match Query Tokens": 0.39076246334310843,
    "All Tokens Attending Rare Semantic Match Query Tokens": 0.39076246334310843,
    "All Tokens Attending Rare Tokens": 0.38892961876832843,
    "Rare Tokens Attending All Tokens": 0.3867302052785923,
    "Rare Tokens Attending Rare Semantic Match Query Tokens": 0.3852639296187682,
    "Very Rare Tokens Attending All Tokens": 0.3731671554252199,
    "Rare Document Tokens Attending All Tokens": 0.3691348973607038,
    "Very Rare Document Tokens Attending All Tokens": 0.3607038123167155,
    "Very Rare Tokens Attending Rare Semantic Match Query Tokens": 0.3541055718475073,
    "Very Rare Tokens Attending Semantic Match Query Tokens": 0.3541055718475073,
    "Rare Document Tokens Attending Very Rare Document Tokens": -0.3500733137829911,
    "Rare Tokens Attending Very Rare Document Tokens": -0.3500733137829911,
    "Rare Tokens Attending Very Rare Semantic Match Query Tokens": 0.33944281524926684,
    "All Tokens Attending Very Rare Semantic Match Query Tokens": 0.33944281524926684,
    "Very Rare Tokens Attending Very Rare Semantic Match Query Tokens": 0.33027859237536655,
    "Very Rare Tokens Attending Lexical Match Query Tokens": 0.31268328445747795,
    "All Tokens Attending Very Rare Lexical Match Query Tokens": 0.31268328445747795,
    "Very Rare Tokens Attending Very Rare Lexical Match Query Tokens": 0.31268328445747795,
    "Very Rare Tokens Attending Rare Lexical Match Query Tokens": 0.31268328445747795,
    "Rare Tokens Attending Very Rare Lexical Match Query Tokens": 0.31268328445747795,
    "Very Rare Document Tokens Attending Very Rare Document Tokens": -0.3108504398826979,
    "Very Rare Tokens Attending Very Rare Document Tokens": -0.3108504398826979,
    "Rare Tokens Attending Lexical Match Query Tokens": 0.3024193548387097,
    "All Tokens Attending Rare Lexical Match Query Tokens": 0.3024193548387097,
    "Rare Tokens Attending Rare Lexical Match Query Tokens": 0.3024193548387097,
    "Document Tokens Attending Lexical Match Document Tokens": -0.2859237536656891,
    "All Tokens Attending Lexical Match Document Tokens": -0.2859237536656891,
    "All Tokens Attending Lexical Match Query Tokens": 0.282624633431085,
    "Document Tokens Attending Very Rare Semantic Match Document Tokens": -0.23900293255131963,
    "All Tokens Attending Very Rare Semantic Match Document Tokens": -0.23900293255131963,
    "Very Rare Document Tokens Attending Rare Semantic Match Document Tokens": -0.23423753665689148,
    "Very Rare Tokens Attending Rare Semantic Match Document Tokens": -0.23423753665689148,
    "Very Rare Document Tokens Attending Semantic Match Document Tokens": -0.23423753665689148,
    "Very Rare Tokens Attending Semantic Match Document Tokens": -0.23423753665689148,
    "Very Rare Tokens Attending Very Rare Semantic Match Document Tokens": -0.23387096774193541,
    "Very Rare Document Tokens Attending Very Rare Semantic Match Document Tokens": -0.23387096774193541,
    "Rare Tokens Attending Very Rare Semantic Match Document Tokens": -0.2320381231671554,
    "Rare Document Tokens Attending Very Rare Semantic Match Document Tokens": -0.2320381231671554,
    "All Tokens Attending Lexical Match Tokens": -0.22690615835777125,
    "Rare Tokens Attending Very Rare Lexical Match Document Tokens": -0.2261730205278592,
    "Very Rare Document Tokens Attending Rare Lexical Match Document Tokens": -0.2261730205278592,
    "Very Rare Tokens Attending Rare Lexical Match Document Tokens": -0.2261730205278592,
    "Document Tokens Attending Very Rare Lexical Match Document Tokens": -0.2261730205278592,
    "Very Rare Tokens Attending Lexical Match Document Tokens": -0.2261730205278592,