{
    "All Tokens Attending Very Rare Document Tokens": -0.3540400726472861,
    "Document Tokens Attending Very Rare Document Tokens": -0.3540400726472861,
    "Document Tokens Attending Lexical Match Document Tokens": -0.3449082003414773,
    "All Tokens Attending Lexical Match Document Tokens": -0.3449082003414773,
    "Document Tokens Attending Rare Query Tokens": 0.34448032243240245,
    "Rare Document Tokens Attending Very Rare Document Tokens": -0.33111187896875494,
    "Rare Tokens Attending Very Rare Document Tokens": -0.33111187896875494,
    "All Tokens Attending Rare Query Tokens": 0.3298330244832055,
    "Very Rare Document Tokens Attending Rare Query Tokens": 0.3297972921855184,
    "Document Tokens Attending Very Rare Query Tokens": 0.32806048295975676,
    "Rare Document Tokens Attending Rare Query Tokens": 0.32784841039423185,
    "Document Tokens Attending Query Tokens": 0.3261268056769191,
    "Very Rare Document Tokens Attending Very Rare Document Tokens": -0.3241405526971086,
    "Very Rare Tokens Attending Very Rare Document Tokens": -0.3241405526971086,
    "Document Tokens Attending Semantic Match Query Tokens": 0.3144999778907503,
    "Document Tokens Attending Rare Semantic Match Query Tokens": 0.31376469373906896,
    "Rare Document Tokens Attending Semantic Match Query Tokens": 0.313215499950584,
    "Very Rare Document Tokens Attending Query Tokens": 0.312720811281797,
    "Rare Document Tokens Attending Rare Semantic Match Query Tokens": 0.31270112989714416,
    "Very Rare Document Tokens Attending Very Rare Query Tokens": 0.31113061657841884,
    "Rare Document Tokens Attending Very Rare Query Tokens": 0.30831035076423796,
    "Document Tokens Attending Lexical Match Query Tokens": 0.30720558504695455,
    "All Tokens Attending Very Rare Query Tokens": 0.30566903648281835,
    "Rare Document Tokens Attending Query Tokens": 0.3053326989973657,
    "All Tokens Attending Query Tokens": 0.30258454939951335,
    "All Tokens Attending Document Tokens": -0.3025660731771796,
    "Document Tokens Attending Document Tokens": -0.3025660731771796,
    "Document Tokens Attending Lexical Match Tokens": -0.2968297593318319,
    "Rare Document Tokens Attending Lexical Match Query Tokens": 0.29630998669650765,
    "Rare Document Tokens Attending Rare Lexical Match Query Tokens": 0.29630998669650765,
    "Document Tokens Attending Rare Lexical Match Query Tokens": 0.29630998669650765,
    "Rare Tokens Attending Document Tokens": -0.2945779313957242,
    "Rare Document Tokens Attending Document Tokens": -0.2945779313957242,
    "Rare Tokens Attending Rare Query Tokens": 0.2944205025283345,
    "Very Rare Document Tokens Attending Semantic Match Query Tokens": 0.2920052806818788,
    "Very Rare Document Tokens Attending Rare Semantic Match Query Tokens": 0.29142383553057644,
    "All Tokens Attending Semantic Match Document Tokens": -0.28915821378491546,
    "Document Tokens Attending Semantic Match Document Tokens": -0.28915821378491546,
    "Document Tokens Attending Very Rare Semantic Match Query Tokens": 0.2877489280285345,
    "Very Rare Tokens Attending Rare Query Tokens": 0.2873332088737381,
    "Rare Document Tokens Attending Very Rare Semantic Match Query Tokens": 0.2872319530637222,
    "Document Tokens Attending Rare Semantic Match Document Tokens": -0.2863760820775347,
    "All Tokens Attending Rare Semantic Match Document Tokens": -0.2863760820775347,
    "Rare Document Tokens Attending Semantic Match Document Tokens": -0.2862972418182091,
    "Rare Tokens Attending Semantic Match Document Tokens": -0.2862972418182091,
    "Rare Tokens Attending Rare Semantic Match Document Tokens": -0.2837174003090679,
    "Rare Document Tokens Attending Rare Semantic Match Document Tokens": -0.2837174003090679,
    "Very Rare Document Tokens Attending Very Rare Semantic Match Query Tokens": 0.2833546987336252,
    "Very Rare Document Tokens Attending Document Tokens": -0.27967809219760487,
    "Very Rare Tokens Attending Document Tokens": -0.27967809219760487,
    "Rare Tokens Attending Query Tokens": 0.2785334760410536,
    "Very Rare Tokens Attending Query Tokens": 0.2769969934969165,
    "Document Tokens Attending Very Rare Semantic Match Document Tokens": -0.27692589283869906,
    "All Tokens Attending Very Rare Semantic Match Document Tokens": -0.27692589283869906,
    "Document Tokens Attending Very Rare Lexical Match Query Tokens": 0.27647907083433665,
    "Rare Document Tokens Attending Very Rare Lexical Match Query Tokens": 0.27647907083433665,
    "Very Rare Document Tokens Attending Lexical Match Query Tokens": 0.27647907083433665,
    "Very Rare Document Tokens Attending Very Rare Lexical Match Query Tokens": 0.27647907083433665,
    "Very Rare Document Tokens Attending Rare Lexical Match Query Tokens": 0.27647907083433665,
    "Rare Tokens Attending Very Rare Semantic Match Document Tokens": -0.2753558896526491,
    "Rare Document Tokens Attending Very Rare Semantic Match Document Tokens": -0.2753558896526491,
    "Very Rare Document Tokens Attending Semantic Match Document Tokens": -0.2739213935332138,
    "Very Rare Tokens Attending Semantic Match Document Tokens": -0.2739213935332138,
    "Very Rare Document Tokens Attending Rare Semantic Match Document Tokens": -0.27282772937697103,
    "Very Rare Tokens Attending Rare Semantic Match Document Tokens": -0.27282772937697103,
    "Very Rare Tokens Attending Very Rare Semantic Match Document Tokens": -0.2676978209165416,
    "Very Rare Document Tokens Attending Very Rare Semantic Match Document Tokens": -0.2676978209165416,
    "All Tokens Attending Lexical Match Tokens": -0.2674031026138344,
    "All Tokens Attending Rare Lexical Match Document Tokens": -0.26600181243350485,
    "Rare Tokens Attending Lexical Match Document Tokens": -0.26600181243350485,
    "Rare Document Tokens Attending Lexical Match Document Tokens": -0.26600181243350485,
    "Rare Tokens Attending Rare Lexical Match Document Tokens": -0.26600181243350485,
    "Rare Document Tokens Attending Rare Lexical Match Document Tokens": -0.26600181243350485,
    "Document Tokens Attending Rare Lexical Match Document Tokens": -0.26600181243350485,
    "Rare Tokens Attending Very Rare Query Tokens": 0.26207026699254965,
    "Rare Tokens Attending Very Rare Lexical Match Document Tokens": -0.2580110609280229,
    "Very Rare Document Tokens Attending Rare Lexical Match Document Tokens": -0.2580110609280229,
    "Very Rare Tokens Attending Rare Lexical Match Document Tokens": -0.2580110609280229,
    "Document Tokens Attending Very Rare Lexical Match Document Tokens": -0.2580110609280229,
    "Very Rare Tokens Attending Lexical Match Document Tokens": -0.2580110609280229,
    "All Tokens Attending Very Rare Lexical Match Document Tokens": -0.2580110609280229,
    "Very Rare Document Tokens Attending Lexical Match Document Tokens": -0.2580110609280229,
    "Rare Document Tokens Attending Very Rare Lexical Match Document Tokens": -0.2580110609280229,
    "Very Rare Tokens Attending Very Rare Lexical Match Document Tokens": -0.2580110609280229,
    "Very Rare Document Tokens Attending Very Rare Lexical Match Document Tokens": -0.2580110609280229,
    "Very Rare Tokens Attending Very Rare Query Tokens": 0.23427773803736907,
    "Very Rare Document Tokens Attending All Tokens": 0.21663194502724348,
    "Document Tokens Attending Semantic Match Tokens": -0.21586189126626956,
    "Rare Document Tokens Attending Lexical Match Tokens": -0.21110748833837345,
    "Document Tokens Attending Rare Lexical Match Tokens": -0.21110748833837345,
    "Rare Document Tokens Attending Rare Lexical Match Tokens": -0.21110748833837345,
    "All Tokens Attending Semantic Match Tokens": -0.2111057777021476,
    "Rare Document Tokens Attending Semantic Match Tokens": -0.21017059288913048,
    "Document Tokens Attending Rare Semantic Match Tokens": -0.20988851927155278,