{
    "Very Rare Document Tokens Attending Rare Query Tokens": 0.48387096774193544,
    "Very Rare Document Tokens Attending Document Tokens": -0.47177419354838707,
    "Very Rare Tokens Attending Document Tokens": -0.47177419354838707,
    "Very Rare Tokens Attending Query Tokens": 0.47104105571847504,
    "Very Rare Tokens Attending Rare Query Tokens": 0.46847507331378296,
    "Rare Tokens Attending Query Tokens": 0.4673753665689148,
    "Rare Tokens Attending Rare Query Tokens": 0.46224340175953077,
    "All Tokens Attending Rare Query Tokens": 0.4600439882697947,
    "Very Rare Document Tokens Attending Query Tokens": 0.4600439882697947,
    "Rare Document Tokens Attending Rare Query Tokens": 0.4593108504398827,
    "Rare Tokens Attending Document Tokens": -0.4552785923753665,
    "Rare Document Tokens Attending Document Tokens": -0.4552785923753665,
    "All Tokens Attending Query Tokens": 0.4494134897360703,
    "All Tokens Attending Document Tokens": -0.44868035190615835,
    "Document Tokens Attending Document Tokens": -0.44868035190615835,
    "Document Tokens Attending Rare Query Tokens": 0.4464809384164222,
    "Rare Document Tokens Attending Rare Semantic Match Query Tokens": 0.44098240469208205,
    "Rare Document Tokens Attending Query Tokens": 0.439149560117302,
    "Document Tokens Attending Query Tokens": 0.43768328445747795,
    "Rare Document Tokens Attending Semantic Match Query Tokens": 0.43768328445747795,
    "Document Tokens Attending Rare Semantic Match Query Tokens": 0.43768328445747795,
    "Document Tokens Attending Semantic Match Query Tokens": 0.43401759530791784,
    "Very Rare Document Tokens Attending Rare Semantic Match Query Tokens": 0.4332844574780058,
    "Very Rare Document Tokens Attending Semantic Match Query Tokens": 0.43071847507331373,
    "Document Tokens Attending Lexical Match Query Tokens": 0.42851906158357767,
    "All Tokens Attending Very Rare Document Tokens": -0.4248533724340175,
    "Document Tokens Attending Very Rare Document Tokens": -0.4248533724340175,
    "Rare Document Tokens Attending Very Rare Query Tokens": 0.4230205278592375,
    "Rare Document Tokens Attending Very Rare Semantic Match Query Tokens": 0.4200879765395894,
    "Document Tokens Attending Very Rare Semantic Match Query Tokens": 0.4182551319648093,
    "Very Rare Document Tokens Attending Very Rare Query Tokens": 0.41165689149560114,
    "Very Rare Document Tokens Attending Very Rare Semantic Match Query Tokens": 0.4105571847507331,
    "Rare Tokens Attending Very Rare Query Tokens": 0.4098240469208211,
    "All Tokens Attending Very Rare Query Tokens": 0.40579178885630496,
    "Rare Document Tokens Attending Lexical Match Query Tokens": 0.3936950146627565,
    "Rare Document Tokens Attending Rare Lexical Match Query Tokens": 0.3936950146627565,
    "Document Tokens Attending Rare Lexical Match Query Tokens": 0.3936950146627565,
    "Document Tokens Attending Very Rare Lexical Match Query Tokens": 0.38892961876832843,
    "Rare Document Tokens Attending Very Rare Lexical Match Query Tokens": 0.38892961876832843,
    "Very Rare Document Tokens Attending Lexical Match Query Tokens": 0.38892961876832843,
    "Very Rare Document Tokens Attending Very Rare Lexical Match Query Tokens": 0.38892961876832843,
    "Very Rare Document Tokens Attending Rare Lexical Match Query Tokens": 0.38892961876832843,
    "Very Rare Tokens Attending Very Rare Query Tokens": 0.3881964809384164,
    "Document Tokens Attending Very Rare Query Tokens": 0.38746334310850433,
    "Very Rare Tokens Attending Rare Tokens": 0.3852639296187682,
    "Rare Document Tokens Attending Rare Tokens": 0.38123167155425214,
    "Document Tokens Attending Rare Tokens": 0.37976539589442815,
    "Rare Document Tokens Attending Very Rare Document Tokens": -0.3775659824046921,
    "Rare Tokens Attending Very Rare Document Tokens": -0.3775659824046921,
    "Rare Tokens Attending Rare Tokens": 0.36803519061583573,
    "Very Rare Document Tokens Attending Rare Tokens": 0.36510263929618764,
    "All Tokens Attending Rare Tokens": 0.3541055718475073,
    "Very Rare Document Tokens Attending Very Rare Document Tokens": -0.345307917888563,
    "Very Rare Tokens Attending Very Rare Document Tokens": -0.345307917888563,
    "Rare Tokens Attending All Tokens": 0.33321114369501464,
    "All Tokens Attending Semantic Match Query Tokens": 0.3324780058651026,
    "Rare Document Tokens Attending All Tokens": 0.3288123167155425,
    "Rare Tokens Attending Semantic Match Query Tokens": 0.3288123167155425,
    "All Tokens Attending Rare Semantic Match Query Tokens": 0.3288123167155425,
    "Rare Tokens Attending Rare Semantic Match Query Tokens": 0.32368035190615835,
    "Document Tokens Attending Lexical Match Document Tokens": -0.3233137829912023,
    "All Tokens Attending Lexical Match Document Tokens": -0.3233137829912023,
    "Very Rare Tokens Attending All Tokens": 0.3214809384164222,
    "Very Rare Document Tokens Attending All Tokens": 0.3196480938416422,
    "Very Rare Tokens Attending Rare Semantic Match Query Tokens": 0.29068914956011727,
    "Document Tokens Attending Very Rare Semantic Match Document Tokens": -0.29068914956011727,
    "All Tokens Attending Very Rare Semantic Match Document Tokens": -0.29068914956011727,
    "Very Rare Tokens Attending Semantic Match Query Tokens": 0.29068914956011727,
    "Very Rare Document Tokens Attending Rare Semantic Match Document Tokens": -0.28629032258064513,
    "Very Rare Tokens Attending Rare Semantic Match Document Tokens": -0.28629032258064513,
    "Very Rare Document Tokens Attending Semantic Match Document Tokens": -0.28629032258064513,
    "Very Rare Tokens Attending Semantic Match Document Tokens": -0.28629032258064513,
    "Very Rare Tokens Attending Very Rare Semantic Match Document Tokens": -0.2855571847507331,
    "Very Rare Document Tokens Attending Very Rare Semantic Match Document Tokens": -0.2855571847507331,
    "Rare Tokens Attending Very Rare Semantic Match Document Tokens": -0.28372434017595305,
    "Rare Document Tokens Attending Very Rare Semantic Match Document Tokens": -0.28372434017595305,
    "Rare Tokens Attending Very Rare Lexical Match Document Tokens": -0.28335777126099704,
    "Very Rare Document Tokens Attending Rare Lexical Match Document Tokens": -0.28335777126099704,
    "Very Rare Tokens Attending Rare Lexical Match Document Tokens": -0.28335777126099704,
    "Document Tokens Attending Very Rare Lexical Match Document Tokens": -0.28335777126099704,
    "Very Rare Tokens Attending Lexical Match Document Tokens": -0.28335777126099704,
    "All Tokens Attending Very Rare Lexical Match Document Tokens": -0.28335777126099704,
    "Very Rare Document Tokens Attending Lexical Match Document Tokens": -0.28335777126099704,
    "Rare Document Tokens Attending Very Rare Lexical Match Document Tokens": -0.28335777126099704,
    "Very Rare Tokens Attending Very Rare Lexical Match Document Tokens": -0.28335777126099704,
    "Very Rare Document Tokens Attending Very Rare Lexical Match Document Tokens": -0.28335777126099704,
    "Rare Tokens Attending Very Rare Semantic Match Query Tokens": 0.2752932551319648,
    "All Tokens Attending Very Rare Semantic Match Query Tokens": 0.2752932551319648,
    "All Tokens Attending Lexical Match Tokens": -0.26722873900293254,
    "Very Rare Tokens Attending Very Rare Semantic Match Query Tokens": 0.2657624633431085,
    "Document Tokens Attending Rare Semantic Match Document Tokens": -0.26502932551319647,
    "All Tokens Attending Rare Semantic Match Document Tokens": -0.26502932551319647,
    "Rare Document Tokens Attending Semantic Match Document Tokens": -0.25769794721407624,
    "Rare Tokens Attending Semantic Match Document Tokens": -0.25769794721407624,
    "All Tokens Attending Semantic Match Document Tokens": -0.2540322580645161,
    "Rare Tokens Attending Rare Semantic Match Document Tokens": -0.2540322580645161,