{
    "All Tokens Attending Rare Tokens": 0.6226918798665184,
    "Document Tokens Attending Lexical Match Query Tokens": 0.6137931034482759,
    "Document Tokens Attending Rare Tokens": 0.6133481646273637,
    "Rare Document Tokens Attending All Tokens": 0.611123470522803,
    "Rare Document Tokens Attending Rare Tokens": 0.6106785317018909,
    "Very Rare Document Tokens Attending Rare Tokens": 0.6053392658509456,
    "Very Rare Document Tokens Attending All Tokens": 0.6031145717463848,
    "Rare Tokens Attending Rare Tokens": 0.6008898776418242,
    "Very Rare Tokens Attending Rare Tokens": 0.5862068965517241,
    "Very Rare Document Tokens Attending Very Rare Query Tokens": 0.5706340378197998,
    "Rare Document Tokens Attending Very Rare Query Tokens": 0.5666295884315907,
    "Rare Document Tokens Attending Rare Query Tokens": 0.5612903225806452,
    "Very Rare Document Tokens Attending Rare Query Tokens": 0.5604004449388209,
    "Very Rare Tokens Attending Rare Query Tokens": 0.5555061179087876,
    "Rare Tokens Attending Rare Query Tokens": 0.5546162402669632,
    "Rare Tokens Attending Very Rare Query Tokens": 0.5541713014460512,
    "All Tokens Attending Rare Query Tokens": 0.5483870967741935,
    "Document Tokens Attending Very Rare Query Tokens": 0.5430478309232479,
    "All Tokens Attending Very Rare Query Tokens": 0.5403781979977753,
    "Very Rare Document Tokens Attending Query Tokens": 0.5403781979977753,
    "Rare Tokens Attending Query Tokens": 0.5341490545050055,
    "Very Rare Tokens Attending Query Tokens": 0.531924360400445,
    "Document Tokens Attending Rare Query Tokens": 0.5279199110122358,
    "Very Rare Tokens Attending Very Rare Query Tokens": 0.5265850945494994,
    "Rare Document Tokens Attending Lexical Match Query Tokens": 0.5230255839822024,
    "Rare Document Tokens Attending Rare Lexical Match Query Tokens": 0.5230255839822024,
    "Document Tokens Attending Rare Lexical Match Query Tokens": 0.5230255839822024,
    "Document Tokens Attending Very Rare Lexical Match Query Tokens": 0.5216907675194661,
    "Rare Document Tokens Attending Very Rare Lexical Match Query Tokens": 0.5216907675194661,
    "Very Rare Document Tokens Attending Lexical Match Query Tokens": 0.5216907675194661,
    "Very Rare Document Tokens Attending Very Rare Lexical Match Query Tokens": 0.5216907675194661,
    "Very Rare Document Tokens Attending Rare Lexical Match Query Tokens": 0.5216907675194661,
    "Rare Document Tokens Attending Query Tokens": 0.521245828698554,
    "All Tokens Attending Query Tokens": 0.5172413793103449,
    "All Tokens Attending Document Tokens": -0.5159065628476084,
    "Document Tokens Attending Document Tokens": -0.5159065628476084,
    "Rare Document Tokens Attending Semantic Match Query Tokens": 0.5132369299221357,
    "Document Tokens Attending Semantic Match Query Tokens": 0.5132369299221357,
    "Document Tokens Attending Rare Semantic Match Query Tokens": 0.5132369299221357,
    "Rare Document Tokens Attending Rare Semantic Match Query Tokens": 0.5132369299221357,
    "Very Rare Document Tokens Attending Rare Semantic Match Query Tokens": 0.5087875417130144,
    "Very Rare Document Tokens Attending Semantic Match Query Tokens": 0.5087875417130144,
    "Document Tokens Attending Query Tokens": 0.507007786429366,
    "Document Tokens Attending Very Rare Semantic Match Query Tokens": 0.5052280311457175,
    "Rare Document Tokens Attending Very Rare Semantic Match Query Tokens": 0.5052280311457175,
    "Very Rare Document Tokens Attending Very Rare Semantic Match Query Tokens": 0.5038932146829811,
    "Rare Tokens Attending Document Tokens": -0.5007786429365962,
    "Rare Document Tokens Attending Document Tokens": -0.5007786429365962,
    "Very Rare Document Tokens Attending Document Tokens": -0.4972191323692992,
    "Very Rare Tokens Attending Document Tokens": -0.4972191323692992,
    "Rare Tokens Attending All Tokens": 0.4540600667408231,
    "Rare Tokens Attending Semantic Match Query Tokens": 0.4505005561735262,
    "All Tokens Attending Semantic Match Query Tokens": 0.44827586206896547,
    "Rare Tokens Attending Rare Semantic Match Query Tokens": 0.44560622914349274,
    "All Tokens Attending Rare Semantic Match Query Tokens": 0.44249165739710794,
    "Very Rare Tokens Attending All Tokens": 0.43492769744160176,
    "Document Tokens Attending Very Rare Tokens": 0.43003337041156836,
    "Very Rare Tokens Attending Rare Semantic Match Query Tokens": 0.4295884315906563,
    "Very Rare Tokens Attending Semantic Match Query Tokens": 0.4295884315906563,
    "All Tokens Attending Very Rare Semantic Match Query Tokens": 0.4278086763070078,
    "Rare Tokens Attending Very Rare Semantic Match Query Tokens": 0.421579532814238,
    "Rare Document Tokens Attending Very Rare Tokens": 0.3908787541713014,
    "Rare Tokens Attending Lexical Match Query Tokens": 0.3815350389321468,
    "All Tokens Attending Rare Lexical Match Query Tokens": 0.3815350389321468,
    "Rare Tokens Attending Rare Lexical Match Query Tokens": 0.3815350389321468,
    "Very Rare Tokens Attending Very Rare Semantic Match Query Tokens": 0.3779755283648498,
    "All Tokens Attending Very Rare Tokens": 0.37441601779755285,
    "Very Rare Tokens Attending Lexical Match Query Tokens": 0.3477196885428253,
    "All Tokens Attending Very Rare Lexical Match Query Tokens": 0.3477196885428253,
    "Very Rare Tokens Attending Very Rare Lexical Match Query Tokens": 0.3477196885428253,
    "Very Rare Tokens Attending Rare Lexical Match Query Tokens": 0.3477196885428253,
    "Rare Tokens Attending Very Rare Lexical Match Query Tokens": 0.3477196885428253,
    "Document Tokens Attending Lexical Match Document Tokens": -0.3067853170189099,
    "All Tokens Attending Lexical Match Document Tokens": -0.3067853170189099,
    "All Tokens Attending Lexical Match Query Tokens": 0.3045606229143492,
    "All Tokens Attending Very Rare Document Tokens": -0.2992213570634038,
    "Document Tokens Attending Very Rare Document Tokens": -0.2992213570634038,
    "Rare Tokens Attending Very Rare Tokens": 0.28097886540600664,
    "Query Tokens Attending Very Rare Lexical Match Tokens": -0.24048943270300333,
    "Rare Query Tokens Attending Very Rare Lexical Match Tokens": -0.24048943270300333,
    "Very Rare Query Tokens Attending Lexical Match Query Tokens": -0.24048943270300333,
    "Very Rare Query Tokens Attending Lexical Match Tokens": -0.24048943270300333,
    "Very Rare Query Tokens Attending Very Rare Lexical Match Tokens": -0.24048943270300333,
    "Very Rare Query Tokens Attending Rare Lexical Match Query Tokens": -0.24048943270300333,
    "Very Rare Query Tokens Attending Very Rare Lexical Match Query Tokens": -0.24048943270300333,
    "Very Rare Query Tokens Attending Rare Lexical Match Tokens": -0.24048943270300333,
    "Rare Query Tokens Attending Very Rare Lexical Match Query Tokens": -0.24048943270300333,
    "Query Tokens Attending Very Rare Lexical Match Query Tokens": -0.24048943270300333,
    "Document Tokens Attending Lexical Match Tokens": -0.23737486095661847,
    "All Tokens Attending Lexical Match Tokens": -0.23515016685205786,
    "Very Rare Query Tokens Attending Semantic Match Tokens": -0.22358175750834258,
    "Very Rare Query Tokens Attending Semantic Match Query Tokens": -0.22358175750834258,
    "Very Rare Query Tokens Attending Rare Semantic Match Query Tokens": -0.2200222469410456,
    "Very Rare Query Tokens Attending Rare Semantic Match Tokens": -0.2200222469410456,
    "Very Rare Query Tokens Attending Very Rare Tokens": -0.21913236929922134,
    "Very Rare Query Tokens Attending Very Rare Query Tokens": -0.21913236929922134,
    "Very Rare Tokens Attending Very Rare Tokens": 0.21601779755283645,
    "Very Rare Document Tokens Attending Very Rare Tokens": 0.21290322580645163,
    "Rare Query Tokens Attending Very Rare Semantic Match Query Tokens": -0.20845383759733035,