{
    "Document Tokens Attending Rare Query Tokens": 0.6604191817938597,
    "Very Rare Document Tokens Attending Rare Query Tokens": 0.6548283121102461,
    "Rare Document Tokens Attending Rare Query Tokens": 0.6541850905759392,
    "All Tokens Attending Rare Query Tokens": 0.6514100659750857,
    "Document Tokens Attending Very Rare Query Tokens": 0.6419417017871656,
    "Rare Document Tokens Attending Very Rare Query Tokens": 0.6303752621834401,
    "Rare Tokens Attending Rare Query Tokens": 0.6295079679340345,
    "Very Rare Document Tokens Attending Very Rare Query Tokens": 0.6281184722852706,
    "All Tokens Attending Very Rare Query Tokens": 0.6264362793164944,
    "Very Rare Tokens Attending Rare Query Tokens": 0.6238511598334928,
    "Document Tokens Attending Semantic Match Query Tokens": 0.6224433828108313,
    "Document Tokens Attending Rare Semantic Match Query Tokens": 0.6204291435291689,
    "Rare Document Tokens Attending Semantic Match Query Tokens": 0.6198200169411282,
    "Rare Document Tokens Attending Rare Semantic Match Query Tokens": 0.6188824088208211,
    "Document Tokens Attending Query Tokens": 0.6173613944521332,
    "Very Rare Document Tokens Attending Query Tokens": 0.6168439817390665,
    "Rare Document Tokens Attending Query Tokens": 0.6070908838080148,
    "All Tokens Attending Query Tokens": 0.6069513111047408,
    "All Tokens Attending Document Tokens": -0.6069329213198141,
    "Document Tokens Attending Document Tokens": -0.6069329213198141,
    "Document Tokens Attending Lexical Match Query Tokens": 0.6014797795965212,
    "Very Rare Tokens Attending Query Tokens": 0.5970639839807377,
    "Rare Tokens Attending Very Rare Query Tokens": 0.5940952978179614,
    "Rare Tokens Attending Query Tokens": 0.5927676423740857,
    "Very Rare Document Tokens Attending Semantic Match Query Tokens": 0.5900262722055369,
    "Rare Tokens Attending Document Tokens": -0.5893172008920351,
    "Rare Document Tokens Attending Document Tokens": -0.5893172008920351,
    "Very Rare Document Tokens Attending Rare Semantic Match Query Tokens": 0.5892461722559721,
    "Document Tokens Attending Rare Tokens": 0.5824066384137118,
    "Document Tokens Attending Very Rare Semantic Match Query Tokens": 0.5823390880842727,
    "Rare Document Tokens Attending Very Rare Semantic Match Query Tokens": 0.5820413972151643,
    "Very Rare Document Tokens Attending Document Tokens": -0.5795101073296471,
    "Very Rare Tokens Attending Document Tokens": -0.5795101073296471,
    "Very Rare Document Tokens Attending Very Rare Semantic Match Query Tokens": 0.5745209582833986,
    "Rare Document Tokens Attending Lexical Match Query Tokens": 0.5725603987425641,
    "Rare Document Tokens Attending Rare Lexical Match Query Tokens": 0.5725603987425641,
    "Document Tokens Attending Rare Lexical Match Query Tokens": 0.5725603987425641,
    "Very Rare Tokens Attending Very Rare Query Tokens": 0.5677505215213267,
    "Very Rare Document Tokens Attending All Tokens": 0.562836167934731,
    "All Tokens Attending Rare Tokens": 0.5621675274943556,
    "Document Tokens Attending Very Rare Lexical Match Query Tokens": 0.5414659991118522,
    "Rare Document Tokens Attending Very Rare Lexical Match Query Tokens": 0.5414659991118522,
    "Very Rare Document Tokens Attending Lexical Match Query Tokens": 0.5414659991118522,
    "Very Rare Document Tokens Attending Very Rare Lexical Match Query Tokens": 0.5414659991118522,
    "Very Rare Document Tokens Attending Rare Lexical Match Query Tokens": 0.5414659991118522,
    "Rare Document Tokens Attending Rare Tokens": 0.5064821971787226,
    "Very Rare Document Tokens Attending Rare Tokens": 0.4870750400782392,
    "Rare Tokens Attending Rare Tokens": 0.4760276477308046,
    "Rare Document Tokens Attending All Tokens": 0.4746145282542837,
    "Very Rare Tokens Attending Rare Tokens": 0.45203525347742235,
    "All Tokens Attending Semantic Match Query Tokens": 0.4193784681847677,
    "All Tokens Attending Rare Semantic Match Query Tokens": 0.4184852542642946,
    "Rare Tokens Attending Semantic Match Query Tokens": 0.4178605438124692,
    "Rare Tokens Attending Rare Semantic Match Query Tokens": 0.41305755934579474,
    "All Tokens Attending Very Rare Document Tokens": -0.4103421791735592,
    "Document Tokens Attending Very Rare Document Tokens": -0.4103421791735592,
    "Document Tokens Attending Lexical Match Document Tokens": -0.40066353728305226,
    "All Tokens Attending Lexical Match Document Tokens": -0.40066353728305226,
    "Very Rare Tokens Attending All Tokens": 0.4006445643664762,
    "Rare Tokens Attending All Tokens": 0.3974299020673459,
    "Very Rare Tokens Attending Semantic Match Query Tokens": 0.3707303332739531,
    "Very Rare Tokens Attending Rare Semantic Match Query Tokens": 0.36701107249351267,
    "All Tokens Attending Very Rare Semantic Match Query Tokens": 0.35916968076599726,
    "Rare Tokens Attending Very Rare Semantic Match Query Tokens": 0.35831823495882487,
    "Very Rare Tokens Attending Very Rare Semantic Match Query Tokens": 0.3309081576461108,
    "Document Tokens Attending Lexical Match Tokens": -0.3058695610867005,
    "All Tokens Attending Lexical Match Tokens": -0.3052478498700327,
    "Rare Tokens Attending Lexical Match Query Tokens": 0.2879256579120113,
    "All Tokens Attending Rare Lexical Match Query Tokens": 0.2879256579120113,
    "Rare Tokens Attending Rare Lexical Match Query Tokens": 0.2879256579120113,
    "Document Tokens Attending Very Rare Tokens": 0.2826281552435894,
    "Rare Document Tokens Attending Very Rare Document Tokens": -0.261114404652631,
    "Rare Tokens Attending Very Rare Document Tokens": -0.261114404652631,
    "All Tokens Attending Very Rare Tokens": 0.25924281399563615,
    "Rare Document Tokens Attending Very Rare Tokens": 0.2549923523622585,
    "Very Rare Tokens Attending Lexical Match Query Tokens": 0.25430393772365856,
    "All Tokens Attending Very Rare Lexical Match Query Tokens": 0.25430393772365856,
    "Very Rare Tokens Attending Very Rare Lexical Match Query Tokens": 0.25430393772365856,
    "Very Rare Tokens Attending Rare Lexical Match Query Tokens": 0.25430393772365856,
    "Rare Tokens Attending Very Rare Lexical Match Query Tokens": 0.25430393772365856,
    "All Tokens Attending Semantic Match Document Tokens": -0.2360517488061165,
    "Document Tokens Attending Semantic Match Document Tokens": -0.2360517488061165,
    "Document Tokens Attending Rare Semantic Match Document Tokens": -0.23479841891242678,
    "All Tokens Attending Rare Semantic Match Document Tokens": -0.23479841891242678,
    "Rare Document Tokens Attending Semantic Match Document Tokens": -0.23275345160239014,
    "Rare Tokens Attending Semantic Match Document Tokens": -0.23275345160239014,
    "Very Rare Document Tokens Attending Very Rare Document Tokens": -0.23215888507899124,
    "Very Rare Tokens Attending Very Rare Document Tokens": -0.23215888507899124,
    "Rare Tokens Attending Rare Semantic Match Document Tokens": -0.2299883939819799,
    "Rare Document Tokens Attending Rare Semantic Match Document Tokens": -0.2299883939819799,
    "Rare Tokens Attending Very Rare Tokens": 0.22282383265424574,
    "Document Tokens Attending Very Rare Semantic Match Document Tokens": -0.2189126209041842,
    "All Tokens Attending Very Rare Semantic Match Document Tokens": -0.2189126209041842,
    "Rare Tokens Attending Very Rare Semantic Match Document Tokens": -0.2140703252110026,
    "Rare Document Tokens Attending Very Rare Semantic Match Document Tokens": -0.2140703252110026,
    "Very Rare Document Tokens Attending Semantic Match Document Tokens": -0.21064215843737513,
    "Very Rare Tokens Attending Semantic Match Document Tokens": -0.21064215843737513,
    "Very Rare Document Tokens Attending Rare Semantic Match Document Tokens": -0.209806506766829,
    "Very Rare Tokens Attending Rare Semantic Match Document Tokens": -0.209806506766829,