{
    "Rare Document Tokens Attending All Tokens": 0.5470522803114571,
    "Very Rare Document Tokens Attending All Tokens": 0.5368186874304783,
    "All Tokens Attending Rare Tokens": 0.5256952169076751,
    "Document Tokens Attending Lexical Match Query Tokens": 0.5185761957730812,
    "Document Tokens Attending Rare Tokens": 0.5167964404894326,
    "Rare Document Tokens Attending Rare Tokens": 0.511012235817575,
    "Very Rare Document Tokens Attending Rare Tokens": 0.5061179087875418,
    "Rare Tokens Attending Rare Tokens": 0.49988876529477194,
    "Very Rare Tokens Attending Rare Tokens": 0.48120133481646277,
    "Rare Document Tokens Attending Rare Query Tokens": 0.48075639599555064,
    "Very Rare Document Tokens Attending Very Rare Query Tokens": 0.47986651835372635,
    "Rare Document Tokens Attending Very Rare Query Tokens": 0.4780867630700778,
    "Very Rare Document Tokens Attending Rare Query Tokens": 0.47497219132369295,
    "Very Rare Document Tokens Attending Query Tokens": 0.4705228031145718,
    "Document Tokens Attending Very Rare Query Tokens": 0.46206896551724136,
    "All Tokens Attending Rare Query Tokens": 0.46073414905450494,
    "Very Rare Tokens Attending Rare Query Tokens": 0.4589543937708565,
    "Rare Tokens Attending Rare Query Tokens": 0.4580645161290322,
    "Document Tokens Attending Rare Query Tokens": 0.45272525027808674,
    "Rare Document Tokens Attending Query Tokens": 0.4522803114571746,
    "Rare Tokens Attending Very Rare Query Tokens": 0.4513904338153503,
    "Rare Tokens Attending Query Tokens": 0.44916573971078977,
    "All Tokens Attending Very Rare Query Tokens": 0.44916573971078977,
    "Very Rare Tokens Attending Query Tokens": 0.4487208008898776,
    "Document Tokens Attending Query Tokens": 0.44382647385984425,
    "All Tokens Attending Query Tokens": 0.4384872080088987,
    "All Tokens Attending Document Tokens": -0.43759733036707454,
    "Document Tokens Attending Document Tokens": -0.43759733036707454,
    "Rare Tokens Attending Document Tokens": -0.435817575083426,
    "Rare Document Tokens Attending Document Tokens": -0.435817575083426,
    "Very Rare Document Tokens Attending Document Tokens": -0.4304783092324805,
    "Very Rare Tokens Attending Document Tokens": -0.4304783092324805,
    "Very Rare Tokens Attending Very Rare Query Tokens": 0.41846496106785314,
    "Document Tokens Attending Very Rare Lexical Match Query Tokens": 0.4166852057842047,
    "Rare Document Tokens Attending Very Rare Lexical Match Query Tokens": 0.4166852057842047,
    "Rare Document Tokens Attending Lexical Match Query Tokens": 0.4166852057842047,
    "Very Rare Document Tokens Attending Lexical Match Query Tokens": 0.4166852057842047,
    "Rare Document Tokens Attending Rare Lexical Match Query Tokens": 0.4166852057842047,
    "Very Rare Document Tokens Attending Very Rare Lexical Match Query Tokens": 0.4166852057842047,
    "Document Tokens Attending Rare Lexical Match Query Tokens": 0.4166852057842047,
    "Very Rare Document Tokens Attending Rare Lexical Match Query Tokens": 0.4166852057842047,
    "Rare Document Tokens Attending Semantic Match Query Tokens": 0.4117908787541713,
    "Document Tokens Attending Semantic Match Query Tokens": 0.4117908787541713,
    "Document Tokens Attending Rare Semantic Match Query Tokens": 0.4117908787541713,
    "Rare Document Tokens Attending Rare Semantic Match Query Tokens": 0.4117908787541713,
    "Very Rare Document Tokens Attending Rare Semantic Match Query Tokens": 0.4024471635150167,
    "Very Rare Document Tokens Attending Semantic Match Query Tokens": 0.4024471635150167,
    "Document Tokens Attending Very Rare Semantic Match Query Tokens": 0.3993325917686318,
    "Rare Document Tokens Attending Very Rare Semantic Match Query Tokens": 0.3993325917686318,
    "Very Rare Document Tokens Attending Very Rare Semantic Match Query Tokens": 0.3984427141268076,
    "Document Tokens Attending Lexical Match Document Tokens": -0.3904338153503893,
    "All Tokens Attending Lexical Match Document Tokens": -0.3904338153503893,
    "Rare Tokens Attending All Tokens": 0.35795328142380417,
    "All Tokens Attending Very Rare Document Tokens": -0.34905450500556173,
    "Document Tokens Attending Very Rare Document Tokens": -0.34905450500556173,
    "Very Rare Tokens Attending All Tokens": 0.3410456062291435,
    "Rare Tokens Attending Semantic Match Query Tokens": 0.33615127919911014,
    "All Tokens Attending Semantic Match Query Tokens": 0.33392658509454953,
    "Document Tokens Attending Lexical Match Tokens": -0.33170189098998887,
    "Rare Tokens Attending Rare Semantic Match Query Tokens": 0.33170189098998887,
    "All Tokens Attending Lexical Match Tokens": -0.33036707452725245,
    "Document Tokens Attending Very Rare Tokens": 0.3290322580645161,
    "All Tokens Attending Rare Semantic Match Query Tokens": 0.32769744160177977,
    "Very Rare Tokens Attending Rare Semantic Match Query Tokens": 0.31746384872080086,
    "Very Rare Tokens Attending Semantic Match Query Tokens": 0.31746384872080086,
    "All Tokens Attending Very Rare Semantic Match Query Tokens": 0.314349276974416,
    "Query Tokens Attending Very Rare Lexical Match Tokens": -0.31345939933259176,
    "Rare Query Tokens Attending Very Rare Lexical Match Tokens": -0.31345939933259176,
    "Very Rare Query Tokens Attending Lexical Match Query Tokens": -0.31345939933259176,
    "Very Rare Query Tokens Attending Lexical Match Tokens": -0.31345939933259176,
    "Very Rare Query Tokens Attending Very Rare Lexical Match Tokens": -0.31345939933259176,
    "Very Rare Query Tokens Attending Rare Lexical Match Query Tokens": -0.31345939933259176,
    "Very Rare Query Tokens Attending Very Rare Lexical Match Query Tokens": -0.31345939933259176,
    "Very Rare Query Tokens Attending Rare Lexical Match Tokens": -0.31345939933259176,
    "Rare Query Tokens Attending Very Rare Lexical Match Query Tokens": -0.31345939933259176,
    "Query Tokens Attending Very Rare Lexical Match Query Tokens": -0.31345939933259176,
    "Rare Tokens Attending Very Rare Semantic Match Query Tokens": 0.3076751946607342,
    "Very Rare Query Tokens Attending Semantic Match Tokens": -0.30055617352614017,
    "Very Rare Query Tokens Attending Semantic Match Query Tokens": -0.30055617352614017,
    "Very Rare Query Tokens Attending Rare Semantic Match Query Tokens": -0.2961067853170189,
    "Very Rare Query Tokens Attending Rare Semantic Match Tokens": -0.2961067853170189,
    "Very Rare Query Tokens Attending Very Rare Tokens": -0.29343715239154616,
    "Very Rare Query Tokens Attending Very Rare Query Tokens": -0.29343715239154616,
    "Rare Document Tokens Attending Very Rare Tokens": 0.2867630700778643,
    "Very Rare Tokens Attending Very Rare Semantic Match Document Tokens": -0.2863181312569522,
    "Rare Query Tokens Attending Very Rare Semantic Match Query Tokens": -0.2863181312569522,
    "Query Tokens Attending Very Rare Semantic Match Query Tokens": -0.2863181312569522,
    "Very Rare Query Tokens Attending Very Rare Semantic Match Query Tokens": -0.2863181312569522,
    "Very Rare Query Tokens Attending Very Rare Semantic Match Tokens": -0.2863181312569522,
    "Rare Query Tokens Attending Very Rare Semantic Match Tokens": -0.2863181312569522,
    "Very Rare Document Tokens Attending Very Rare Semantic Match Document Tokens": -0.2863181312569522,
    "Query Tokens Attending Very Rare Semantic Match Tokens": -0.2863181312569522,
    "Rare Tokens Attending Very Rare Lexical Match Document Tokens": -0.28231368186874306,
    "Very Rare Document Tokens Attending Rare Lexical Match Document Tokens": -0.28231368186874306,
    "Very Rare Tokens Attending Rare Lexical Match Document Tokens": -0.28231368186874306,
    "Document Tokens Attending Very Rare Lexical Match Document Tokens": -0.28231368186874306,
    "Very Rare Tokens Attending Lexical Match Document Tokens": -0.28231368186874306,