{
    "Document Tokens Attending Rare Tokens": -0.8675213675213675,
    "All Tokens Attending Rare Tokens": -0.8577533577533577,
    "Very Rare Tokens Attending Rare Query Tokens": -0.8272283272283273,
    "Rare Document Tokens Attending Rare Tokens": -0.8235653235653235,
    "Rare Tokens Attending Very Rare Query Tokens": -0.8211233211233211,
    "Rare Tokens Attending Rare Query Tokens": -0.8150183150183149,
    "Document Tokens Attending Matching Word Query Tokens": -0.8144078144078144,
    "Very Rare Tokens Attending Very Rare Query Tokens": -0.8125763125763125,
    "Very Rare Document Tokens Attending Rare Tokens": -0.8125763125763125,
    "Rare Tokens Attending Rare Tokens": -0.81013431013431,
    "All Tokens Attending Very Rare Query Tokens": -0.8095238095238095,
    "All Tokens Attending Rare Query Tokens": -0.8028083028083028,
    "Very Rare Document Tokens Attending Rare Query Tokens": -0.8015873015873015,
    "Rare Document Tokens Attending Very Rare Query Tokens": -0.8003663003663004,
    "Very Rare Tokens Attending Rare Tokens": -0.7954822954822955,
    "Very Rare Tokens Attending Query Tokens": -0.7954822954822955,
    "Very Rare Document Tokens Attending Very Rare Query Tokens": -0.7912087912087912,
    "Document Tokens Attending Very Rare Query Tokens": -0.7887667887667887,
    "Rare Document Tokens Attending Rare Query Tokens": -0.7887667887667887,
    "Very Rare Document Tokens Attending All Tokens": -0.788156288156288,
    "Rare Tokens Attending Query Tokens": -0.7844932844932845,
    "Rare Document Tokens Attending All Tokens": -0.7838827838827838,
    "Document Tokens Attending Synonymous Query Tokens": -0.7741147741147741,
    "Rare Document Tokens Attending Rare Synonymous Query Tokens": -0.7722832722832721,
    "Document Tokens Attending Rare Synonymous Query Tokens": -0.7722832722832721,
    "Rare Document Tokens Attending Synonymous Query Tokens": -0.7722832722832721,
    "All Tokens Attending Document Tokens": 0.771062271062271,
    "All Tokens Attending Query Tokens": -0.771062271062271,
    "Document Tokens Attending Document Tokens": 0.771062271062271,
    "Document Tokens Attending Rare Query Tokens": -0.7704517704517704,
    "Very Rare Document Tokens Attending Query Tokens": -0.7673992673992673,
    "Very Rare Document Tokens Attending Rare Synonymous Query Tokens": -0.7643467643467643,
    "Very Rare Document Tokens Attending Synonymous Query Tokens": -0.7643467643467643,
    "Rare Document Tokens Attending Query Tokens": -0.7564102564102564,
    "Document Tokens Attending Rare Matching Word Query Tokens": -0.7557997557997558,
    "Rare Document Tokens Attending Rare Matching Word Query Tokens": -0.7557997557997558,
    "Rare Document Tokens Attending Matching Word Query Tokens": -0.7557997557997558,
    "Document Tokens Attending Very Rare Synonymous Query Tokens": -0.7533577533577533,
    "Rare Document Tokens Attending Very Rare Synonymous Query Tokens": -0.7533577533577533,
    "Very Rare Document Tokens Attending Document Tokens": 0.7521367521367521,
    "Very Rare Tokens Attending Document Tokens": 0.7521367521367521,
    "Rare Tokens Attending Document Tokens": 0.7466422466422465,
    "Rare Document Tokens Attending Document Tokens": 0.7466422466422465,
    "Document Tokens Attending Query Tokens": -0.738095238095238,
    "Very Rare Document Tokens Attending Rare Matching Word Query Tokens": -0.7374847374847374,
    "Very Rare Document Tokens Attending Matching Word Query Tokens": -0.7374847374847374,
    "Very Rare Document Tokens Attending Very Rare Matching Word Query Tokens": -0.7374847374847374,
    "Document Tokens Attending Very Rare Matching Word Query Tokens": -0.7374847374847374,
    "Rare Document Tokens Attending Very Rare Matching Word Query Tokens": -0.7374847374847374,
    "Very Rare Document Tokens Attending Very Rare Synonymous Query Tokens": -0.7368742368742369,
    "All Tokens Attending Synonymous Query Tokens": -0.7161172161172161,
    "All Tokens Attending Rare Synonymous Query Tokens": -0.7032967032967032,
    "Rare Tokens Attending Rare Synonymous Query Tokens": -0.7008547008547008,
    "Rare Tokens Attending Synonymous Query Tokens": -0.7008547008547008,
    "Document Tokens Attending Very Rare Tokens": -0.6892551892551892,
    "Very Rare Tokens Attending All Tokens": -0.6874236874236873,
    "Rare Tokens Attending All Tokens": -0.6813186813186813,
    "Very Rare Tokens Attending Rare Synonymous Query Tokens": -0.68009768009768,
    "Very Rare Tokens Attending Synonymous Query Tokens": -0.68009768009768,
    "Rare Tokens Attending Very Rare Synonymous Query Tokens": -0.6654456654456654,
    "All Tokens Attending Very Rare Synonymous Query Tokens": -0.6654456654456654,
    "Very Rare Tokens Attending Very Rare Synonymous Query Tokens": -0.6452991452991452,
    "All Tokens Attending Very Rare Tokens": -0.6398046398046398,
    "All Tokens Attending Rare Matching Word Query Tokens": -0.6282051282051282,
    "Rare Tokens Attending Rare Matching Word Query Tokens": -0.6282051282051282,
    "Rare Tokens Attending Matching Word Query Tokens": -0.6282051282051282,
    "Rare Tokens Attending Very Rare Matching Word Query Tokens": -0.6105006105006106,
    "Very Rare Tokens Attending Rare Matching Word Query Tokens": -0.6105006105006106,
    "Very Rare Tokens Attending Very Rare Matching Word Query Tokens": -0.6105006105006106,
    "All Tokens Attending Very Rare Matching Word Query Tokens": -0.6105006105006106,
    "Very Rare Tokens Attending Matching Word Query Tokens": -0.6105006105006106,
    "Rare Document Tokens Attending Very Rare Tokens": -0.5873015873015872,
    "Rare Tokens Attending Very Rare Tokens": -0.57997557997558,
    "All Tokens Attending Matching Word Query Tokens": -0.5634920634920634,
    "Very Rare Document Tokens Attending Very Rare Tokens": -0.4517704517704518,
    "Very Rare Tokens Attending Very Rare Tokens": -0.43467643467643463,
    "Rare Tokens Attending Rare Document Tokens": -0.3864468864468864,
    "Rare Document Tokens Attending Rare Document Tokens": -0.3864468864468864,
    "Very Rare Tokens Attending Rare Document Tokens": -0.36324786324786323,
    "Very Rare Document Tokens Attending Rare Document Tokens": -0.36324786324786323,
    "Document Tokens Attending Rare Document Tokens": -0.2948717948717948,
    "All Tokens Attending Rare Document Tokens": -0.2948717948717948,
    "Query Tokens Attending Rare Query Tokens": -0.25824175824175827,
    "Query Tokens Attending Rare Tokens": -0.25824175824175827,
    "Very Rare Document Tokens Attending Very Rare Document Tokens": -0.24175824175824176,
    "Very Rare Tokens Attending Very Rare Document Tokens": -0.24175824175824176,
    "Rare Document Tokens Attending Very Rare Document Tokens": -0.2313797313797314,
    "Rare Tokens Attending Very Rare Document Tokens": -0.2313797313797314,
    "Very Rare Tokens Attending Synonymous Tokens": -0.2264957264957265,
    "Very Rare Tokens Attending Rare Synonymous Tokens": -0.2264957264957265,
    "All Tokens Attending Very Rare Matching Word Tokens": -0.22466422466422467,
    "Very Rare Tokens Attending Rare Matching Word Tokens": -0.22466422466422467,
    "Very Rare Tokens Attending Matching Word Tokens": -0.22466422466422467,
    "Very Rare Tokens Attending Very Rare Matching Word Tokens": -0.22466422466422467,
    "Rare Tokens Attending Very Rare Matching Word Tokens": -0.22466422466422467,
    "Document Tokens Attending Rare Synonymous Tokens": -0.22405372405372403,
    "Rare Document Tokens Attending Rare Synonymous Tokens": -0.22405372405372403,
    "Rare Document Tokens Attending Synonymous Tokens": -0.22405372405372403,
    "Rare Document Tokens Attending Matching Word Tokens": -0.22283272283272282,
    "Rare Document Tokens Attending Rare Matching Word Tokens": -0.22283272283272282,
    "Document Tokens Attending Rare Matching Word Tokens": -0.22283272283272282,
    "Document Tokens Attending Synonymous Tokens": -0.221001221001221,