{
    "Document Tokens Attending Rare Tokens": -0.7686202686202686,
    "All Tokens Attending Rare Tokens": -0.753968253968254,
    "Very Rare Tokens Attending Rare Query Tokens": -0.7289377289377289,
    "Rare Tokens Attending Rare Query Tokens": -0.721001221001221,
    "Very Rare Tokens Attending Query Tokens": -0.7191697191697193,
    "All Tokens Attending Rare Query Tokens": -0.7191697191697193,
    "All Tokens Attending Very Rare Query Tokens": -0.7173382173382172,
    "Rare Tokens Attending Very Rare Query Tokens": -0.7161172161172161,
    "Very Rare Document Tokens Attending Rare Query Tokens": -0.713064713064713,
    "Rare Document Tokens Attending Rare Tokens": -0.7124542124542125,
    "Rare Document Tokens Attending Rare Query Tokens": -0.7094017094017093,
    "Document Tokens Attending Very Rare Query Tokens": -0.7069597069597069,
    "Rare Document Tokens Attending Very Rare Query Tokens": -0.7069597069597069,
    "Rare Tokens Attending Query Tokens": -0.7057387057387058,
    "Very Rare Document Tokens Attending Query Tokens": -0.7039072039072038,
    "Very Rare Tokens Attending Very Rare Query Tokens": -0.702075702075702,
    "Very Rare Document Tokens Attending Document Tokens": 0.6971916971916973,
    "Very Rare Document Tokens Attending Rare Tokens": -0.6971916971916973,
    "Very Rare Tokens Attending Document Tokens": 0.6971916971916973,
    "All Tokens Attending Document Tokens": 0.6959706959706959,
    "All Tokens Attending Query Tokens": -0.6959706959706959,
    "Document Tokens Attending Rare Query Tokens": -0.6959706959706959,
    "Document Tokens Attending Document Tokens": 0.6959706959706959,
    "Rare Tokens Attending Rare Tokens": -0.6935286935286935,
    "Very Rare Document Tokens Attending Very Rare Query Tokens": -0.6929181929181929,
    "Rare Document Tokens Attending Query Tokens": -0.6923076923076923,
    "Rare Tokens Attending Document Tokens": 0.688034188034188,
    "Rare Document Tokens Attending Document Tokens": 0.688034188034188,
    "Very Rare Document Tokens Attending All Tokens": -0.6843711843711844,
    "Document Tokens Attending Matching Word Query Tokens": -0.6837606837606838,
    "Rare Document Tokens Attending All Tokens": -0.6819291819291821,
    "Document Tokens Attending Query Tokens": -0.6752136752136753,
    "Very Rare Tokens Attending Rare Tokens": -0.6746031746031745,
    "Document Tokens Attending Synonymous Query Tokens": -0.6465201465201466,
    "Rare Document Tokens Attending Rare Synonymous Query Tokens": -0.6440781440781441,
    "Document Tokens Attending Rare Synonymous Query Tokens": -0.6440781440781441,
    "Rare Document Tokens Attending Synonymous Query Tokens": -0.6440781440781441,
    "Very Rare Document Tokens Attending Rare Synonymous Query Tokens": -0.6306471306471306,
    "Very Rare Document Tokens Attending Synonymous Query Tokens": -0.6306471306471306,
    "Document Tokens Attending Very Rare Synonymous Query Tokens": -0.6184371184371185,
    "Rare Document Tokens Attending Very Rare Synonymous Query Tokens": -0.6184371184371185,
    "Document Tokens Attending Rare Matching Word Query Tokens": -0.6153846153846154,
    "Rare Document Tokens Attending Rare Matching Word Query Tokens": -0.6153846153846154,
    "Rare Document Tokens Attending Matching Word Query Tokens": -0.6153846153846154,
    "Very Rare Document Tokens Attending Very Rare Synonymous Query Tokens": -0.5989010989010989,
    "Very Rare Document Tokens Attending Rare Matching Word Query Tokens": -0.5921855921855921,
    "Very Rare Document Tokens Attending Matching Word Query Tokens": -0.5921855921855921,
    "Very Rare Document Tokens Attending Very Rare Matching Word Query Tokens": -0.5921855921855921,
    "Document Tokens Attending Very Rare Matching Word Query Tokens": -0.5921855921855921,
    "Rare Document Tokens Attending Very Rare Matching Word Query Tokens": -0.5921855921855921,
    "All Tokens Attending Synonymous Query Tokens": -0.5763125763125762,
    "All Tokens Attending Rare Synonymous Query Tokens": -0.5634920634920634,
    "Rare Tokens Attending Rare Synonymous Query Tokens": -0.5622710622710623,
    "Rare Tokens Attending Synonymous Query Tokens": -0.5622710622710623,
    "Very Rare Tokens Attending All Tokens": -0.5482295482295482,
    "Document Tokens Attending Very Rare Tokens": -0.5482295482295482,
    "Very Rare Tokens Attending Rare Synonymous Query Tokens": -0.5372405372405372,
    "Very Rare Tokens Attending Synonymous Query Tokens": -0.5372405372405372,
    "Rare Tokens Attending All Tokens": -0.5323565323565322,
    "Rare Tokens Attending Very Rare Synonymous Query Tokens": -0.5195360195360195,
    "All Tokens Attending Very Rare Synonymous Query Tokens": -0.5195360195360195,
    "Very Rare Tokens Attending Very Rare Synonymous Query Tokens": -0.49877899877899873,
    "All Tokens Attending Very Rare Tokens": -0.48595848595848595,
    "All Tokens Attending Rare Matching Word Query Tokens": -0.47619047619047616,
    "Rare Tokens Attending Rare Matching Word Query Tokens": -0.47619047619047616,
    "Rare Tokens Attending Matching Word Query Tokens": -0.47619047619047616,
    "Rare Tokens Attending Very Rare Matching Word Query Tokens": -0.4536019536019536,
    "Very Rare Tokens Attending Rare Matching Word Query Tokens": -0.4536019536019536,
    "Very Rare Tokens Attending Very Rare Matching Word Query Tokens": -0.4536019536019536,
    "All Tokens Attending Very Rare Matching Word Query Tokens": -0.4536019536019536,
    "Very Rare Tokens Attending Matching Word Query Tokens": -0.4536019536019536,
    "Rare Document Tokens Attending Very Rare Tokens": -0.4267399267399268,
    "All Tokens Attending Matching Word Query Tokens": -0.4145299145299145,
    "Rare Tokens Attending Very Rare Tokens": -0.41147741147741146,
    "All Tokens Attending Very Rare Document Tokens": 0.3345543345543345,
    "Document Tokens Attending Very Rare Document Tokens": 0.3345543345543345,
    "Very Rare Document Tokens Attending Very Rare Tokens": -0.2741147741147741,
    "Document Tokens Attending Matching Word Document Tokens": 0.2576312576312576,
    "All Tokens Attending Matching Word Document Tokens": 0.2576312576312576,
    "Very Rare Tokens Attending Very Rare Tokens": -0.25702075702075705,
    "Rare Tokens Attending Rare Document Tokens": -0.2344322344322344,
    "Rare Document Tokens Attending Rare Document Tokens": -0.2344322344322344,
    "Very Rare Tokens Attending Rare Document Tokens": -0.20757020757020758,
    "Very Rare Document Tokens Attending Rare Document Tokens": -0.20757020757020758,
    "Query Tokens Attending Very Rare Matching Word Tokens": 0.199023199023199,
    "Rare Query Tokens Attending Very Rare Matching Word Tokens": 0.199023199023199,
    "Very Rare Query Tokens Attending Rare Matching Word Query Tokens": 0.199023199023199,
    "Very Rare Query Tokens Attending Very Rare Matching Word Query Tokens": 0.199023199023199,
    "Query Tokens Attending Very Rare Matching Word Query Tokens": 0.199023199023199,
    "Rare Query Tokens Attending Very Rare Matching Word Query Tokens": 0.199023199023199,
    "Very Rare Query Tokens Attending Matching Word Tokens": 0.199023199023199,
    "Very Rare Query Tokens Attending Matching Word Query Tokens": 0.199023199023199,
    "Very Rare Query Tokens Attending Very Rare Matching Word Tokens": 0.199023199023199,
    "Very Rare Query Tokens Attending Rare Matching Word Tokens": 0.199023199023199,
    "Document Tokens Attending Rare Document Tokens": -0.16788766788766787,
    "All Tokens Attending Rare Document Tokens": -0.16788766788766787,
    "All Tokens Attending Matching Word Tokens": 0.163003663003663,
    "Document Tokens Attending Matching Word Tokens": 0.14774114774114774,
    "Very Rare Query Tokens Attending Very Rare Synonymous Tokens": 0.13553113553113552,
    "Very Rare Query Tokens Attending Very Rare Synonymous Query Tokens": 0.13553113553113552,
    "Very Rare Query Tokens Attending Rare Synonymous Query Tokens": 0.1282051282051282,