{
    "Document Tokens Attending Rare Tokens": -0.884004884004884,
    "All Tokens Attending Rare Tokens": -0.8754578754578756,
    "Rare Document Tokens Attending Rare Tokens": -0.8455433455433455,
    "Very Rare Tokens Attending Rare Query Tokens": -0.8400488400488401,
    "Document Tokens Attending Matching Word Query Tokens": -0.8388278388278387,
    "Rare Tokens Attending Very Rare Query Tokens": -0.8369963369963369,
    "Very Rare Document Tokens Attending Rare Tokens": -0.8345543345543345,
    "Rare Tokens Attending Rare Tokens": -0.8333333333333333,
    "Very Rare Tokens Attending Very Rare Query Tokens": -0.8296703296703296,
    "Rare Tokens Attending Rare Query Tokens": -0.826007326007326,
    "Very Rare Document Tokens Attending All Tokens": -0.8235653235653235,
    "All Tokens Attending Very Rare Query Tokens": -0.8235653235653235,
    "Rare Document Tokens Attending Very Rare Query Tokens": -0.8211233211233211,
    "Very Rare Tokens Attending Rare Tokens": -0.8205128205128205,
    "Very Rare Document Tokens Attending Rare Query Tokens": -0.8144078144078144,
    "Very Rare Document Tokens Attending Very Rare Query Tokens": -0.8137973137973138,
    "All Tokens Attending Rare Query Tokens": -0.8131868131868132,
    "Rare Document Tokens Attending All Tokens": -0.8119658119658119,
    "Document Tokens Attending Very Rare Query Tokens": -0.8028083028083028,
    "Very Rare Tokens Attending Query Tokens": -0.8028083028083028,
    "Rare Document Tokens Attending Rare Query Tokens": -0.8003663003663004,
    "Document Tokens Attending Synonymous Query Tokens": -0.796092796092796,
    "Rare Document Tokens Attending Rare Synonymous Query Tokens": -0.7942612942612942,
    "Document Tokens Attending Rare Synonymous Query Tokens": -0.7942612942612942,
    "Rare Document Tokens Attending Synonymous Query Tokens": -0.7942612942612942,
    "Rare Tokens Attending Query Tokens": -0.7924297924297924,
    "Very Rare Document Tokens Attending Rare Synonymous Query Tokens": -0.7893772893772893,
    "Very Rare Document Tokens Attending Synonymous Query Tokens": -0.7893772893772893,
    "Document Tokens Attending Rare Matching Word Query Tokens": -0.7808302808302808,
    "Rare Document Tokens Attending Rare Matching Word Query Tokens": -0.7808302808302808,
    "Rare Document Tokens Attending Matching Word Query Tokens": -0.7808302808302808,
    "Document Tokens Attending Very Rare Synonymous Query Tokens": -0.7796092796092796,
    "Rare Document Tokens Attending Very Rare Synonymous Query Tokens": -0.7796092796092796,
    "All Tokens Attending Document Tokens": 0.7789987789987789,
    "All Tokens Attending Query Tokens": -0.7789987789987789,
    "Document Tokens Attending Rare Query Tokens": -0.7789987789987789,
    "Document Tokens Attending Document Tokens": 0.7789987789987789,
    "Very Rare Document Tokens Attending Query Tokens": -0.7777777777777777,
    "Rare Document Tokens Attending Query Tokens": -0.7673992673992673,
    "Very Rare Document Tokens Attending Very Rare Synonymous Query Tokens": -0.7643467643467643,
    "Very Rare Document Tokens Attending Rare Matching Word Query Tokens": -0.7637362637362637,
    "Very Rare Document Tokens Attending Matching Word Query Tokens": -0.7637362637362637,
    "Very Rare Document Tokens Attending Very Rare Matching Word Query Tokens": -0.7637362637362637,
    "Document Tokens Attending Very Rare Matching Word Query Tokens": -0.7637362637362637,
    "Rare Document Tokens Attending Very Rare Matching Word Query Tokens": -0.7637362637362637,
    "Very Rare Document Tokens Attending Document Tokens": 0.7521367521367521,
    "Very Rare Tokens Attending Document Tokens": 0.7521367521367521,
    "Document Tokens Attending Query Tokens": -0.7478632478632479,
    "Rare Tokens Attending Document Tokens": 0.7472527472527473,
    "Rare Document Tokens Attending Document Tokens": 0.7472527472527473,
    "All Tokens Attending Synonymous Query Tokens": -0.738095238095238,
    "All Tokens Attending Rare Synonymous Query Tokens": -0.7252747252747253,
    "Rare Tokens Attending Rare Synonymous Query Tokens": -0.7234432234432234,
    "Rare Tokens Attending Synonymous Query Tokens": -0.7234432234432234,
    "Very Rare Tokens Attending All Tokens": -0.7228327228327228,
    "Document Tokens Attending Very Rare Tokens": -0.7197802197802197,
    "Rare Tokens Attending All Tokens": -0.7185592185592186,
    "Very Rare Tokens Attending Rare Synonymous Query Tokens": -0.7063492063492063,
    "Very Rare Tokens Attending Synonymous Query Tokens": -0.7063492063492063,
    "Rare Tokens Attending Very Rare Synonymous Query Tokens": -0.6929181929181929,
    "All Tokens Attending Very Rare Synonymous Query Tokens": -0.6929181929181929,
    "Very Rare Tokens Attending Very Rare Synonymous Query Tokens": -0.6721611721611721,
    "All Tokens Attending Very Rare Tokens": -0.6709401709401709,
    "All Tokens Attending Rare Matching Word Query Tokens": -0.6562881562881562,
    "Rare Tokens Attending Rare Matching Word Query Tokens": -0.6562881562881562,
    "Rare Tokens Attending Matching Word Query Tokens": -0.6562881562881562,
    "Rare Tokens Attending Very Rare Matching Word Query Tokens": -0.6398046398046398,
    "Very Rare Tokens Attending Rare Matching Word Query Tokens": -0.6398046398046398,
    "Very Rare Tokens Attending Very Rare Matching Word Query Tokens": -0.6398046398046398,
    "All Tokens Attending Very Rare Matching Word Query Tokens": -0.6398046398046398,
    "Very Rare Tokens Attending Matching Word Query Tokens": -0.6398046398046398,
    "Rare Document Tokens Attending Very Rare Tokens": -0.6251526251526252,
    "Rare Tokens Attending Very Rare Tokens": -0.6166056166056165,
    "All Tokens Attending Matching Word Query Tokens": -0.5854700854700854,
    "Very Rare Document Tokens Attending Very Rare Tokens": -0.4963369963369963,
    "Very Rare Tokens Attending Very Rare Tokens": -0.478021978021978,
    "Rare Tokens Attending Rare Document Tokens": -0.42124542124542125,
    "Rare Document Tokens Attending Rare Document Tokens": -0.42124542124542125,
    "Very Rare Tokens Attending Rare Document Tokens": -0.39987789987789985,
    "Very Rare Document Tokens Attending Rare Document Tokens": -0.39987789987789985,
    "Document Tokens Attending Rare Document Tokens": -0.32722832722832723,
    "All Tokens Attending Rare Document Tokens": -0.32722832722832723,
    "Very Rare Document Tokens Attending Very Rare Document Tokens": -0.2881562881562881,
    "Very Rare Tokens Attending Very Rare Document Tokens": -0.2881562881562881,
    "Query Tokens Attending Rare Query Tokens": -0.2838827838827839,
    "Query Tokens Attending Rare Tokens": -0.2838827838827839,
    "Rare Document Tokens Attending Very Rare Document Tokens": -0.27838827838827834,
    "Rare Tokens Attending Very Rare Document Tokens": -0.27838827838827834,
    "Very Rare Tokens Attending Synonymous Tokens": -0.27777777777777773,
    "Very Rare Tokens Attending Rare Synonymous Tokens": -0.27777777777777773,
    "All Tokens Attending Very Rare Matching Word Tokens": -0.2771672771672771,
    "Very Rare Tokens Attending Rare Matching Word Tokens": -0.2771672771672771,
    "Very Rare Tokens Attending Matching Word Tokens": -0.2771672771672771,
    "Very Rare Tokens Attending Very Rare Matching Word Tokens": -0.2771672771672771,
    "Rare Tokens Attending Very Rare Matching Word Tokens": -0.2771672771672771,
    "Rare Document Tokens Attending Matching Word Tokens": -0.2741147741147741,
    "Rare Document Tokens Attending Rare Matching Word Tokens": -0.2741147741147741,
    "Document Tokens Attending Rare Matching Word Tokens": -0.2741147741147741,
    "Document Tokens Attending Rare Synonymous Tokens": -0.27350427350427353,
    "Rare Document Tokens Attending Rare Synonymous Tokens": -0.27350427350427353,
    "Rare Document Tokens Attending Synonymous Tokens": -0.27350427350427353,
    "All Tokens Attending Very Rare Synonymous Tokens": -0.27289377289377287,