{
    "Document Tokens Attending Rare Tokens": -0.9042894319980447,
    "All Tokens Attending Rare Tokens": -0.9039841350932513,
    "Rare Document Tokens Attending Rare Tokens": -0.877728601281019,
    "Document Tokens Attending Matching Word Query Tokens": -0.8749809291378785,
    "Rare Tokens Attending Rare Tokens": -0.8710120693755643,
    "Very Rare Tokens Attending Rare Query Tokens": -0.870096178661184,
    "Very Rare Document Tokens Attending Rare Tokens": -0.8685696941372172,
    "Rare Tokens Attending Very Rare Query Tokens": -0.8597160838982086,
    "Very Rare Tokens Attending Very Rare Query Tokens": -0.8591054900886218,
    "Very Rare Tokens Attending Rare Tokens": -0.8581895993742417,
    "Rare Tokens Attending Rare Query Tokens": -0.8578843024694481,
    "All Tokens Attending Very Rare Query Tokens": -0.8468936138968858,
    "All Tokens Attending Rare Query Tokens": -0.8398717850866376,
    "Very Rare Tokens Attending Query Tokens": -0.8310181748476291,
    "Rare Document Tokens Attending Very Rare Query Tokens": -0.828575799609282,
    "Very Rare Document Tokens Attending Rare Query Tokens": -0.8282705027044885,
    "Document Tokens Attending Synonymous Query Tokens": -0.8239963460373809,
    "Rare Document Tokens Attending Rare Synonymous Query Tokens": -0.8221645646086206,
    "Document Tokens Attending Rare Synonymous Query Tokens": -0.8221645646086206,
    "Rare Document Tokens Attending Synonymous Query Tokens": -0.8221645646086206,
    "Very Rare Document Tokens Attending Very Rare Query Tokens": -0.8206380800846537,
    "Rare Tokens Attending Query Tokens": -0.817890407941513,
    "Very Rare Document Tokens Attending Rare Synonymous Query Tokens": -0.8169745172271329,
    "Very Rare Document Tokens Attending Synonymous Query Tokens": -0.8169745172271329,
    "Very Rare Document Tokens Attending All Tokens": -0.8160586265127526,
    "Rare Document Tokens Attending All Tokens": -0.8151427357983724,
    "Document Tokens Attending Rare Matching Word Query Tokens": -0.8148374388935791,
    "Document Tokens Attending Very Rare Query Tokens": -0.8148374388935791,
    "Rare Document Tokens Attending Rare Matching Word Query Tokens": -0.8148374388935791,
    "Rare Document Tokens Attending Matching Word Query Tokens": -0.8148374388935791,
    "Rare Document Tokens Attending Rare Query Tokens": -0.8123950636552318,
    "Document Tokens Attending Very Rare Synonymous Query Tokens": -0.8072050162737441,
    "Rare Document Tokens Attending Very Rare Synonymous Query Tokens": -0.8072050162737441,
    "All Tokens Attending Document Tokens": 0.8062891255593638,
    "All Tokens Attending Query Tokens": -0.8062891255593638,
    "Document Tokens Attending Document Tokens": 0.8062891255593638,
    "Very Rare Document Tokens Attending Rare Matching Word Query Tokens": -0.7995725936539092,
    "Very Rare Document Tokens Attending Matching Word Query Tokens": -0.7995725936539092,
    "Very Rare Document Tokens Attending Very Rare Matching Word Query Tokens": -0.7995725936539092,
    "Document Tokens Attending Very Rare Matching Word Query Tokens": -0.7995725936539092,
    "Rare Document Tokens Attending Very Rare Matching Word Query Tokens": -0.7995725936539092,
    "Very Rare Document Tokens Attending Very Rare Synonymous Query Tokens": -0.7949931400820082,
    "Document Tokens Attending Rare Query Tokens": -0.7934666555580412,
    "All Tokens Attending Synonymous Query Tokens": -0.7910242803196941,
    "All Tokens Attending Rare Synonymous Query Tokens": -0.7812547793663053,
    "Rare Tokens Attending Rare Synonymous Query Tokens": -0.7778965134135779,
    "Rare Tokens Attending Synonymous Query Tokens": -0.7778965134135779,
    "Very Rare Document Tokens Attending Query Tokens": -0.774843544365644,
    "Rare Document Tokens Attending Query Tokens": -0.7693482000793628,
    "Very Rare Document Tokens Attending Document Tokens": 0.7666005279362221,
    "Very Rare Tokens Attending All Tokens": -0.7666005279362221,
    "Very Rare Tokens Attending Document Tokens": 0.7666005279362221,
    "Rare Tokens Attending Document Tokens": 0.7662952310314288,
    "Rare Document Tokens Attending Document Tokens": 0.7662952310314288,
    "Very Rare Tokens Attending Rare Synonymous Query Tokens": -0.7607998867451476,
    "Very Rare Tokens Attending Synonymous Query Tokens": -0.7607998867451476,
    "Document Tokens Attending Very Rare Tokens": -0.7537780579348995,
    "Document Tokens Attending Query Tokens": -0.7522515734109325,
    "Rare Tokens Attending All Tokens": -0.7491986043629985,
    "Rare Tokens Attending Very Rare Synonymous Query Tokens": -0.7455350415054778,
    "All Tokens Attending Very Rare Synonymous Query Tokens": -0.7455350415054778,
    "Very Rare Tokens Attending Very Rare Synonymous Query Tokens": -0.7287437117418407,
    "All Tokens Attending Very Rare Tokens": -0.7241642581699399,
    "All Tokens Attending Rare Matching Word Query Tokens": -0.7150053510261379,
    "Rare Tokens Attending Rare Matching Word Query Tokens": -0.7150053510261379,
    "Rare Tokens Attending Matching Word Query Tokens": -0.7150053510261379,
    "Rare Tokens Attending Very Rare Matching Word Query Tokens": -0.7018775841200219,
    "Very Rare Tokens Attending Rare Matching Word Query Tokens": -0.7018775841200219,
    "Very Rare Tokens Attending Very Rare Matching Word Query Tokens": -0.7018775841200219,
    "All Tokens Attending Very Rare Matching Word Query Tokens": -0.7018775841200219,
    "Very Rare Tokens Attending Matching Word Query Tokens": -0.7018775841200219,
    "Rare Document Tokens Attending Very Rare Tokens": -0.6740955657838227,
    "Rare Tokens Attending Very Rare Tokens": -0.6658525493544009,
    "All Tokens Attending Matching Word Query Tokens": -0.6597466112585328,
    "Very Rare Document Tokens Attending Very Rare Tokens": -0.553197991485637,
    "Very Rare Tokens Attending Very Rare Tokens": -0.5379331462459671,
    "Rare Tokens Attending Rare Document Tokens": -0.4805373281448083,
    "Rare Document Tokens Attending Rare Document Tokens": -0.4805373281448083,
    "Very Rare Tokens Attending Rare Document Tokens": -0.46527248290513845,
    "Very Rare Document Tokens Attending Rare Document Tokens": -0.46527248290513845,
    "Query Tokens Attending Rare Query Tokens": -0.3956647886122437,
    "Query Tokens Attending Rare Tokens": -0.3956647886122437,
    "Document Tokens Attending Rare Document Tokens": -0.36605098884728415,
    "All Tokens Attending Rare Document Tokens": -0.36605098884728415,
    "Very Rare Document Tokens Attending Very Rare Document Tokens": -0.36605098884728415,
    "Very Rare Tokens Attending Very Rare Document Tokens": -0.36605098884728415,
    "Rare Query Tokens Attending Rare Tokens": -0.3568920817034822,
    "Rare Query Tokens Attending Rare Query Tokens": -0.3568920817034822,
    "Document Tokens Attending Rare Synonymous Tokens": -0.35414440956034166,
    "Rare Document Tokens Attending Rare Synonymous Tokens": -0.35414440956034166,
    "Rare Document Tokens Attending Synonymous Tokens": -0.35414440956034166,
    "Very Rare Tokens Attending Synonymous Tokens": -0.3538391126555482,
    "Very Rare Tokens Attending Rare Synonymous Tokens": -0.3538391126555482,
    "Rare Query Tokens Attending Query Tokens": -0.3517020343219944,
    "Rare Query Tokens Attending All Tokens": -0.3517020343219944,
    "Rare Tokens Attending Rare Matching Word Tokens": -0.3510914405124076,
    "Rare Tokens Attending Matching Word Tokens": -0.3510914405124076,
    "All Tokens Attending Rare Matching Word Tokens": -0.3510914405124076,
    "Query Tokens Attending All Tokens": -0.3504808467028208,
    "Document Tokens Attending All Tokens": 0.3504808467028208,
    "Document Tokens Attending Synonymous Tokens": -0.3504808467028208,
    "Query Tokens Attending Query Tokens": -0.3504808467028208,
    "Rare Document Tokens Attending Very Rare Document Tokens": -0.3492596590836472,