{
    "Document Tokens Attending Rare Document Tokens": 0.863054187192118,
    "All Tokens Attending Rare Document Tokens": 0.863054187192118,
    "All Tokens Attending Very Rare Document Tokens": 0.8507389162561575,
    "Document Tokens Attending Very Rare Document Tokens": 0.8507389162561575,
    "Rare Tokens Attending Rare Document Tokens": 0.8463054187192117,
    "Rare Document Tokens Attending Rare Document Tokens": 0.8463054187192117,
    "Very Rare Tokens Attending Rare Document Tokens": 0.8216748768472905,
    "Very Rare Document Tokens Attending Rare Document Tokens": 0.8216748768472905,
    "Document Tokens Attending Rare Tokens": 0.7970443349753693,
    "All Tokens Attending Rare Tokens": 0.7970443349753693,
    "Rare Document Tokens Attending Rare Tokens": 0.792118226600985,
    "Document Tokens Attending Very Rare Tokens": 0.7901477832512314,
    "Very Rare Document Tokens Attending Rare Tokens": 0.7871921182266007,
    "Rare Document Tokens Attending Very Rare Document Tokens": 0.785221674876847,
    "Rare Tokens Attending Very Rare Document Tokens": 0.785221674876847,
    "All Tokens Attending Very Rare Tokens": 0.7788177339901475,
    "Rare Tokens Attending Rare Tokens": 0.7773399014778324,
    "Very Rare Tokens Attending Rare Tokens": 0.7748768472906402,
    "Very Rare Document Tokens Attending Very Rare Tokens": 0.7581280788177337,
    "Rare Tokens Attending Very Rare Tokens": 0.7556650246305417,
    "Rare Document Tokens Attending Very Rare Tokens": 0.7556650246305417,
    "Very Rare Document Tokens Attending Very Rare Document Tokens": 0.7532019704433496,
    "Very Rare Tokens Attending Very Rare Document Tokens": 0.7532019704433496,
    "Very Rare Tokens Attending Very Rare Tokens": 0.7399014778325121,
    "Rare Tokens Attending Rare Semantic Match Document Tokens": 0.682758620689655,
    "Rare Document Tokens Attending Rare Semantic Match Document Tokens": 0.682758620689655,
    "Rare Document Tokens Attending Semantic Match Tokens": 0.6817733990147782,
    "Rare Document Tokens Attending Rare Semantic Match Tokens": 0.6812807881773397,
    "All Tokens Attending Semantic Match Document Tokens": 0.6807881773399013,
    "Document Tokens Attending Semantic Match Document Tokens": 0.6807881773399013,
    "Document Tokens Attending Rare Semantic Match Document Tokens": 0.6793103448275861,
    "Rare Document Tokens Attending Semantic Match Document Tokens": 0.6793103448275861,
    "All Tokens Attending Rare Semantic Match Document Tokens": 0.6793103448275861,
    "Rare Tokens Attending Semantic Match Document Tokens": 0.6793103448275861,
    "Document Tokens Attending Rare Semantic Match Tokens": 0.6778325123152708,
    "Very Rare Document Tokens Attending Rare Semantic Match Document Tokens": 0.6743842364532018,
    "Very Rare Tokens Attending Rare Semantic Match Document Tokens": 0.6743842364532018,
    "Very Rare Document Tokens Attending Semantic Match Document Tokens": 0.6743842364532018,
    "Very Rare Tokens Attending Semantic Match Document Tokens": 0.6743842364532018,
    "Rare Tokens Attending Very Rare Semantic Match Document Tokens": 0.673399014778325,
    "Rare Document Tokens Attending Very Rare Semantic Match Document Tokens": 0.673399014778325,
    "Document Tokens Attending Semantic Match Tokens": 0.6729064039408865,
    "Very Rare Document Tokens Attending Very Rare Semantic Match Tokens": 0.669950738916256,
    "Document Tokens Attending Very Rare Semantic Match Document Tokens": 0.6684729064039406,
    "All Tokens Attending Very Rare Semantic Match Document Tokens": 0.6684729064039406,
    "Rare Tokens Attending Rare Semantic Match Tokens": 0.6635467980295565,
    "Very Rare Document Tokens Attending Rare Semantic Match Tokens": 0.6635467980295565,
    "Very Rare Tokens Attending Very Rare Semantic Match Document Tokens": 0.6625615763546797,
    "Very Rare Document Tokens Attending Very Rare Semantic Match Document Tokens": 0.6625615763546797,
    "Rare Tokens Attending Semantic Match Tokens": 0.6620689655172413,
    "Document Tokens Attending Very Rare Semantic Match Tokens": 0.6620689655172413,
    "All Tokens Attending Rare Semantic Match Tokens": 0.6620689655172413,
    "All Tokens Attending Semantic Match Tokens": 0.6615763546798028,
    "Very Rare Document Tokens Attending Semantic Match Tokens": 0.6591133004926107,
    "Rare Document Tokens Attending Very Rare Semantic Match Tokens": 0.6591133004926107,
    "Very Rare Tokens Attending Semantic Match Tokens": 0.6571428571428569,
    "Very Rare Tokens Attending Rare Semantic Match Tokens": 0.6561576354679801,
    "Very Rare Tokens Attending Very Rare Semantic Match Tokens": 0.6507389162561574,
    "Rare Tokens Attending Very Rare Semantic Match Tokens": 0.6497536945812806,
    "All Tokens Attending Very Rare Semantic Match Tokens": 0.6453201970443349,
    "Rare Document Tokens Attending Lexical Match Tokens": 0.6266009852216747,
    "Document Tokens Attending Rare Lexical Match Tokens": 0.6266009852216747,
    "Rare Document Tokens Attending Rare Lexical Match Tokens": 0.6266009852216747,
    "Very Rare Tokens Attending Rare Query Tokens": 0.6246305418719211,
    "Rare Tokens Attending Rare Query Tokens": 0.6236453201970442,
    "Very Rare Tokens Attending Very Rare Query Tokens": 0.6192118226600983,
    "Rare Tokens Attending Very Rare Query Tokens": 0.6137931034482758,
    "Very Rare Document Tokens Attending Very Rare Lexical Match Tokens": 0.6088669950738915,
    "Very Rare Document Tokens Attending Rare Lexical Match Tokens": 0.6088669950738915,
    "Very Rare Document Tokens Attending Lexical Match Tokens": 0.6088669950738915,
    "Rare Document Tokens Attending Very Rare Lexical Match Tokens": 0.6088669950738915,
    "Document Tokens Attending Very Rare Lexical Match Tokens": 0.6088669950738915,
    "Rare Tokens Attending Semantic Match Query Tokens": 0.6078817733990146,
    "All Tokens Attending Rare Semantic Match Query Tokens": 0.6078817733990146,
    "All Tokens Attending Very Rare Query Tokens": 0.6073891625615763,
    "All Tokens Attending Rare Query Tokens": 0.6019704433497536,
    "Rare Tokens Attending Rare Semantic Match Query Tokens": 0.6014778325123151,
    "All Tokens Attending Semantic Match Query Tokens": 0.6009852216748767,
    "Very Rare Tokens Attending Rare Semantic Match Query Tokens": 0.5999999999999999,
    "Very Rare Tokens Attending Semantic Match Query Tokens": 0.5999999999999999,
    "Rare Tokens Attending Rare Lexical Match Tokens": 0.5970443349753694,
    "All Tokens Attending Rare Lexical Match Tokens": 0.5970443349753694,
    "Rare Tokens Attending Lexical Match Tokens": 0.5970443349753694,
    "Document Tokens Attending Rare Query Tokens": 0.5896551724137931,
    "Rare Tokens Attending Very Rare Semantic Match Query Tokens": 0.588669950738916,
    "All Tokens Attending Very Rare Semantic Match Query Tokens": 0.588669950738916,
    "Rare Document Tokens Attending Rare Query Tokens": 0.5876847290640392,
    "Very Rare Document Tokens Attending Rare Query Tokens": 0.5871921182266009,
    "Document Tokens Attending Very Rare Query Tokens": 0.5857142857142856,
    "Rare Document Tokens Attending Very Rare Query Tokens": 0.580295566502463,
    "Very Rare Document Tokens Attending Very Rare Query Tokens": 0.5783251231527092,
    "All Tokens Attending Rare Lexical Match Document Tokens": 0.5773399014778323,
    "Rare Tokens Attending Lexical Match Document Tokens": 0.5773399014778323,
    "Rare Document Tokens Attending Lexical Match Document Tokens": 0.5773399014778323,
    "Rare Tokens Attending Rare Lexical Match Document Tokens": 0.5773399014778323,
    "Rare Document Tokens Attending Rare Lexical Match Document Tokens": 0.5773399014778323,
    "Document Tokens Attending Rare Lexical Match Document Tokens": 0.5773399014778323,
    "Very Rare Tokens Attending Very Rare Semantic Match Query Tokens": 0.5724137931034481,
    "Very Rare Document Tokens Attending Query Tokens": 0.5660098522167486,