{
    "Document Tokens Attending Rare Document Tokens": 0.8848461986218885,
    "All Tokens Attending Rare Document Tokens": 0.8848461986218885,
    "Document Tokens Attending Rare Tokens": 0.8652477735232698,
    "All Tokens Attending Rare Tokens": 0.8574571692405486,
    "Rare Tokens Attending Rare Document Tokens": 0.8567477939227788,
    "Rare Document Tokens Attending Rare Document Tokens": 0.8567477939227788,
    "Rare Document Tokens Attending Rare Tokens": 0.8515518342979899,
    "All Tokens Attending Very Rare Document Tokens": 0.8505755028280912,
    "Document Tokens Attending Very Rare Document Tokens": 0.8505755028280912,
    "Very Rare Document Tokens Attending Rare Tokens": 0.8383513775051393,
    "Document Tokens Attending Very Rare Tokens": 0.8382531300276859,
    "Rare Tokens Attending Rare Tokens": 0.8381667639556741,
    "Very Rare Tokens Attending Rare Document Tokens": 0.8342840025790828,
    "Very Rare Document Tokens Attending Rare Document Tokens": 0.8342840025790828,
    "All Tokens Attending Very Rare Tokens": 0.8276144357810633,
    "Very Rare Tokens Attending Rare Tokens": 0.8233793806730709,
    "Rare Document Tokens Attending Very Rare Tokens": 0.820145207667691,
    "Rare Document Tokens Attending Very Rare Document Tokens": 0.8103678028368042,
    "Rare Tokens Attending Very Rare Document Tokens": 0.8103678028368042,
    "Rare Tokens Attending Very Rare Tokens": 0.8016272535270184,
    "Very Rare Document Tokens Attending Very Rare Tokens": 0.7856273835817567,
    "Very Rare Tokens Attending Very Rare Tokens": 0.7605722420010351,
    "Rare Document Tokens Attending Rare Query Tokens": 0.7514097117903249,
    "Very Rare Document Tokens Attending Rare Query Tokens": 0.7509884860935472,
    "Document Tokens Attending Rare Query Tokens": 0.7479366496323774,
    "Very Rare Document Tokens Attending Very Rare Document Tokens": 0.7442262336173219,
    "Very Rare Tokens Attending Very Rare Document Tokens": 0.7442262336173219,
    "All Tokens Attending Rare Query Tokens": 0.7423197027662005,
    "Very Rare Tokens Attending Rare Query Tokens": 0.7388986250469871,
    "Rare Tokens Attending Rare Query Tokens": 0.738504830495279,
    "Rare Document Tokens Attending Very Rare Query Tokens": 0.726495898653589,
    "Document Tokens Attending Very Rare Query Tokens": 0.7253584639363202,
    "Very Rare Document Tokens Attending Very Rare Query Tokens": 0.7229081121777727,
    "All Tokens Attending Very Rare Query Tokens": 0.7203941070349492,
    "Rare Tokens Attending Very Rare Query Tokens": 0.7147044470670291,
    "Very Rare Tokens Attending Very Rare Query Tokens": 0.7112985124673048,
    "Document Tokens Attending Semantic Match Query Tokens": 0.7038139574557112,
    "Document Tokens Attending Rare Semantic Match Query Tokens": 0.7027914464241635,
    "Rare Document Tokens Attending Semantic Match Query Tokens": 0.7022557982082586,
    "Rare Document Tokens Attending Rare Semantic Match Query Tokens": 0.7014323457968754,
    "Very Rare Document Tokens Attending Semantic Match Query Tokens": 0.6787818517267967,
    "Very Rare Document Tokens Attending Rare Semantic Match Query Tokens": 0.6780875761930507,
    "All Tokens Attending Rare Semantic Match Query Tokens": 0.6758291928272541,
    "Rare Tokens Attending Semantic Match Query Tokens": 0.674992999069375,
    "Document Tokens Attending Very Rare Semantic Match Query Tokens": 0.6741649803021941,
    "All Tokens Attending Semantic Match Query Tokens": 0.6739908856749957,
    "Rare Document Tokens Attending Very Rare Semantic Match Query Tokens": 0.6737422343182217,
    "Rare Tokens Attending Rare Semantic Match Query Tokens": 0.673136192816788,
    "Rare Document Tokens Attending Lexical Match Query Tokens": 0.6707963697829797,
    "Rare Document Tokens Attending Rare Lexical Match Query Tokens": 0.6707963697829797,
    "Document Tokens Attending Rare Lexical Match Query Tokens": 0.6707963697829797,
    "Very Rare Document Tokens Attending Query Tokens": 0.6705659051352291,
    "Very Rare Document Tokens Attending Very Rare Semantic Match Query Tokens": 0.6646510279372595,
    "Document Tokens Attending Query Tokens": 0.6581361128531141,
    "Rare Document Tokens Attending Query Tokens": 0.6557645995536936,
    "Document Tokens Attending Very Rare Lexical Match Query Tokens": 0.6545600640841922,
    "Rare Document Tokens Attending Very Rare Lexical Match Query Tokens": 0.6545600640841922,
    "Very Rare Document Tokens Attending Lexical Match Query Tokens": 0.6545600640841922,
    "Very Rare Document Tokens Attending Very Rare Lexical Match Query Tokens": 0.6545600640841922,
    "Very Rare Document Tokens Attending Rare Lexical Match Query Tokens": 0.6545600640841922,
    "Rare Document Tokens Attending Semantic Match Tokens": 0.6486148404052342,
    "Rare Document Tokens Attending Rare Semantic Match Tokens": 0.6473152286117925,
    "Document Tokens Attending Rare Semantic Match Tokens": 0.6466029039365213,
    "Very Rare Document Tokens Attending Semantic Match Tokens": 0.6454812487316196,
    "Very Rare Document Tokens Attending Rare Semantic Match Tokens": 0.6445466324109905,
    "Document Tokens Attending Semantic Match Tokens": 0.6430675884852656,
    "Very Rare Tokens Attending Semantic Match Query Tokens": 0.6427029810294069,
    "Very Rare Tokens Attending Rare Semantic Match Query Tokens": 0.6407695210300262,
    "Rare Document Tokens Attending Very Rare Semantic Match Tokens": 0.6390669188509751,
    "Very Rare Document Tokens Attending Document Tokens": -0.638272071475027,
    "Very Rare Tokens Attending Document Tokens": -0.638272071475027,
    "Document Tokens Attending Very Rare Semantic Match Tokens": 0.6371741837895951,
    "All Tokens Attending Very Rare Semantic Match Query Tokens": 0.6359883257194658,
    "Rare Tokens Attending Very Rare Semantic Match Query Tokens": 0.6350894569177883,
    "Document Tokens Attending Lexical Match Query Tokens": 0.6347417016771186,
    "Very Rare Document Tokens Attending Very Rare Semantic Match Tokens": 0.6273837524588821,
    "Rare Tokens Attending Document Tokens": -0.6191440332535882,
    "Rare Document Tokens Attending Document Tokens": -0.6191440332535882,
    "Very Rare Tokens Attending Very Rare Semantic Match Query Tokens": 0.6151732625408273,
    "Very Rare Tokens Attending Query Tokens": 0.613348028775067,
    "All Tokens Attending Query Tokens": 0.6127759051970241,
    "All Tokens Attending Document Tokens": -0.6127636999532158,
    "Document Tokens Attending Document Tokens": -0.6127636999532158,
    "Rare Tokens Attending Query Tokens": 0.6055690518520709,
    "Rare Tokens Attending Semantic Match Tokens": 0.5970102803970408,
    "Rare Tokens Attending Lexical Match Query Tokens": 0.5951791610715714,
    "All Tokens Attending Rare Lexical Match Query Tokens": 0.5951791610715714,
    "Rare Tokens Attending Rare Lexical Match Query Tokens": 0.5951791610715714,
    "All Tokens Attending Rare Semantic Match Tokens": 0.5943440826696016,
    "Rare Tokens Attending Rare Semantic Match Tokens": 0.5941006251675234,
    "Very Rare Tokens Attending Semantic Match Tokens": 0.5911125868998863,
    "All Tokens Attending Semantic Match Tokens": 0.5907074365760822,
    "Very Rare Tokens Attending Rare Semantic Match Tokens": 0.5890974776216582,
    "Rare Tokens Attending Very Rare Semantic Match Tokens": 0.5825661441989951,
    "All Tokens Attending Very Rare Semantic Match Tokens": 0.5801642620247924,
    "Very Rare Tokens Attending Lexical Match Query Tokens": 0.570084240190384,
    "All Tokens Attending Very Rare Lexical Match Query Tokens": 0.570084240190384,
    "Very Rare Tokens Attending Very Rare Lexical Match Query Tokens": 0.570084240190384,
    "Very Rare Tokens Attending Rare Lexical Match Query Tokens": 0.570084240190384,
    "Rare Tokens Attending Very Rare Lexical Match Query Tokens": 0.570084240190384,
    "Very Rare Tokens Attending Very Rare Semantic Match Tokens": 0.5649008268087723,