{
    "Document Tokens Attending Rare Document Tokens": 0.8477338084643273,
    "All Tokens Attending Rare Document Tokens": 0.8477338084643273,
    "All Tokens Attending Very Rare Document Tokens": 0.8281295433361808,
    "Document Tokens Attending Very Rare Document Tokens": 0.8281295433361808,
    "Document Tokens Attending Rare Tokens": 0.8208759477461443,
    "Rare Tokens Attending Rare Document Tokens": 0.8188744696485217,
    "Rare Document Tokens Attending Rare Document Tokens": 0.8188744696485217,
    "All Tokens Attending Rare Tokens": 0.8128594830604241,
    "Document Tokens Attending Very Rare Tokens": 0.7994876530965733,
    "Rare Document Tokens Attending Rare Tokens": 0.7993546158816547,
    "Very Rare Tokens Attending Rare Document Tokens": 0.7912216857635801,
    "Very Rare Document Tokens Attending Rare Document Tokens": 0.7912216857635801,
    "All Tokens Attending Very Rare Tokens": 0.7892297580930308,
    "Rare Tokens Attending Rare Tokens": 0.7864601155448699,
    "Very Rare Document Tokens Attending Rare Tokens": 0.7811968296913632,
    "Rare Document Tokens Attending Very Rare Document Tokens": 0.7773574043718369,
    "Rare Tokens Attending Very Rare Document Tokens": 0.7773574043718369,
    "Very Rare Tokens Attending Rare Tokens": 0.7675448696165789,
    "Rare Document Tokens Attending Very Rare Tokens": 0.765461938392767,
    "Rare Tokens Attending Very Rare Tokens": 0.7485003956477562,
    "Very Rare Document Tokens Attending Very Rare Tokens": 0.7259136107303001,
    "Very Rare Document Tokens Attending Very Rare Document Tokens": 0.7063950193467986,
    "Very Rare Tokens Attending Very Rare Document Tokens": 0.7063950193467986,
    "Very Rare Tokens Attending Very Rare Tokens": 0.7047734685536482,
    "Document Tokens Attending Rare Query Tokens": 0.6964967120841354,
    "All Tokens Attending Rare Query Tokens": 0.6901656764782715,
    "Rare Document Tokens Attending Rare Query Tokens": 0.681760677888701,
    "Very Rare Document Tokens Attending Rare Query Tokens": 0.6778196940736618,
    "Rare Tokens Attending Rare Query Tokens": 0.6699923567760149,
    "Document Tokens Attending Very Rare Query Tokens": 0.6690309412272406,
    "Very Rare Tokens Attending Rare Query Tokens": 0.6679458731626774,
    "All Tokens Attending Very Rare Query Tokens": 0.6647200114215751,
    "Rare Document Tokens Attending Very Rare Query Tokens": 0.649221357312526,
    "Very Rare Document Tokens Attending Very Rare Query Tokens": 0.6401134181559667,
    "Rare Tokens Attending Very Rare Query Tokens": 0.6398573193038055,
    "Very Rare Tokens Attending Very Rare Query Tokens": 0.634477211242159,
    "Document Tokens Attending Query Tokens": 0.6080333958050456,
    "Document Tokens Attending Semantic Match Query Tokens": 0.6075458820547845,
    "Document Tokens Attending Rare Semantic Match Query Tokens": 0.6062996979496267,
    "Rare Document Tokens Attending Semantic Match Query Tokens": 0.6056964866885858,
    "Very Rare Document Tokens Attending Query Tokens": 0.6048443418037757,
    "Rare Document Tokens Attending Rare Semantic Match Query Tokens": 0.6047391794076861,
    "All Tokens Attending Rare Semantic Match Query Tokens": 0.602452389354399,
    "Rare Tokens Attending Semantic Match Query Tokens": 0.6015777448721258,
    "All Tokens Attending Semantic Match Query Tokens": 0.6012045266142932,
    "Rare Tokens Attending Rare Semantic Match Query Tokens": 0.600216709914674,
    "Rare Document Tokens Attending Semantic Match Tokens": 0.5965804628903877,
    "Rare Document Tokens Attending Rare Semantic Match Tokens": 0.5964498519669434,
    "Document Tokens Attending Rare Semantic Match Tokens": 0.5946889725147678,
    "Document Tokens Attending Semantic Match Tokens": 0.5934321246298364,
    "Rare Document Tokens Attending Query Tokens": 0.5919611481135874,
    "Very Rare Document Tokens Attending Semantic Match Tokens": 0.5877766768795551,
    "Very Rare Document Tokens Attending Document Tokens": -0.5874851244686032,
    "Very Rare Tokens Attending Document Tokens": -0.5874851244686032,
    "Very Rare Document Tokens Attending Rare Semantic Match Tokens": 0.5873231444755501,
    "Rare Document Tokens Attending Very Rare Semantic Match Tokens": 0.5815021213656681,
    "Document Tokens Attending Very Rare Semantic Match Tokens": 0.579529262176934,
    "Very Rare Document Tokens Attending Semantic Match Query Tokens": 0.5792476987871765,
    "Very Rare Document Tokens Attending Rare Semantic Match Query Tokens": 0.5784487710558208,
    "Document Tokens Attending Very Rare Semantic Match Query Tokens": 0.5740823338579909,
    "Very Rare Document Tokens Attending Very Rare Semantic Match Tokens": 0.5740602254344747,
    "Rare Document Tokens Attending Very Rare Semantic Match Query Tokens": 0.5736216351274728,
    "Rare Document Tokens Attending Lexical Match Query Tokens": 0.5690941667543901,
    "Rare Document Tokens Attending Rare Lexical Match Query Tokens": 0.5690941667543901,
    "Document Tokens Attending Rare Lexical Match Query Tokens": 0.5690941667543901,
    "Very Rare Tokens Attending Semantic Match Query Tokens": 0.5681906636054102,
    "Very Rare Tokens Attending Rare Semantic Match Query Tokens": 0.5666009083215466,
    "Rare Tokens Attending Document Tokens": -0.5665970039267695,
    "Rare Document Tokens Attending Document Tokens": -0.5665970039267695,
    "Very Rare Document Tokens Attending Very Rare Semantic Match Query Tokens": 0.5633989036734208,
    "All Tokens Attending Query Tokens": 0.5621351414362414,
    "All Tokens Attending Document Tokens": -0.5621214101042947,
    "Document Tokens Attending Document Tokens": -0.5621214101042947,
    "All Tokens Attending Very Rare Semantic Match Query Tokens": 0.5609419447133296,
    "Rare Tokens Attending Very Rare Semantic Match Query Tokens": 0.5601432156459161,
    "Rare Tokens Attending Semantic Match Tokens": 0.5551964203639536,
    "Rare Tokens Attending Rare Semantic Match Tokens": 0.5536605525662557,
    "All Tokens Attending Rare Semantic Match Tokens": 0.5527896674983518,
    "All Tokens Attending Semantic Match Tokens": 0.5510259857278446,
    "Document Tokens Attending Very Rare Lexical Match Query Tokens": 0.5509241472950266,
    "Rare Document Tokens Attending Very Rare Lexical Match Query Tokens": 0.5509241472950266,
    "Very Rare Document Tokens Attending Lexical Match Query Tokens": 0.5509241472950266,
    "Very Rare Document Tokens Attending Very Rare Lexical Match Query Tokens": 0.5509241472950266,
    "Very Rare Document Tokens Attending Rare Lexical Match Query Tokens": 0.5509241472950266,
    "Very Rare Tokens Attending Query Tokens": 0.5497964397327112,
    "Very Rare Tokens Attending Semantic Match Tokens": 0.5450159314724716,
    "Very Rare Tokens Attending Rare Semantic Match Tokens": 0.5436551845590352,
    "Very Rare Tokens Attending Very Rare Semantic Match Query Tokens": 0.5434798577783058,
    "Rare Tokens Attending Query Tokens": 0.5426687803868797,
    "Rare Tokens Attending Very Rare Semantic Match Tokens": 0.536822020591214,
    "All Tokens Attending Very Rare Semantic Match Tokens": 0.5344546879461052,
    "Document Tokens Attending Lexical Match Query Tokens": 0.5331318648871614,
    "Rare Tokens Attending Lexical Match Query Tokens": 0.5316123348612013,
    "All Tokens Attending Rare Lexical Match Query Tokens": 0.5316123348612013,
    "Rare Tokens Attending Rare Lexical Match Query Tokens": 0.5316123348612013,
    "Very Rare Tokens Attending Very Rare Semantic Match Tokens": 0.5243993895647778,
    "Rare Document Tokens Attending Lexical Match Tokens": 0.5153414274386221,
    "Document Tokens Attending Rare Lexical Match Tokens": 0.5153414274386221,
    "Rare Document Tokens Attending Rare Lexical Match Tokens": 0.5153414274386221,
    "Very Rare Document Tokens Attending Semantic Match Document Tokens": 0.5117793604759473,