{
    "All Tokens Attending Very Rare Document Tokens": 0.8285714285714284,
    "Document Tokens Attending Very Rare Document Tokens": 0.8285714285714284,
    "Document Tokens Attending Rare Document Tokens": 0.8241379310344826,
    "All Tokens Attending Rare Document Tokens": 0.8241379310344826,
    "Rare Tokens Attending Rare Document Tokens": 0.8014778325123151,
    "Rare Document Tokens Attending Rare Document Tokens": 0.8014778325123151,
    "Very Rare Tokens Attending Rare Document Tokens": 0.7674876847290638,
    "Very Rare Document Tokens Attending Rare Document Tokens": 0.7674876847290638,
    "Document Tokens Attending Very Rare Tokens": 0.7541871921182264,
    "Document Tokens Attending Rare Tokens": 0.7453201970443348,
    "All Tokens Attending Rare Tokens": 0.7453201970443348,
    "All Tokens Attending Very Rare Tokens": 0.740886699507389,
    "Rare Document Tokens Attending Very Rare Document Tokens": 0.7379310344827585,
    "Rare Tokens Attending Very Rare Document Tokens": 0.7379310344827585,
    "Rare Document Tokens Attending Rare Tokens": 0.7226600985221673,
    "Very Rare Document Tokens Attending Rare Tokens": 0.7147783251231525,
    "Rare Tokens Attending Rare Tokens": 0.7098522167487682,
    "Very Rare Tokens Attending Rare Tokens": 0.7009852216748766,
    "Very Rare Document Tokens Attending Very Rare Document Tokens": 0.6950738916256156,
    "Very Rare Tokens Attending Very Rare Document Tokens": 0.6950738916256156,
    "Rare Tokens Attending Very Rare Tokens": 0.6822660098522165,
    "Rare Document Tokens Attending Very Rare Tokens": 0.6807881773399013,
    "Very Rare Document Tokens Attending Very Rare Tokens": 0.6758620689655171,
    "Very Rare Tokens Attending Very Rare Tokens": 0.6596059113300491,
    "Rare Tokens Attending Rare Semantic Match Document Tokens": 0.6241379310344827,
    "Rare Document Tokens Attending Rare Semantic Match Document Tokens": 0.6241379310344827,
    "All Tokens Attending Semantic Match Document Tokens": 0.6226600985221674,
    "Document Tokens Attending Semantic Match Document Tokens": 0.6226600985221674,
    "Document Tokens Attending Rare Semantic Match Document Tokens": 0.6192118226600983,
    "Rare Document Tokens Attending Semantic Match Document Tokens": 0.6192118226600983,
    "All Tokens Attending Rare Semantic Match Document Tokens": 0.6192118226600983,
    "Rare Tokens Attending Semantic Match Document Tokens": 0.6192118226600983,
    "Rare Tokens Attending Very Rare Semantic Match Document Tokens": 0.6044334975369456,
    "Rare Document Tokens Attending Very Rare Semantic Match Document Tokens": 0.6044334975369456,
    "Very Rare Document Tokens Attending Rare Semantic Match Document Tokens": 0.6024630541871919,
    "Very Rare Tokens Attending Rare Semantic Match Document Tokens": 0.6024630541871919,
    "Very Rare Document Tokens Attending Semantic Match Document Tokens": 0.6024630541871919,
    "Very Rare Tokens Attending Semantic Match Document Tokens": 0.6024630541871919,
    "Rare Document Tokens Attending Semantic Match Tokens": 0.6019704433497536,
    "Very Rare Tokens Attending Very Rare Semantic Match Document Tokens": 0.6014778325123151,
    "Rare Document Tokens Attending Rare Semantic Match Tokens": 0.6014778325123151,
    "Very Rare Document Tokens Attending Very Rare Semantic Match Document Tokens": 0.6014778325123151,
    "Document Tokens Attending Rare Semantic Match Tokens": 0.5970443349753694,
    "Document Tokens Attending Very Rare Semantic Match Document Tokens": 0.5960591133004925,
    "All Tokens Attending Very Rare Semantic Match Document Tokens": 0.5960591133004925,
    "Document Tokens Attending Semantic Match Tokens": 0.5940886699507388,
    "All Tokens Attending Semantic Match Tokens": 0.5911330049261082,
    "Very Rare Document Tokens Attending Very Rare Semantic Match Tokens": 0.5901477832512314,
    "Rare Tokens Attending Rare Semantic Match Tokens": 0.5881773399014777,
    "Rare Tokens Attending Semantic Match Tokens": 0.5857142857142856,
    "All Tokens Attending Rare Semantic Match Tokens": 0.5857142857142856,
    "Very Rare Tokens Attending Rare Semantic Match Tokens": 0.5798029556650245,
    "Very Rare Document Tokens Attending Rare Semantic Match Tokens": 0.5798029556650245,
    "Very Rare Tokens Attending Semantic Match Tokens": 0.5788177339901477,
    "Document Tokens Attending Very Rare Semantic Match Tokens": 0.5773399014778323,
    "Very Rare Tokens Attending Very Rare Semantic Match Tokens": 0.5743842364532018,
    "Rare Tokens Attending Very Rare Semantic Match Tokens": 0.5729064039408865,
    "Very Rare Document Tokens Attending Semantic Match Tokens": 0.5729064039408865,
    "Rare Document Tokens Attending Very Rare Semantic Match Tokens": 0.5729064039408865,
    "All Tokens Attending Very Rare Semantic Match Tokens": 0.567487684729064,
    "Rare Document Tokens Attending Lexical Match Tokens": 0.5492610837438423,
    "Document Tokens Attending Rare Lexical Match Tokens": 0.5492610837438423,
    "Rare Document Tokens Attending Rare Lexical Match Tokens": 0.5492610837438423,
    "All Tokens Attending Very Rare Query Tokens": 0.5423645320197044,
    "Rare Tokens Attending Rare Query Tokens": 0.5408866995073891,
    "All Tokens Attending Rare Query Tokens": 0.5374384236453201,
    "Very Rare Tokens Attending Rare Query Tokens": 0.5359605911330048,
    "All Tokens Attending Rare Lexical Match Document Tokens": 0.5359605911330048,
    "Rare Tokens Attending Lexical Match Document Tokens": 0.5359605911330048,
    "Rare Document Tokens Attending Lexical Match Document Tokens": 0.5359605911330048,
    "Rare Tokens Attending Rare Lexical Match Document Tokens": 0.5359605911330048,
    "Rare Document Tokens Attending Rare Lexical Match Document Tokens": 0.5359605911330048,
    "Document Tokens Attending Rare Lexical Match Document Tokens": 0.5359605911330048,
    "Rare Tokens Attending Rare Lexical Match Tokens": 0.5334975369458127,
    "All Tokens Attending Rare Lexical Match Tokens": 0.5334975369458127,
    "Rare Tokens Attending Lexical Match Tokens": 0.5334975369458127,
    "Document Tokens Attending Rare Query Tokens": 0.5256157635467978,
    "Rare Tokens Attending Very Rare Query Tokens": 0.5241379310344827,
    "Very Rare Document Tokens Attending Very Rare Lexical Match Tokens": 0.5236453201970442,
    "Very Rare Document Tokens Attending Rare Lexical Match Tokens": 0.5236453201970442,
    "Very Rare Document Tokens Attending Lexical Match Tokens": 0.5236453201970442,
    "Rare Document Tokens Attending Very Rare Lexical Match Tokens": 0.5236453201970442,
    "Document Tokens Attending Very Rare Lexical Match Tokens": 0.5236453201970442,
    "Very Rare Tokens Attending Very Rare Query Tokens": 0.5216748768472905,
    "Document Tokens Attending Very Rare Query Tokens": 0.5167487684729063,
    "Rare Tokens Attending Semantic Match Query Tokens": 0.5113300492610836,
    "All Tokens Attending Rare Semantic Match Query Tokens": 0.5113300492610836,
    "Rare Tokens Attending Rare Semantic Match Query Tokens": 0.5059113300492609,
    "Very Rare Tokens Attending Rare Semantic Match Query Tokens": 0.5039408866995072,
    "Very Rare Tokens Attending Semantic Match Query Tokens": 0.5039408866995072,
    "All Tokens Attending Semantic Match Query Tokens": 0.5034482758620689,
    "Rare Document Tokens Attending Rare Query Tokens": 0.5014778325123151,
    "Very Rare Document Tokens Attending Rare Query Tokens": 0.49310344827586194,
    "Very Rare Document Tokens Attending Query Tokens": 0.4921182266009851,
    "Rare Tokens Attending Very Rare Semantic Match Query Tokens": 0.4901477832512314,
    "All Tokens Attending Very Rare Semantic Match Query Tokens": 0.4901477832512314,
    "Rare Document Tokens Attending Query Tokens": 0.4871921182266009,
    "Rare Document Tokens Attending Very Rare Query Tokens": 0.48620689655172405,
    "Very Rare Tokens Attending Very Rare Semantic Match Query Tokens": 0.4773399014778324,