{
    "Very Rare Document Tokens Attending Rare Tokens": 0.8201970443349751,
    "Rare Document Tokens Attending Rare Tokens": 0.8137931034482757,
    "Very Rare Document Tokens Attending Very Rare Tokens": 0.8108374384236452,
    "Very Rare Tokens Attending Rare Tokens": 0.8098522167487683,
    "Rare Document Tokens Attending Very Rare Tokens": 0.7980295566502461,
    "Rare Tokens Attending Rare Tokens": 0.7970443349753693,
    "Very Rare Tokens Attending Rare Document Tokens": 0.7965517241379308,
    "Very Rare Document Tokens Attending Rare Document Tokens": 0.7965517241379308,
    "Very Rare Tokens Attending Very Rare Tokens": 0.793103448275862,
    "Rare Tokens Attending Very Rare Tokens": 0.7926108374384234,
    "Document Tokens Attending Rare Document Tokens": 0.7901477832512314,
    "All Tokens Attending Rare Document Tokens": 0.7901477832512314,
    "Document Tokens Attending Rare Tokens": 0.7842364532019703,
    "All Tokens Attending Rare Tokens": 0.7842364532019703,
    "Rare Tokens Attending Rare Document Tokens": 0.7807881773399012,
    "Rare Document Tokens Attending Rare Document Tokens": 0.7807881773399012,
    "Rare Document Tokens Attending Semantic Match Query Tokens": 0.7546798029556648,
    "Document Tokens Attending Semantic Match Query Tokens": 0.7546798029556648,
    "Document Tokens Attending Rare Semantic Match Query Tokens": 0.7546798029556648,
    "Rare Document Tokens Attending Rare Semantic Match Query Tokens": 0.7546798029556648,
    "Very Rare Document Tokens Attending Semantic Match Query Tokens": 0.7532019704433496,
    "Very Rare Tokens Attending Very Rare Query Tokens": 0.7527093596059112,
    "Rare Tokens Attending Rare Query Tokens": 0.7512315270935959,
    "Very Rare Document Tokens Attending Rare Semantic Match Query Tokens": 0.7507389162561574,
    "Very Rare Tokens Attending Rare Query Tokens": 0.7482758620689655,
    "Rare Tokens Attending Very Rare Query Tokens": 0.7482758620689655,
    "Rare Document Tokens Attending Lexical Match Query Tokens": 0.7458128078817733,
    "Rare Document Tokens Attending Rare Lexical Match Query Tokens": 0.7458128078817733,
    "Document Tokens Attending Rare Lexical Match Query Tokens": 0.7458128078817733,
    "Very Rare Document Tokens Attending Semantic Match Tokens": 0.7433497536945811,
    "Rare Document Tokens Attending Very Rare Semantic Match Tokens": 0.7433497536945811,
    "Very Rare Document Tokens Attending Very Rare Document Tokens": 0.7423645320197043,
    "Very Rare Tokens Attending Very Rare Document Tokens": 0.7423645320197043,
    "Document Tokens Attending Very Rare Semantic Match Tokens": 0.7418719211822659,
    "Very Rare Document Tokens Attending Rare Semantic Match Tokens": 0.740886699507389,
    "Document Tokens Attending Very Rare Semantic Match Query Tokens": 0.740886699507389,
    "Rare Document Tokens Attending Very Rare Semantic Match Query Tokens": 0.740886699507389,
    "All Tokens Attending Very Rare Document Tokens": 0.7403940886699505,
    "Document Tokens Attending Very Rare Document Tokens": 0.7403940886699505,
    "Document Tokens Attending Very Rare Tokens": 0.7403940886699505,
    "All Tokens Attending Very Rare Tokens": 0.7369458128078816,
    "Rare Document Tokens Attending Very Rare Document Tokens": 0.7364532019704432,
    "Rare Tokens Attending Very Rare Document Tokens": 0.7364532019704432,
    "Document Tokens Attending Very Rare Lexical Match Query Tokens": 0.7349753694581279,
    "Rare Document Tokens Attending Very Rare Lexical Match Query Tokens": 0.7349753694581279,
    "Very Rare Document Tokens Attending Lexical Match Query Tokens": 0.7349753694581279,
    "Very Rare Document Tokens Attending Very Rare Lexical Match Query Tokens": 0.7349753694581279,
    "Very Rare Document Tokens Attending Rare Lexical Match Query Tokens": 0.7349753694581279,
    "Very Rare Document Tokens Attending Very Rare Semantic Match Query Tokens": 0.733990147783251,
    "Rare Tokens Attending Semantic Match Query Tokens": 0.7330049261083742,
    "All Tokens Attending Rare Semantic Match Query Tokens": 0.7330049261083742,
    "Very Rare Document Tokens Attending Very Rare Semantic Match Tokens": 0.7315270935960589,
    "Very Rare Document Tokens Attending Very Rare Query Tokens": 0.72807881773399,
    "Very Rare Document Tokens Attending Rare Query Tokens": 0.72807881773399,
    "Rare Document Tokens Attending Semantic Match Tokens": 0.7275862068965516,
    "All Tokens Attending Semantic Match Query Tokens": 0.7270935960591131,
    "Rare Document Tokens Attending Very Rare Query Tokens": 0.7241379310344827,
    "Rare Tokens Attending Rare Semantic Match Query Tokens": 0.7236453201970441,
    "Rare Document Tokens Attending Rare Semantic Match Tokens": 0.7236453201970441,
    "Rare Document Tokens Attending Rare Query Tokens": 0.7231527093596057,
    "Document Tokens Attending Rare Semantic Match Tokens": 0.7216748768472905,
    "Document Tokens Attending Semantic Match Tokens": 0.7216748768472905,
    "Very Rare Tokens Attending Rare Semantic Match Query Tokens": 0.7142857142857141,
    "Very Rare Tokens Attending Semantic Match Query Tokens": 0.7142857142857141,
    "Very Rare Tokens Attending Semantic Match Tokens": 0.7128078817733988,
    "Document Tokens Attending Lexical Match Query Tokens": 0.7113300492610837,
    "Rare Tokens Attending Very Rare Semantic Match Query Tokens": 0.7088669950738915,
    "All Tokens Attending Very Rare Semantic Match Query Tokens": 0.7088669950738915,
    "Very Rare Tokens Attending Rare Semantic Match Tokens": 0.7064039408866993,
    "Very Rare Document Tokens Attending Rare Semantic Match Document Tokens": 0.7049261083743841,
    "Very Rare Tokens Attending Rare Semantic Match Document Tokens": 0.7049261083743841,
    "Very Rare Document Tokens Attending Semantic Match Document Tokens": 0.7049261083743841,
    "Very Rare Tokens Attending Semantic Match Document Tokens": 0.7049261083743841,
    "Rare Tokens Attending Very Rare Semantic Match Tokens": 0.7039408866995073,
    "Rare Tokens Attending Very Rare Semantic Match Document Tokens": 0.702463054187192,
    "Rare Document Tokens Attending Very Rare Semantic Match Document Tokens": 0.702463054187192,
    "All Tokens Attending Semantic Match Tokens": 0.7019704433497536,
    "All Tokens Attending Very Rare Semantic Match Tokens": 0.7014778325123151,
    "Very Rare Tokens Attending Very Rare Semantic Match Tokens": 0.7014778325123151,
    "Rare Tokens Attending Semantic Match Tokens": 0.7009852216748766,
    "All Tokens Attending Very Rare Query Tokens": 0.7009852216748766,
    "All Tokens Attending Rare Semantic Match Tokens": 0.7009852216748766,
    "Rare Tokens Attending Rare Semantic Match Tokens": 0.7,
    "Document Tokens Attending Very Rare Semantic Match Document Tokens": 0.6990147783251229,
    "All Tokens Attending Very Rare Semantic Match Document Tokens": 0.6990147783251229,
    "All Tokens Attending Rare Query Tokens": 0.6990147783251229,
    "Very Rare Tokens Attending Very Rare Semantic Match Query Tokens": 0.692118226600985,
    "Very Rare Document Tokens Attending Query Tokens": 0.692118226600985,
    "All Tokens Attending Semantic Match Document Tokens": 0.6916256157635466,
    "Document Tokens Attending Semantic Match Document Tokens": 0.6916256157635466,
    "Document Tokens Attending Rare Semantic Match Document Tokens": 0.6901477832512314,
    "Rare Document Tokens Attending Semantic Match Document Tokens": 0.6901477832512314,
    "All Tokens Attending Rare Semantic Match Document Tokens": 0.6901477832512314,
    "Rare Tokens Attending Semantic Match Document Tokens": 0.6901477832512314,
    "Document Tokens Attending Rare Query Tokens": 0.6876847290640392,